item,week,y_true,y_pred
깐양파,2023-01-03,2098.090277777778,2138.959203374287
깐양파,2023-01-10,2113.1631037212983,2264.835821924423
깐양파,2023-01-17,2093.8783570300156,2204.792504303116
깐양파,2023-01-24,2097.312641937926,2071.560355332327
깐양파,2023-01-31,2125.831087151842,2035.6097984908697
깐양파,2023-02-07,2135.7902197023386,2097.699432035464
깐양파,2023-02-14,2227.968696835658,2142.6506714916272
깐양파,2023-02-21,2423.6187845303866,2233.644061513833
깐양파,2023-02-28,2469.5287539936103,2295.078599221757
깐양파,2023-03-07,2489.8793818318886,2394.4320284019864
깐양파,2023-03-14,2195.886716115981,2409.7176317211292
깐양파,2023-03-21,2314.358108108108,2143.0426458281827
깐양파,2023-03-28,2175.426021098188,2243.714072995103
깐양파,2023-04-04,2402.8834649437663,2125.6985276599307
깐양파,2023-04-11,2157.2385088671736,2321.846556403398
깐양파,2023-04-18,1751.2331838565021,2217.2820959251685
깐양파,2023-04-25,1775.2980819077243,1752.1132946114658
깐양파,2023-05-02,1880.737927292458,1764.647845108827
깐양파,2023-05-09,1750.7488479262672,1795.5621010551897
깐양파,2023-05-16,1780.9238152369526,1712.3227841727544
깐양파,2023-05-23,1833.5881753312947,1760.8168385620363
깐양파,2023-05-30,1764.075382803298,1816.3751055452708
깐양파,2023-06-06,1672.8088701161562,1749.0842446119725
깐양파,2023-06-13,1663.8476755687439,1645.684629629889
깐양파,2023-06-20,1696.4966195451752,1636.3951804980343
깐양파,2023-06-27,1537.6027124052653,1735.5117997874024
깐양파,2023-07-04,1728.8420146362462,1537.5696088459208
깐양파,2023-07-11,1821.5576171875,1668.0555604211424
깐양파,2023-07-18,1892.487684729064,1742.5108915133096
깐양파,2023-07-25,1858.9125295508275,1902.5443232845653
깐양파,2023-08-01,1693.0440470998692,1890.956039362719
깐양파,2023-08-08,1773.5279805352798,1753.4185257706358
깐양파,2023-08-15,1646.7402845614781,1803.6073935797651
깐양파,2023-08-22,1648.0169971671387,1681.220588564736
깐양파,2023-08-29,1700.4724017901542,1651.823906021369
깐양파,2023-09-05,1919.3827160493827,1698.704450428593
깐양파,2023-09-12,1821.0662460567823,1871.3946364463804
깐양파,2023-09-19,1966.3341645885287,1802.4289362871632
깐양파,2023-09-26,1684.2613009922823,1883.4573746391434
깐양파,2023-10-03,1696.5718453683444,1726.3132896735626
깐양파,2023-10-10,1701.7332328560663,1696.5462612192514
깐양파,2023-10-17,1710.7775377969763,1694.8485455453301
깐양파,2023-10-24,1809.1166936790924,1701.944821265784
깐양파,2023-10-31,1739.3224699828475,1765.768942387392
깐양파,2023-11-07,1777.7449324324325,1688.8292540545679
깐양파,2023-11-14,1674.8314606741574,1752.4074460516567
깐양파,2023-11-21,1784.02394106814,1651.667327453911
깐양파,2023-11-28,1715.8847736625514,1792.601399245505
깐양파,2023-12-05,1754.0241448692152,1702.9451313380055
깐양파,2023-12-12,1632.605633802817,1757.690899502753
깐양파,2023-12-19,1739.819944598338,1654.1312632146703
깐양파,2023-12-26,1637.466307277628,1730.625946313531
깐쪽파,2023-01-03,5879.293551807063,5660.062945897049
깐쪽파,2023-01-10,7674.7273836368495,6130.78324931454
깐쪽파,2023-01-17,7165.784089701349,7410.199753999848
깐쪽파,2023-01-24,4929.19715197643,6693.034137339127
깐쪽파,2023-01-31,5178.429004237501,5210.055363540699
깐쪽파,2023-02-07,5087.923301474906,4982.999639613562
깐쪽파,2023-02-14,3945.9694172172517,5425.75280867423
깐쪽파,2023-02-21,4175.411064328819,4452.858584383366
깐쪽파,2023-02-28,3566.063401707724,4294.072242366359
깐쪽파,2023-03-07,2617.754805730879,3904.3928650820485
깐쪽파,2023-03-14,2876.663212934628,2693.6398668070824
깐쪽파,2023-03-21,2545.59326305639,3101.9558707418396
깐쪽파,2023-03-28,3373.9756374348076,2706.072304044893
깐쪽파,2023-04-04,2777.623854654611,3657.9891198569094
깐쪽파,2023-04-11,4210.1142358904635,2876.8529966631977
깐쪽파,2023-04-18,5151.780099909098,4153.8514704780755
깐쪽파,2023-04-25,8598.435746957797,5389.701898362066
깐쪽파,2023-05-02,6426.833180568286,8034.341304704409
깐쪽파,2023-05-09,5399.088869557255,5773.659204629243
깐쪽파,2023-05-16,5372.183579414526,5707.246353189378
깐쪽파,2023-05-23,6643.199875742261,5803.217575201756
깐쪽파,2023-05-30,7708.2188117488,6453.25096517122
깐쪽파,2023-06-06,9891.259229328141,7420.1784337892295
깐쪽파,2023-06-13,9612.66977464362,9512.09042794566
깐쪽파,2023-06-20,8087.820369601992,8637.201203385654
깐쪽파,2023-06-27,8155.600218013354,7958.916444974321
깐쪽파,2023-07-04,10631.694480856142,8060.179627978193
깐쪽파,2023-07-11,14569.65820395052,9118.928240280755
깐쪽파,2023-07-18,14413.940493256487,10409.02211263014
깐쪽파,2023-07-25,15920.181418671475,12830.026255715815
깐쪽파,2023-08-01,15591.719072418198,14506.873929848649
깐쪽파,2023-08-08,15946.277410012412,14340.448272842756
깐쪽파,2023-08-15,11414.939185616076,14120.45897635118
깐쪽파,2023-08-22,8532.955941364344,9617.297962895918
깐쪽파,2023-08-29,7659.329975774576,9034.352396688402
깐쪽파,2023-09-05,7363.603356565233,7673.545838087409
깐쪽파,2023-09-12,6799.653550602761,6825.3814860585835
깐쪽파,2023-09-19,11957.840494688442,6707.7755314660335
깐쪽파,2023-09-26,12327.255551819651,8603.779092910263
깐쪽파,2023-10-03,10906.105083559367,9859.11964288896
깐쪽파,2023-10-10,6263.62830211401,9673.826337449225
깐쪽파,2023-10-17,5287.108427561234,5633.092409530579
깐쪽파,2023-10-24,4410.253316796332,5383.150900048208
깐쪽파,2023-10-31,4642.02026509063,4702.83320298381
깐쪽파,2023-11-07,6697.493142287472,4433.235152648015
깐쪽파,2023-11-14,7893.707954648653,5778.950120002521
깐쪽파,2023-11-21,7921.090252707581,6617.088766005495
깐쪽파,2023-11-28,8396.525624263904,6998.973067173279
깐쪽파,2023-12-05,8486.74322022307,7909.576833766933
깐쪽파,2023-12-12,7421.603571810501,7964.115480322168
깐쪽파,2023-12-19,7215.466787885675,7100.880948250039
깐쪽파,2023-12-26,7028.995046707224,7073.61702826328
깻잎(일반),2023-01-03,9264.915508350312,10251.453184260163
깻잎(일반),2023-01-10,11502.321044778162,8509.407320585782
깻잎(일반),2023-01-17,10488.10594103163,9711.269057621059
깻잎(일반),2023-01-24,8753.26043667713,8617.67297865867
깻잎(일반),2023-01-31,6865.064962926916,7485.013601577857
깻잎(일반),2023-02-07,7644.675170897768,6174.876940157741
깻잎(일반),2023-02-14,9594.725058263713,6891.198139751626
깻잎(일반),2023-02-21,10053.71250726769,8725.058609325417
깻잎(일반),2023-02-28,6533.637889754245,8275.285124584268
깻잎(일반),2023-03-07,5187.117179942861,5952.576063444358
깻잎(일반),2023-03-14,5762.469308936796,5153.306084388475
깻잎(일반),2023-03-21,6715.136444480471,5861.441815006675
깻잎(일반),2023-03-28,6512.513288810141,6062.182084462979
깻잎(일반),2023-04-04,7415.133910751814,6381.675085126405
깻잎(일반),2023-04-11,7188.137936170312,6982.083157267961
깻잎(일반),2023-04-18,7058.986544784647,7107.378394936675
깻잎(일반),2023-04-25,8881.72082550232,6814.418550351527
깻잎(일반),2023-05-02,8797.802564116131,8255.871627270728
깻잎(일반),2023-05-09,6766.54542771453,8638.26638585854
깻잎(일반),2023-05-16,5084.489719575005,6916.937110675589
깻잎(일반),2023-05-23,5349.279936114633,5302.219805108453
깻잎(일반),2023-05-30,5552.947854140359,5434.279299943442
깻잎(일반),2023-06-06,4567.771071342284,5420.901712684438
깻잎(일반),2023-06-13,4344.076537130577,4845.922661103016
깻잎(일반),2023-06-20,3945.430401697027,4626.960396069281
깻잎(일반),2023-06-27,4947.474040499971,4447.314873095969
깻잎(일반),2023-07-04,5731.522344828248,5101.959152064804
깻잎(일반),2023-07-11,10801.521569121436,5941.066091158842
깻잎(일반),2023-07-18,11799.06241614894,8564.850184835672
깻잎(일반),2023-07-25,9398.460957591184,10574.145822929373
깻잎(일반),2023-08-01,9560.375245475294,8947.775921893786
깻잎(일반),2023-08-08,10550.444359367024,10175.281041512813
깻잎(일반),2023-08-15,9216.885716576307,9357.591778942644
깻잎(일반),2023-08-22,9804.230197238956,8374.029137882704
깻잎(일반),2023-08-29,11331.824731193901,8985.42665846208
깻잎(일반),2023-09-05,10939.518968888364,10348.745990470396
깻잎(일반),2023-09-12,9859.441641691252,8453.042731868862
깻잎(일반),2023-09-19,12894.263258947256,7153.445438405192
깻잎(일반),2023-09-26,9347.249903344287,10054.141152454473
깻잎(일반),2023-10-03,7939.170486470502,7644.4315001762825
깻잎(일반),2023-10-10,6496.932492035684,7221.154411393177
깻잎(일반),2023-10-17,6562.948032097822,6588.162816922695
깻잎(일반),2023-10-24,5510.725651155853,6448.177327192051
깻잎(일반),2023-10-31,4087.9447692293575,5580.562142795445
깻잎(일반),2023-11-07,6156.694964137762,4482.356057222785
깻잎(일반),2023-11-14,6327.477647435458,5959.399716892579
깻잎(일반),2023-11-21,5574.948446710018,6399.736963021159
깻잎(일반),2023-11-28,5979.112327605421,5645.93447211009
깻잎(일반),2023-12-05,5727.989794299614,6730.855510659264
깻잎(일반),2023-12-12,10932.868611569063,6548.16367277168
깻잎(일반),2023-12-19,17952.39840867701,11972.904232866953
깻잎(일반),2023-12-26,10472.373674712384,15656.325777787912
노랑파프리카,2023-01-03,6418.763506836224,6024.333518520169
노랑파프리카,2023-01-10,6873.833466507862,6703.713098449135
노랑파프리카,2023-01-17,8532.501812114499,7064.843346508694
노랑파프리카,2023-01-24,7882.93365508689,7694.75723851828
노랑파프리카,2023-01-31,5692.290893989947,6750.36331751389
노랑파프리카,2023-02-07,4910.872307427193,5227.953977927683
노랑파프리카,2023-02-14,5066.793658092009,5361.928570238255
노랑파프리카,2023-02-21,6800.703845923595,5368.7183496344005
노랑파프리카,2023-02-28,5451.977626557943,5907.574464067987
노랑파프리카,2023-03-07,5310.669490821497,4750.181225012745
노랑파프리카,2023-03-14,5685.00112973325,4725.210547000868
노랑파프리카,2023-03-21,3882.160140988223,4976.2668778290945
노랑파프리카,2023-03-28,3486.8547055932863,3505.5927690138765
노랑파프리카,2023-04-04,4076.168509008617,3614.140356824969
노랑파프리카,2023-04-11,3703.003323247855,3973.2926331113326
노랑파프리카,2023-04-18,2904.4944844561946,3507.46087190945
노랑파프리카,2023-04-25,3054.7714169517476,2878.2931048603587
노랑파프리카,2023-05-02,3506.1212518546636,2956.9525549214786
노랑파프리카,2023-05-09,5302.895220588235,3583.993847942944
노랑파프리카,2023-05-16,3614.403849747711,4280.488624352723
노랑파프리카,2023-05-23,3258.566298790879,3162.9796272099447
노랑파프리카,2023-05-30,3007.092926819636,2964.6179420259073
노랑파프리카,2023-06-06,2328.762981931996,2579.705203229236
노랑파프리카,2023-06-13,2121.9843479569568,2223.849526382985
노랑파프리카,2023-06-20,1869.076923076923,2164.3174197937533
노랑파프리카,2023-06-27,1654.472884752117,1948.0840591698882
노랑파프리카,2023-07-04,1318.598581953394,1803.770457069975
노랑파프리카,2023-07-11,3335.4904329031847,1581.0307550180776
노랑파프리카,2023-07-18,2726.249638177741,3194.6773369554794
노랑파프리카,2023-07-25,2506.768846266721,2853.4743197614152
노랑파프리카,2023-08-01,3222.668119363235,2948.6698832209786
노랑파프리카,2023-08-08,7481.019830028328,3384.7293084144135
노랑파프리카,2023-08-15,5946.486256412554,7463.633745925162
노랑파프리카,2023-08-22,5208.933655155341,5245.2266548810985
노랑파프리카,2023-08-29,6062.315215514309,5241.602315219744
노랑파프리카,2023-09-05,6184.559247636645,6146.065619910929
노랑파프리카,2023-09-12,4016.048121666099,4840.732565954257
노랑파프리카,2023-09-19,3295.29864333118,3184.830341352748
노랑파프리카,2023-09-26,4550.555626844604,3213.5056330727507
노랑파프리카,2023-10-03,4652.935035734361,4157.022685405845
노랑파프리카,2023-10-10,3972.7527207289554,4052.291399345044
노랑파프리카,2023-10-17,5089.394259499592,3546.5839615849186
노랑파프리카,2023-10-24,3359.5550144429326,4194.182764370455
노랑파프리카,2023-10-31,2143.665905052044,2866.1575995851
노랑파프리카,2023-11-07,2291.2690163469715,1909.7483448165617
노랑파프리카,2023-11-14,2150.413881748072,2293.5819530628705
노랑파프리카,2023-11-21,2109.7808420551364,2261.257220957732
노랑파프리카,2023-11-28,2686.418794794173,2366.5761882985025
노랑파프리카,2023-12-05,3107.5907695229653,2914.2232606892926
노랑파프리카,2023-12-12,3988.8278145695363,3662.1577430929074
노랑파프리카,2023-12-19,6227.9209417004695,4483.560378934177
노랑파프리카,2023-12-26,6277.539820087481,6205.221255515921
녹광,2023-01-03,5039.999363523534,5761.016119708328
녹광,2023-01-10,5372.511382773031,5986.727397854594
녹광,2023-01-17,8008.887523677879,6292.632274845059
녹광,2023-01-24,7510.564493629685,7973.202130108519
녹광,2023-01-31,10122.17503796614,6841.081274922761
녹광,2023-02-07,13480.656664268832,8007.942037566965
녹광,2023-02-14,12710.325267359913,9807.771167117451
녹광,2023-02-21,9179.030878646021,9206.92030654695
녹광,2023-02-28,7371.205173124485,6643.886847932431
녹광,2023-03-07,7310.751697163152,6095.773560418197
녹광,2023-03-14,3859.011134566828,5999.907076193318
녹광,2023-03-21,4604.466256516226,3743.5931544366326
녹광,2023-03-28,5541.3033735332465,4112.576597114078
녹광,2023-04-04,8718.359924200746,4585.083516934414
녹광,2023-04-11,5076.601941747573,6812.647987518221
녹광,2023-04-18,4208.034780334728,3395.4282846002275
녹광,2023-04-25,4964.639902790111,3709.4822677795464
녹광,2023-05-02,6738.406854231794,4448.653369978732
녹광,2023-05-09,5209.38664125444,5786.365402039346
녹광,2023-05-16,3865.395046464324,3824.3239180132896
녹광,2023-05-23,4603.977677066557,3434.057849424212
녹광,2023-05-30,4060.281695833165,3751.218173617293
녹광,2023-06-06,4079.7455493219068,3363.6139741242055
녹광,2023-06-13,5044.324480847191,3739.529014737573
녹광,2023-06-20,3979.6664315645357,4260.129836283982
녹광,2023-06-27,3512.2518615497916,3576.9857752863254
녹광,2023-07-04,4079.0885621772995,3376.6021484885273
녹광,2023-07-11,5371.511171830241,3907.5964199685777
녹광,2023-07-18,2946.31891019627,4937.508078472035
녹광,2023-07-25,4355.268951346591,3155.471351576263
녹광,2023-08-01,6390.174679053546,4086.489503469223
녹광,2023-08-08,2346.1741764280164,5814.513232540359
녹광,2023-08-15,3582.7730748225013,2795.067794924955
녹광,2023-08-22,3425.484238967277,4250.373182320103
녹광,2023-08-29,4272.374542011445,3681.479958388305
녹광,2023-09-05,5795.806409644824,4388.127254660302
녹광,2023-09-12,4530.635780698942,4985.784332654472
녹광,2023-09-19,6476.628063943162,3452.1644146752005
녹광,2023-09-26,5391.148135791142,5413.961142777514
녹광,2023-10-03,5635.363962132962,4188.072370834487
녹광,2023-10-10,5384.818805093046,4776.639347331487
녹광,2023-10-17,4491.483907718599,4493.567969986458
녹광,2023-10-24,4664.393719806763,3677.3867361578273
녹광,2023-10-31,3714.3864500518494,3800.335724225048
녹광,2023-11-07,4022.182711342474,2900.025929518466
녹광,2023-11-14,2637.047102995136,3163.11865170228
녹광,2023-11-21,2769.1191378114495,2240.0580192920143
녹광,2023-11-28,3009.8763387435133,2525.676443493351
녹광,2023-12-05,2312.8699008552185,2706.7130817419384
녹광,2023-12-12,2598.826597131682,2457.4812418661236
녹광,2023-12-19,2831.835129189814,2951.9779637733072
녹광,2023-12-26,4648.619614404685,3081.4426063298947
뉴그린,2023-01-03,2371.7665615141955,4254.211800642615
뉴그린,2023-01-10,3061.654135338346,2750.452042722651
뉴그린,2023-01-17,2166.6313559322034,3877.945951332844
뉴그린,2023-01-24,2953.75,2403.1026868192857
뉴그린,2023-01-31,4342.148760330579,3258.338806516448
뉴그린,2023-02-07,4072.912205567452,3515.2861233675703
뉴그린,2023-02-14,3410.331632653061,3448.502283999646
뉴그린,2023-02-21,5677.351485148515,3419.0411534877076
뉴그린,2023-02-28,3277.4373259052923,4651.631183656615
뉴그린,2023-03-07,3666.25,3744.1810337243114
뉴그린,2023-03-14,2865.1869158878503,3410.1955320069974
뉴그린,2023-03-21,3698.5227272727275,3195.6748914423915
뉴그린,2023-03-28,2402.772643253235,3636.3181511002313
뉴그린,2023-04-04,3117.558886509636,2534.5744304206314
뉴그린,2023-04-11,3656.08228980322,3446.5836505798334
뉴그린,2023-04-18,2895.7954545454545,3297.6331491786646
뉴그린,2023-04-25,4199.64200477327,3337.0154405330923
뉴그린,2023-05-02,2653.4188034188032,3901.717488186958
뉴그린,2023-05-09,3788.2242990654204,2917.955996857844
뉴그린,2023-05-16,2768.9799331103677,3631.932906053154
뉴그린,2023-05-23,3100.8571428571427,2713.391479642672
뉴그린,2023-05-30,4232.051282051282,3374.257627267757
뉴그린,2023-06-06,4301.914893617021,4145.835133079009
뉴그린,2023-06-13,6691.851851851852,3980.55892913404
뉴그린,2023-06-20,5865.871121718377,6363.965849358627
뉴그린,2023-06-27,4923.887240356083,5429.896715727996
뉴그린,2023-07-04,5771.881390593047,4928.213328581282
뉴그린,2023-07-11,6794.92119089317,4762.750742186786
뉴그린,2023-07-18,14216.161616161617,5847.02630539379
뉴그린,2023-07-25,14100.0,12630.528302467841
뉴그린,2023-08-01,9230.37037037037,9877.08728826783
뉴그린,2023-08-08,5660.406698564593,6772.419703419994
뉴그린,2023-08-15,6090.09009009009,4943.506831327669
뉴그린,2023-08-22,5660.045662100457,6026.580515121022
뉴그린,2023-08-29,8992.628774422736,5444.68065077915
뉴그린,2023-09-05,7473.684210526316,7086.238493569077
뉴그린,2023-09-12,13139.823008849558,5331.545560252168
뉴그린,2023-09-19,9861.290322580646,8851.492255143361
뉴그린,2023-09-26,7002.991452991453,5554.8228563352
뉴그린,2023-10-03,7904.123711340206,5924.095369901673
뉴그린,2023-10-10,6390.771028037383,6431.931136541252
뉴그린,2023-10-17,4047.4332648870636,5638.7872397570945
뉴그린,2023-10-24,4199.477806788512,3448.293794075634
뉴그린,2023-10-31,4353.571428571428,3795.0249792771697
뉴그린,2023-11-07,3113.95881006865,3876.831580614388
뉴그린,2023-11-14,6094.159544159545,3186.2620616702184
뉴그린,2023-11-21,5198.320413436692,5089.960573823738
뉴그린,2023-11-28,3007.0291777188327,4502.065921818711
뉴그린,2023-12-05,3715.6695156695155,3601.7835284663493
뉴그린,2023-12-12,3342.628205128205,4033.2655538267527
뉴그린,2023-12-19,10093.650793650793,3644.4579644939113
뉴그린,2023-12-26,7673.993288590604,7741.080977250554
느타리버섯(일반),2023-01-03,3317.5477122921207,3344.8628979883324
느타리버섯(일반),2023-01-10,5425.530504179546,3611.532406813904
느타리버섯(일반),2023-01-17,2423.8704442425333,4729.246459706272
느타리버섯(일반),2023-01-24,3437.632728450502,2481.617972501878
느타리버섯(일반),2023-01-31,2532.861361399258,3196.2549301066515
느타리버섯(일반),2023-02-07,2928.590181790102,2392.2906016526804
느타리버섯(일반),2023-02-14,2992.126706535465,3089.3546922050755
느타리버섯(일반),2023-02-21,2911.7412977982876,2964.8421556656904
느타리버섯(일반),2023-02-28,2754.2920979760647,2901.717143516698
느타리버섯(일반),2023-03-07,2966.4503473641194,2661.887447295882
느타리버섯(일반),2023-03-14,2765.347337826356,2948.346151369472
느타리버섯(일반),2023-03-21,2820.567251578465,2644.767713139089
느타리버섯(일반),2023-03-28,2497.5434343434345,2748.0983754137383
느타리버섯(일반),2023-04-04,2906.742925001278,2476.7419843416583
느타리버섯(일반),2023-04-11,2566.0910372887624,2913.7471939965426
느타리버섯(일반),2023-04-18,2286.159810810196,2500.000132192584
느타리버섯(일반),2023-04-25,2320.5442607971586,2384.611019355671
느타리버섯(일반),2023-05-02,2447.0503707393714,2331.3749731461103
느타리버섯(일반),2023-05-09,2032.4720498773106,2457.544184435074
느타리버섯(일반),2023-05-16,2397.448506364741,2000.3824834692948
느타리버섯(일반),2023-05-23,2440.9871704962666,2392.5417633367742
느타리버섯(일반),2023-05-30,2359.2799347676096,2405.6146483750963
느타리버섯(일반),2023-06-06,2652.6183206438413,2308.179922882891
느타리버섯(일반),2023-06-13,2701.602750122773,2537.502439608021
느타리버섯(일반),2023-06-20,1947.2971207928229,2631.897828824834
느타리버섯(일반),2023-06-27,1564.3502195956203,1897.1091413458298
느타리버섯(일반),2023-07-04,1542.608849200343,1813.274080158615
느타리버섯(일반),2023-07-11,2308.345645712715,1748.8946244058804
느타리버섯(일반),2023-07-18,2020.9638393099672,2270.8074783561146
느타리버섯(일반),2023-07-25,1681.8445619165448,2249.819342037895
느타리버섯(일반),2023-08-01,2247.838060044556,2014.7454544727827
느타리버섯(일반),2023-08-08,2622.435852248696,2610.466192013089
느타리버섯(일반),2023-08-15,3095.2395655971277,2958.3687001173184
느타리버섯(일반),2023-08-22,3339.966455851008,3588.452627807546
느타리버섯(일반),2023-08-29,3955.0536083631637,3446.2403752697546
느타리버섯(일반),2023-09-05,3999.613159863511,3834.934643150113
느타리버섯(일반),2023-09-12,4354.130041388207,3606.661316224257
느타리버섯(일반),2023-09-19,4934.450680118167,3471.6350403123547
느타리버섯(일반),2023-09-26,3918.1212076181987,4027.543579599434
느타리버섯(일반),2023-10-03,3758.33036915606,3089.94614956064
느타리버섯(일반),2023-10-10,3333.3112889359168,3026.401325858307
느타리버섯(일반),2023-10-17,4532.298328863214,3272.391204996815
느타리버섯(일반),2023-10-24,5386.866490166414,3561.4717346719954
느타리버섯(일반),2023-10-31,4871.846416725299,3711.823784855069
느타리버섯(일반),2023-11-07,7241.503267973856,3533.839820625841
느타리버섯(일반),2023-11-14,7871.905775885015,4810.3669225588055
느타리버섯(일반),2023-11-21,5751.183970856102,4921.415526074951
느타리버섯(일반),2023-11-28,5458.373930929955,3723.9466385265846
느타리버섯(일반),2023-12-05,4061.3959033271917,3633.1721484880786
느타리버섯(일반),2023-12-12,7549.82228214242,3126.9821827288424
느타리버섯(일반),2023-12-19,5935.027388922703,4861.69484917849
느타리버섯(일반),2023-12-26,3975.6613756613756,3687.628348433997
단호박,2023-01-03,3224.7025587214466,3785.4397161335064
단호박,2023-01-10,3115.3124061279664,3306.7324102015077
단호박,2023-01-17,3495.391384900417,3227.984103765166
단호박,2023-01-24,3579.436377061285,3447.9478450545985
단호박,2023-01-31,3357.5819672131147,3212.7641551975535
단호박,2023-02-14,687.5,1345.3417018035254
단호박,2023-02-21,4098.093681917211,1316.706972204444
단호박,2023-02-28,1354.5454545454545,3379.8100308325547
단호박,2023-03-14,750.0,1359.1353356626155
단호박,2023-05-23,7211.920529801325,1771.891169261496
단호박,2023-06-06,3332.718327183272,1992.0727672068344
단호박,2023-06-13,2659.1941536638356,2613.2688784108677
단호박,2023-06-20,1497.7378875696359,2625.7599853029856
단호박,2023-06-27,1319.9093057818684,1465.8231472180087
단호박,2023-07-04,1345.6615060791537,1329.2340214599258
단호박,2023-07-11,1438.4191962603368,1311.8173742435033
단호박,2023-07-18,1363.9390581128976,1406.458554684856
단호박,2023-07-25,1408.5159870742805,1446.9080923633958
단호박,2023-08-01,1404.5124725149747,1517.4641170172713
단호박,2023-08-08,1585.2094003854463,1434.62657454333
단호박,2023-08-15,1485.1928901987412,1627.167472008934
단호박,2023-08-22,1726.8446084362608,1627.362942154594
단호박,2023-08-29,1878.384505200224,1709.833141275245
단호박,2023-09-05,1898.1116891654483,1824.9736303236893
단호박,2023-09-12,1871.4433878335585,1862.3252524053128
단호박,2023-09-19,1810.7558503316232,1871.6019763794122
단호박,2023-09-26,2171.183921153376,1858.4683568828339
단호박,2023-10-03,2031.0015835050453,2061.334609444491
단호박,2023-10-10,2053.1982998069016,1980.7290854249059
단호박,2023-10-17,2217.422017958211,1923.3937337449854
단호박,2023-10-24,2420.80515590251,2179.297962215205
단호박,2023-10-31,2332.4131576849136,2331.4089830102403
단호박,2023-11-07,2538.613163299715,2279.4351471404057
단호박,2023-11-14,2530.4357028579966,2417.1355968560115
단호박,2023-11-21,2329.8771937279566,2455.7154079751836
단호박,2023-11-28,2587.6678217789595,2225.2825878222907
단호박,2023-12-05,2623.227041807686,2536.2346726986348
단호박,2023-12-12,2907.4012524927402,2625.0629832326476
단호박,2023-12-19,3042.766296969649,3164.7627478723603
단호박,2023-12-26,2728.8903034748073,3026.6664161115787
당근(일반),2023-01-03,1992.9529118759115,1997.0397917043858
당근(일반),2023-01-10,2276.059141616282,2009.2188679521284
당근(일반),2023-01-17,2272.0313174946004,2335.1846378823616
당근(일반),2023-01-24,2078.5714285714284,2234.2068417826695
당근(일반),2023-01-31,2078.214214864109,1944.1862974648213
당근(일반),2023-02-07,2047.039991602813,1928.65157105671
당근(일반),2023-02-14,2158.572080184339,1914.486331980699
당근(일반),2023-02-21,1909.2454674253158,2160.1960903845315
당근(일반),2023-02-28,1770.8466939670782,1788.0151619646192
당근(일반),2023-03-07,1724.7155705665818,1748.334103241481
당근(일반),2023-03-14,1985.61536507509,1672.5723630920465
당근(일반),2023-03-21,2022.5746848694023,1861.5689285001542
당근(일반),2023-03-28,1985.8285614961087,1911.4618528372189
당근(일반),2023-04-04,2103.531981457813,1895.4823252618446
당근(일반),2023-04-11,1917.4643598821715,2121.748854010635
당근(일반),2023-04-18,1612.7830724052822,1826.5094213849352
당근(일반),2023-04-25,1667.211794977032,1572.5041608107595
당근(일반),2023-05-02,1546.6443789133034,1600.1617303639935
당근(일반),2023-05-09,1535.6616831902695,1479.543227829326
당근(일반),2023-05-16,1710.8144955061093,1451.4858339910309
당근(일반),2023-05-23,1951.0546120207464,1638.8171743384069
당근(일반),2023-05-30,1992.7853356351388,1842.450314944533
당근(일반),2023-06-06,1972.6449535746112,1899.7550216547336
당근(일반),2023-06-13,1926.6583179279226,1897.7901644593212
당근(일반),2023-06-20,1929.0620052393845,1830.7139273283012
당근(일반),2023-06-27,1957.2289975478336,1912.6497301321094
당근(일반),2023-07-04,1808.4927273120231,1918.3539025195907
당근(일반),2023-07-11,2005.463694900026,1787.4512583783976
당근(일반),2023-07-18,2398.467162354755,1917.5697463154345
당근(일반),2023-07-25,2770.086941936205,2440.5442827480774
당근(일반),2023-08-01,2683.208388131566,2589.1270496306474
당근(일반),2023-08-08,2914.7583046551986,2633.623295163002
당근(일반),2023-08-15,3246.58991402903,2949.7245187289377
당근(일반),2023-08-22,3894.2683677423765,3130.0970169836182
당근(일반),2023-08-29,2916.8498719364616,3559.8857487736905
당근(일반),2023-09-05,3549.3232270863414,2807.055400234503
당근(일반),2023-09-12,3189.7922624330276,3393.410600264474
당근(일반),2023-09-19,3250.3536364772667,2917.9606884649666
당근(일반),2023-09-26,2375.0189790006216,3042.949500420577
당근(일반),2023-10-03,2149.5005752337124,2283.1430702772614
당근(일반),2023-10-10,2374.2659200868834,2238.543000467236
당근(일반),2023-10-17,2616.729840534077,2411.2245933417116
당근(일반),2023-10-24,2842.1903112230043,2513.184639011335
당근(일반),2023-10-31,1968.3998200781537,2608.4175556386376
당근(일반),2023-11-07,1522.6882237088744,1725.330699766893
당근(일반),2023-11-14,1091.0963257893266,1481.21432957186
당근(일반),2023-11-21,971.0411627782318,1075.3734762632737
당근(일반),2023-11-28,903.9831959130079,1041.6437849417698
당근(일반),2023-12-05,954.5814818538253,908.6608107714393
당근(일반),2023-12-12,1123.1475315419088,985.9005461252133
당근(일반),2023-12-19,1125.421742403504,1119.1596198645489
당근(일반),2023-12-26,960.694870889836,1091.510989520904
대추방울,2023-01-03,3293.891296462458,4412.02009790861
대추방울,2023-01-10,3191.2193862661907,3828.2123033335197
대추방울,2023-01-17,3336.3884669644426,3702.895475534968
대추방울,2023-01-24,4127.812968408527,3619.032728160897
대추방울,2023-01-31,4502.445212835007,4046.942337419265
대추방울,2023-02-07,4996.86670924634,4431.579938476191
대추방울,2023-02-14,6194.863952504777,5124.397239499118
대추방울,2023-02-21,6171.382359712002,5871.275786031298
대추방울,2023-02-28,5088.788834959938,5627.872282472885
대추방울,2023-03-07,5496.3137659818285,4809.618374779827
대추방울,2023-03-14,7071.082620438187,5269.707017494904
대추방울,2023-03-21,6500.797871239804,6592.052525604565
대추방울,2023-03-28,3902.5248931955816,5743.632768460588
대추방울,2023-04-04,3596.415106486004,3913.5836713611734
대추방울,2023-04-11,3828.523475445224,3742.9600342621097
대추방울,2023-04-18,3247.60074801309,3797.7377592344055
대추방울,2023-04-25,2905.330081212529,3303.528902847748
대추방울,2023-05-02,2928.4493045979125,3089.5363530278332
대추방울,2023-05-09,3176.0955751126476,3119.8672397561654
대추방울,2023-05-16,2751.3409804444627,3158.4358570631953
대추방울,2023-05-23,3160.8734778956295,2746.5552339117507
대추방울,2023-05-30,3357.4075487576943,3155.8681236945413
대추방울,2023-06-06,3024.516168544831,3280.616226809308
대추방울,2023-06-13,3146.9814878523557,2913.1026370647864
대추방울,2023-06-20,3562.1813856503754,3182.2552289561654
대추방울,2023-06-27,3621.5836848218105,3726.883980688345
대추방울,2023-07-04,3293.604948231814,3681.9295689088694
대추방울,2023-07-11,5145.646387627276,3442.2221205954083
대추방울,2023-07-18,4472.825604458776,4982.591429862931
대추방울,2023-07-25,5298.48943788355,4789.287347785222
대추방울,2023-08-01,6051.738954090439,5261.364291853092
대추방울,2023-08-08,6194.161712620841,6166.130445650518
대추방울,2023-08-15,6234.280779281957,6001.186263151595
대추방울,2023-08-22,6731.8385700217395,6087.151809318627
대추방울,2023-08-29,9141.855478083988,6210.399457654905
대추방울,2023-09-05,9500.648133167097,7960.576761892563
대추방울,2023-09-12,6626.60608245964,8202.16079104647
대추방울,2023-09-19,5225.956818166962,5811.9747254934
대추방울,2023-09-26,5616.0694068422345,4896.02995089054
대추방울,2023-10-03,7318.518266554389,5380.282876511074
대추방울,2023-10-10,6903.905597522638,6544.47161821458
대추방울,2023-10-17,7449.373700466318,6547.167701793602
대추방울,2023-10-24,7070.206147305915,6761.1094090859315
대추방울,2023-10-31,4786.04888581185,6124.682455277193
대추방울,2023-11-07,4228.443037558916,4623.9316763713305
대추방울,2023-11-14,5526.003355140044,4249.1127801959565
대추방울,2023-11-21,6271.430653824159,4949.165781333126
대추방울,2023-11-28,6678.64153450137,5620.439453921188
대추방울,2023-12-05,6365.3602806526615,5956.957394789385
대추방울,2023-12-12,6355.92441326026,6109.975869573927
대추방울,2023-12-19,6898.423812930592,6273.604754890048
대추방울,2023-12-26,6209.443461356329,6837.822610619957
대파(일반),2023-01-03,1241.2308454347815,1384.8248086417238
대파(일반),2023-01-10,1419.9615719649005,1305.2783851174172
대파(일반),2023-01-17,1721.7966069092627,1421.249992954043
대파(일반),2023-01-24,1668.2136158832848,1641.0033397328575
대파(일반),2023-01-31,1356.292158758662,1612.5960278000844
대파(일반),2023-02-07,1734.6964447064206,1404.03391300396
대파(일반),2023-02-14,1818.5595113845736,1687.20315270006
대파(일반),2023-02-21,2296.4499698265527,1755.6509228940424
대파(일반),2023-02-28,1935.7565783946923,2098.84383515834
대파(일반),2023-03-07,1645.4696107911516,1814.1608421496956
대파(일반),2023-03-14,1374.98978901767,1559.0736759623392
대파(일반),2023-03-21,1151.879131948414,1392.6742101236784
대파(일반),2023-03-28,1186.5599113652418,1185.8791110974148
대파(일반),2023-04-04,946.5860911620451,1214.4408432413584
대파(일반),2023-04-11,1022.0104952443425,973.0252174045321
대파(일반),2023-04-18,1383.0247013371406,1032.9320324618063
대파(일반),2023-04-25,1957.2577804612033,1337.0458910676032
대파(일반),2023-05-02,1530.807179197687,1726.8317978099537
대파(일반),2023-05-09,1358.79129773334,1468.630700034658
대파(일반),2023-05-16,1590.9939960535385,1368.9313610231136
대파(일반),2023-05-23,1419.6279533772517,1536.968301058062
대파(일반),2023-05-30,1197.0926695486748,1375.50389831266
대파(일반),2023-06-06,1255.7571643783044,1250.090360463195
대파(일반),2023-06-13,1540.0974450926583,1250.8497056317913
대파(일반),2023-06-20,1540.8373233563764,1425.1074413000015
대파(일반),2023-06-27,1350.750226995267,1470.1928912450767
대파(일반),2023-07-04,1337.7884238265278,1402.99729150514
대파(일반),2023-07-11,1882.5197390599772,1373.4130056534073
대파(일반),2023-07-18,1489.1466175469577,1693.2750744587954
대파(일반),2023-07-25,1638.4376381319598,1712.8442880199545
대파(일반),2023-08-01,2117.5660439846947,1695.9995112032316
대파(일반),2023-08-08,1394.8054518206977,2192.6541467552306
대파(일반),2023-08-15,1449.3088744128936,1503.9824099044722
대파(일반),2023-08-22,1535.65843924477,1513.5788516967414
대파(일반),2023-08-29,1453.887453801216,1571.7828195791258
대파(일반),2023-09-05,1838.6729920100925,1442.971927333561
대파(일반),2023-09-12,1821.1661788434837,1788.2244306607029
대파(일반),2023-09-19,2571.4219995632816,1734.6026640072387
대파(일반),2023-09-26,2357.712199086776,2342.8765438008127
대파(일반),2023-10-03,2137.3039213086936,2106.025033732295
대파(일반),2023-10-10,2699.454967326729,2121.8340277251496
대파(일반),2023-10-17,2705.731342418493,2574.342001730956
대파(일반),2023-10-24,2887.3076799551095,2612.493532372984
대파(일반),2023-10-31,3072.492130954028,2808.521077351027
대파(일반),2023-11-07,2794.2948639125157,2935.916046497558
대파(일반),2023-11-14,2562.9916981400984,2585.8673184776726
대파(일반),2023-11-21,2606.433722576539,2469.891477636257
대파(일반),2023-11-28,2611.286143668626,2536.5913023088538
대파(일반),2023-12-05,2285.2093025814293,2522.725626444649
대파(일반),2023-12-12,3496.518797496244,2315.810049226624
대파(일반),2023-12-19,3678.4254966897547,3586.0693232126905
대파(일반),2023-12-26,2713.5825004962826,3560.4214055440143
돌미나리,2023-01-03,8433.226307492581,8140.669344454058
돌미나리,2023-01-10,9458.705944847337,8206.468375188988
돌미나리,2023-01-17,6874.547202149342,8389.617056225934
돌미나리,2023-01-24,5933.719478650924,6181.5623648798655
돌미나리,2023-01-31,5130.573173808065,5111.6935292435555
돌미나리,2023-02-07,5067.158556483348,4449.636601244604
돌미나리,2023-02-14,4580.4950748005795,4743.9339646424805
돌미나리,2023-02-21,5394.50555880632,4279.543897601178
돌미나리,2023-02-28,3227.1850149886013,4807.755358307187
돌미나리,2023-03-07,2860.7391113237563,3237.6316443066994
돌미나리,2023-03-14,2706.9529240135703,2654.808576633324
돌미나리,2023-03-21,2396.7912996426676,2626.384246565642
돌미나리,2023-03-28,1874.2503666268078,2491.4666170611213
돌미나리,2023-04-04,2071.09598372924,1989.1736458969951
돌미나리,2023-04-11,1742.589581519102,2124.75099606263
돌미나리,2023-04-18,1880.7037021934393,1871.164416028451
돌미나리,2023-04-25,3123.3903305328668,1994.7434242561299
돌미나리,2023-05-02,3221.2944960486716,2960.7250373596653
돌미나리,2023-05-09,2677.896494243622,2878.6680961644706
돌미나리,2023-05-16,2416.494536911859,2340.724037584911
돌미나리,2023-05-23,2118.9921510635877,2305.740417541132
돌미나리,2023-05-30,1936.6123880363643,2184.9177818714024
돌미나리,2023-06-06,1746.5926718958247,2044.558806493571
돌미나리,2023-06-13,1976.1914481664644,1910.2677366380917
돌미나리,2023-06-20,1744.2232049203776,2109.508374353214
돌미나리,2023-06-27,2333.410306271269,2140.4257418054613
돌미나리,2023-07-04,2384.263285668552,2783.686477157602
돌미나리,2023-07-11,5635.585794046518,2822.828347633157
돌미나리,2023-07-18,5973.099259115468,5218.03576167064
돌미나리,2023-07-25,5053.341527368076,7034.679497064851
돌미나리,2023-08-01,4295.147244094488,5795.4656080897585
돌미나리,2023-08-08,7294.214719923069,4996.7443680019505
돌미나리,2023-08-15,7559.352620009927,7611.680051263789
돌미나리,2023-08-22,7364.065486834803,7574.014675745312
돌미나리,2023-08-29,5451.341189351158,7254.034085652728
돌미나리,2023-09-05,4376.986430358847,5232.42496406356
돌미나리,2023-09-12,5571.152011276157,4520.138266500471
돌미나리,2023-09-19,7611.04216064019,5093.87676430144
돌미나리,2023-09-26,6323.044030372924,6315.458944691206
돌미나리,2023-10-03,4214.358453456173,5436.010331880872
돌미나리,2023-10-10,2947.3173280058786,4043.320361572009
돌미나리,2023-10-17,2581.9433476038075,3289.4962102750205
돌미나리,2023-10-24,2128.0517589065653,2849.8561279246405
돌미나리,2023-10-31,5725.968286976865,2510.3616417950784
돌미나리,2023-11-07,4950.296151409129,5652.311664928231
돌미나리,2023-11-14,6542.741354466859,4991.864919923564
돌미나리,2023-11-21,5109.696075438418,6252.328366826851
돌미나리,2023-11-28,5515.134128733186,5004.3083218288475
돌미나리,2023-12-05,5129.780064435532,5636.573714377262
돌미나리,2023-12-12,7715.244693846389,5450.751803070483
돌미나리,2023-12-19,12647.07304906086,7401.124876647172
돌미나리,2023-12-26,12855.700661471548,12671.440169307993
레드치커리,2023-01-03,3032.158648744252,4208.887006477137
레드치커리,2023-01-10,2823.6753958587087,3377.4160313329803
레드치커리,2023-01-17,4914.5166791732045,3394.519904228177
레드치커리,2023-01-24,3009.302937967874,4520.471188441015
레드치커리,2023-01-31,3722.436613665664,3156.8721013708464
레드치커리,2023-02-07,3999.377422280861,3730.3157299220393
레드치커리,2023-02-14,4689.493316754741,3879.5465493018496
레드치커리,2023-02-21,5902.530839633903,4279.846656619329
레드치커리,2023-02-28,5623.068991376078,5037.32876604803
레드치커리,2023-03-07,4864.77474946146,4839.000918877382
레드치커리,2023-03-14,5195.854840408722,4429.342317521577
레드치커리,2023-03-21,5473.345342254246,4343.738120513629
레드치커리,2023-03-28,6159.8830477072715,4846.405862231637
레드치커리,2023-04-04,8480.152127406704,5463.429124115508
레드치커리,2023-04-11,7571.083698103197,7507.301462884275
레드치커리,2023-04-18,6895.8867161159815,6112.466228445894
레드치커리,2023-04-25,10219.872306464486,5637.898911604586
레드치커리,2023-05-02,8678.025451559934,8168.230843681651
레드치커리,2023-05-09,4648.6674807844265,6993.711164920913
레드치커리,2023-05-16,5446.866762520968,4237.863057864118
레드치커리,2023-05-23,4600.831364710158,4958.09067749343
레드치커리,2023-05-30,5223.291792006876,4219.606527105671
레드치커리,2023-06-06,4364.963442306076,4586.641388788057
레드치커리,2023-06-13,4026.34691195795,4147.165654745436
레드치커리,2023-06-20,3504.984099133677,4223.472341979492
레드치커리,2023-06-27,4298.810135879545,3768.210642519166
레드치커리,2023-07-04,2756.261591451029,4135.24957190163
레드치커리,2023-07-11,5610.602021548373,3086.1490941839743
레드치커리,2023-07-18,5871.966428739509,5041.366986359202
레드치커리,2023-07-25,8048.5513421389005,6083.824856205014
레드치커리,2023-08-01,7335.226814516129,7370.8942411123035
레드치커리,2023-08-08,6008.766758197384,6534.37615702256
레드치커리,2023-08-15,4912.195738229597,5449.403989689863
레드치커리,2023-08-22,5310.730129390018,5391.720092587778
레드치커리,2023-08-29,5373.261410788382,5498.71208733356
레드치커리,2023-09-05,5077.699727406165,5409.861828714889
레드치커리,2023-09-12,4736.99345654919,4517.640040698301
레드치커리,2023-09-19,6119.709897610922,4417.710221815899
레드치커리,2023-09-26,7922.057744066553,5382.108430184113
레드치커리,2023-10-03,5847.799189751451,6443.761131560543
레드치커리,2023-10-10,5147.845315231924,4608.622741595261
레드치커리,2023-10-17,4006.5649867374004,4303.025787858109
레드치커리,2023-10-24,3863.423165137615,3847.8698690488955
레드치커리,2023-10-31,3706.7092910326965,3614.6703959012657
레드치커리,2023-11-07,3418.729737695255,3516.659104490902
레드치커리,2023-11-14,4555.560836501902,3394.0114505471192
레드치커리,2023-11-21,4941.807511737089,4202.942655644766
레드치커리,2023-11-28,6892.026231919588,4510.661037346217
레드치커리,2023-12-05,5123.817336614711,6972.573934081902
레드치커리,2023-12-12,6301.943180420612,4637.710570093583
레드치커리,2023-12-19,7462.515075101414,6208.5588740727535
레드치커리,2023-12-26,8455.57283200226,7023.482254602138
마늘,2023-01-03,5660.665128676756,5962.613720210124
마늘,2023-01-10,5977.295133064739,5668.424446674972
마늘,2023-01-17,5993.429521448229,5980.595049962261
마늘,2023-01-24,5777.363781556028,5791.735077666455
마늘,2023-01-31,5767.558370469196,5519.180540595004
마늘,2023-02-07,5595.668466842021,5515.651667896971
마늘,2023-02-14,5835.561750631934,5600.819976060229
마늘,2023-02-21,5824.812151984885,5921.297415371631
마늘,2023-02-28,5474.061072032148,5565.619103141682
마늘,2023-03-07,5504.1263955463155,5382.987289518863
마늘,2023-03-14,5005.65748488031,5356.109916529067
마늘,2023-03-21,5366.985019757842,5070.674597538472
마늘,2023-03-28,5190.133673836227,5234.574760159758
마늘,2023-04-04,5369.614190784831,5105.96673288223
마늘,2023-04-11,5173.82703680725,5168.052979647379
마늘,2023-04-18,5741.266787806264,5039.36144572071
마늘,2023-04-25,4117.811303732553,5586.963687370615
마늘,2023-05-02,5090.373770682063,4317.139894377536
마늘,2023-05-09,4190.465676395713,4995.416078763234
마늘,2023-05-16,3707.4453776404107,4484.272895129862
마늘,2023-05-23,3954.22240007554,3998.859713904809
마늘,2023-05-30,4150.420474899903,4154.216883713816
마늘,2023-06-06,4088.1211822594623,4277.843159638134
마늘,2023-06-13,4388.655994514241,4228.7587821116
마늘,2023-06-20,4756.671814563861,4404.288089737148
마늘,2023-06-27,4947.669355036043,5096.637372850017
마늘,2023-07-04,4728.823100524635,5091.131832437447
마늘,2023-07-11,4779.668255409351,4744.158638275064
마늘,2023-07-18,4958.826595937861,5076.957315589644
마늘,2023-07-25,4940.818462357927,5297.1019857248175
마늘,2023-08-01,5173.541888205717,5007.926734731959
마늘,2023-08-08,5065.6495506579,5052.530770284426
마늘,2023-08-15,5121.320287528831,5079.301724046076
마늘,2023-08-22,4602.262021152136,4778.598370912667
마늘,2023-08-29,4491.880609996472,4352.044815103923
마늘,2023-09-05,4472.954958381262,4331.98821257244
마늘,2023-09-12,4629.076146451667,4541.577119124719
마늘,2023-09-19,4917.811616297771,4527.035495468652
마늘,2023-09-26,4728.008969179375,4862.862564248681
마늘,2023-10-03,4832.612389030242,4763.857846415294
마늘,2023-10-10,4643.272776142977,5122.044687928691
마늘,2023-10-17,4595.745343579156,4600.944760095024
마늘,2023-10-24,4730.555643527519,4508.139297465241
마늘,2023-10-31,4142.568359490447,4647.190440124464
마늘,2023-11-07,3864.9526362407796,4269.0509968295255
마늘,2023-11-14,3757.764644552533,4058.364636810581
마늘,2023-11-21,4060.372303039771,3814.5614702722355
마늘,2023-11-28,4210.119091739431,4185.1919378697785
마늘,2023-12-05,4670.411032808185,4393.1642142337305
마늘,2023-12-12,4691.890192350403,4844.437529846829
마늘,2023-12-19,4707.275949834743,4874.649572639933
마늘,2023-12-26,4347.7060320100945,4810.946230985366
만생양파,2023-01-03,1253.8678949883815,1340.4114395997226
만생양파,2023-01-10,1244.283866456913,1283.9770045939597
만생양파,2023-01-17,1347.061890202439,1258.798009994512
만생양파,2023-01-24,1404.2721226043132,1292.2726090681833
만생양파,2023-01-31,1344.2962113489637,1381.3961217896351
만생양파,2023-02-07,1392.448167045153,1310.9705542184734
만생양파,2023-02-14,1415.3966781259712,1403.1000974862632
만생양파,2023-02-21,1633.9172283865837,1422.486913819677
만생양파,2023-02-28,1554.2852263568634,1514.287913660509
만생양파,2023-03-07,1269.6562762282124,1473.13531386351
만생양파,2023-03-14,1259.6141578773431,1284.5519704178673
만생양파,2023-03-21,1178.9255848047992,1252.0385569188372
만생양파,2023-03-28,1484.4247521778311,1185.2957818024172
만생양파,2023-04-04,2433.3333333333335,1259.1163090008906
만생양파,2023-04-11,2433.3333333333335,1908.596426402507
만생양파,2023-04-18,2300.0,1857.89460674152
만생양파,2023-05-16,994.7940947940948,973.2542069309734
만생양파,2023-05-23,1038.7133251709424,1112.2122125267965
만생양파,2023-05-30,952.5585351338106,1083.0829399892261
만생양파,2023-06-06,988.2450953184041,902.7505957413692
만생양파,2023-06-13,1110.2168415388755,973.4198603056477
만생양파,2023-06-20,1030.6867517251678,1008.2955138038103
만생양파,2023-06-27,1039.1008248278272,1020.6351493037346
만생양파,2023-07-04,1061.5537588297439,997.1135398426164
만생양파,2023-07-11,1205.2827759959152,1004.5633548593612
만생양파,2023-07-18,998.8918693741902,1160.1089511349946
만생양파,2023-07-25,990.8138843733826,1021.9300841084294
만생양파,2023-08-01,1190.4858396909867,1010.058020835686
만생양파,2023-08-08,1056.3922479771697,1228.4912395058154
만생양파,2023-08-15,1056.937404885506,1079.7078374120329
만생양파,2023-08-22,1149.2199854309888,1078.576092714952
만생양파,2023-08-29,1051.8638564808825,1152.8549064115095
만생양파,2023-09-05,972.640633756331,1022.0573126052566
만생양파,2023-09-12,1019.7064715097475,991.0633873405875
만생양파,2023-09-19,1062.6221023575472,1016.5526015615311
만생양파,2023-09-26,1124.1499140003973,1045.3045248803771
만생양파,2023-10-03,996.5695255879308,1077.7418588105602
만생양파,2023-10-10,1054.8310767600358,982.8821325864063
만생양파,2023-10-17,935.4619601383524,1022.8325403143493
만생양파,2023-10-24,1013.4122699861722,928.7473399171723
만생양파,2023-10-31,1011.1159563577422,996.0494134793158
만생양파,2023-11-07,990.4260118033974,976.5609782304855
만생양파,2023-11-14,969.0554836317423,948.4885304802151
만생양파,2023-11-21,987.5387502467834,953.9619824200508
만생양파,2023-11-28,973.9546091974403,982.7626770669566
만생양파,2023-12-05,957.5245151020889,976.4227068064783
만생양파,2023-12-12,978.4064311618316,958.5446274913589
만생양파,2023-12-19,1112.3511828176531,994.1783000166715
만생양파,2023-12-26,1086.6632728280556,1074.8840572883937
맛느타리버섯,2023-01-03,4336.532695602513,4025.8127010506428
맛느타리버섯,2023-01-10,6683.318914116024,4516.617456142577
맛느타리버섯,2023-01-17,3213.8361580278497,6355.6344026079205
맛느타리버섯,2023-01-24,3363.412738781508,3278.4910078261987
맛느타리버섯,2023-01-31,2887.852562431573,3449.4104380092867
맛느타리버섯,2023-02-07,2777.1966038323726,3024.7460290348927
맛느타리버섯,2023-02-14,3718.6518902595367,2965.089153926296
맛느타리버섯,2023-02-21,3856.291189852475,3604.6484647690504
맛느타리버섯,2023-02-28,3221.505921701941,3394.328863414593
맛느타리버섯,2023-03-07,3189.517111192303,3112.2650404151864
맛느타리버섯,2023-03-14,3184.7701473993334,3166.9223586783382
맛느타리버섯,2023-03-21,2999.9640384788277,3181.673058585536
맛느타리버섯,2023-03-28,2529.991471215352,3042.6753291315895
맛느타리버섯,2023-04-04,2912.2178457809423,2632.026374940384
맛느타리버섯,2023-04-11,2853.7896658242066,2920.6006339093233
맛느타리버섯,2023-04-18,2424.3816494789257,2773.3030255301046
맛느타리버섯,2023-04-25,2533.558148515944,2416.918204094299
맛느타리버섯,2023-05-02,2382.660891808616,2506.8393959211908
맛느타리버섯,2023-05-09,2328.3027402457174,2359.3745361626575
맛느타리버섯,2023-05-16,2322.749230769231,2335.850058308482
맛느타리버섯,2023-05-23,2744.7095089136574,2336.6795134036297
맛느타리버섯,2023-05-30,2406.107625346221,2581.875674749671
맛느타리버섯,2023-06-06,2502.4603123386682,2406.236200291786
맛느타리버섯,2023-06-13,2769.561280894593,2481.0447924722093
맛느타리버섯,2023-06-20,1998.0929873064003,2635.628112417899
맛느타리버섯,2023-06-27,1802.2063125481138,2068.3087878712545
맛느타리버섯,2023-07-04,2724.418392648775,2040.946459894325
맛느타리버섯,2023-07-11,4141.630423436902,2632.0817145218107
맛느타리버섯,2023-07-18,2411.123169625502,3629.9227581635037
맛느타리버섯,2023-07-25,1938.0944497953287,2543.7237602676155
맛느타리버섯,2023-08-01,2334.141894814906,2383.1687749691077
맛느타리버섯,2023-08-08,3417.3544618919955,2832.267113102393
맛느타리버섯,2023-08-15,3662.2827818085293,3706.7509744506274
맛느타리버섯,2023-08-22,4480.8057766191,4207.534713136349
맛느타리버섯,2023-08-29,3279.0143257128875,4096.738144058772
맛느타리버섯,2023-09-05,3120.951755740912,3301.3478580966093
맛느타리버섯,2023-09-12,5290.373273963193,3331.432943193367
맛느타리버섯,2023-09-19,8642.776886035314,4373.236833158441
맛느타리버섯,2023-09-26,3752.690540326414,6232.61978750741
맛느타리버섯,2023-10-03,4956.523540378184,2620.223039011685
맛느타리버섯,2023-10-10,3680.262477531825,4144.916460084524
맛느타리버섯,2023-10-17,3119.1360880469456,2940.3332288384076
맛느타리버섯,2023-10-24,4228.726084088046,3035.0139768234053
맛느타리버섯,2023-10-31,4350.132664703229,3907.5139275942556
맛느타리버섯,2023-11-07,3503.1859051637534,3702.7773348947726
맛느타리버섯,2023-11-14,3061.28875,2917.535890801272
맛느타리버섯,2023-11-21,3946.9944883362837,2947.023866051479
맛느타리버섯,2023-11-28,3624.0657856405096,3808.2828029956618
맛느타리버섯,2023-12-05,2931.323324396783,3458.535942374207
맛느타리버섯,2023-12-12,3907.046964058599,3138.6328723205193
맛느타리버섯,2023-12-19,5490.762025806095,3806.173874370382
맛느타리버섯,2023-12-26,3485.6772512704106,4757.70644228867
미나리(일반),2023-01-03,7052.664686015116,6425.568848543885
미나리(일반),2023-01-10,10007.646677633218,7056.32395117409
미나리(일반),2023-01-17,6398.821686926691,8869.27599947394
미나리(일반),2023-01-24,6877.1388175548955,5490.642157980028
미나리(일반),2023-01-31,5979.7517872147,6376.275596488448
미나리(일반),2023-02-07,5484.366365341975,5632.43643469721
미나리(일반),2023-02-14,6209.763622340184,5595.546173624921
미나리(일반),2023-02-21,7512.541683522299,6056.236572858964
미나리(일반),2023-02-28,5325.430530838232,6614.7515851562775
미나리(일반),2023-03-07,4602.178390616647,4997.6554309701205
미나리(일반),2023-03-14,4076.686066582857,4623.435502547001
미나리(일반),2023-03-21,3794.140344234521,4278.054526238007
미나리(일반),2023-03-28,3507.7556438504607,3925.8496101325713
미나리(일반),2023-04-04,3693.0310319100986,3708.4783812752326
미나리(일반),2023-04-11,3508.088498075948,3855.44939790827
미나리(일반),2023-04-18,3809.6595785257937,3761.9041172797856
미나리(일반),2023-04-25,4332.728066010497,3908.919579287653
미나리(일반),2023-05-02,4438.844152780192,4471.6339131917375
미나리(일반),2023-05-09,3394.398492451055,4368.381180666701
미나리(일반),2023-05-16,2863.7437892617154,3602.444264098767
미나리(일반),2023-05-23,3316.574697258596,2981.6083447038645
미나리(일반),2023-05-30,2372.1209955936642,3499.9620469487427
미나리(일반),2023-06-06,2580.9277578957394,2667.0907252972866
미나리(일반),2023-06-13,2014.4870213450606,2737.6771953347084
미나리(일반),2023-06-20,2136.3433606388103,2347.6858343410013
미나리(일반),2023-06-27,2719.220823462009,2704.7046438674934
미나리(일반),2023-07-04,2525.610989381426,3104.395712575592
미나리(일반),2023-07-11,5550.880423762131,2835.8108035879804
미나리(일반),2023-07-18,5393.018191416819,5174.6735048873425
미나리(일반),2023-07-25,8465.033537474483,6824.090132615763
미나리(일반),2023-08-01,6279.935569353875,8558.411480145476
미나리(일반),2023-08-08,7939.436471639594,6840.720659403783
미나리(일반),2023-08-15,9260.10814300702,7963.384110862714
미나리(일반),2023-08-22,8478.87111947319,9125.227578185968
미나리(일반),2023-08-29,8333.240190941902,8140.698570172366
미나리(일반),2023-09-05,8494.953570284983,8297.038768753462
미나리(일반),2023-09-12,8157.703895313451,7553.441184967035
미나리(일반),2023-09-19,12503.978722484107,6403.713325063958
미나리(일반),2023-09-26,6068.814714772654,9172.000439207437
미나리(일반),2023-10-03,4965.342024109897,5465.399202674476
미나리(일반),2023-10-10,4731.241602781949,5221.7897545407195
미나리(일반),2023-10-17,4615.968903233816,5013.470833978567
미나리(일반),2023-10-24,5058.613945170921,4893.626936682195
미나리(일반),2023-10-31,6454.015979995033,5326.397962584391
미나리(일반),2023-11-07,6540.569091508209,6446.715807743586
미나리(일반),2023-11-14,7836.66246519544,6266.604491669792
미나리(일반),2023-11-21,6996.973811029008,7155.268478838017
미나리(일반),2023-11-28,6425.764326613097,6472.046886156218
미나리(일반),2023-12-05,4647.019676289256,6056.681422234919
미나리(일반),2023-12-12,4689.421948541937,4846.731670351524
미나리(일반),2023-12-19,7356.3635878056275,4993.5655796924075
미나리(일반),2023-12-26,8231.12071114065,7363.355265360414
밤고구마,2023-01-03,1169.845288326301,1399.2437554345854
밤고구마,2023-01-10,853.5786494136676,1276.96461510208
밤고구마,2023-01-17,915.1603498542274,1048.2587800325764
밤고구마,2023-01-24,1344.4332275742718,1123.4355145531947
밤고구마,2023-01-31,1202.7546777546777,1182.8958217107484
밤고구마,2023-02-07,1266.9031931069437,1357.9190766420918
밤고구마,2023-02-14,1246.1118051217989,1426.7538374800492
밤고구마,2023-02-21,1504.267284154813,1323.8326541302897
밤고구마,2023-02-28,1318.7140902872777,1478.5249717842485
밤고구마,2023-03-07,1048.409286328461,1344.9950510928597
밤고구마,2023-03-14,968.2039016368936,1165.6787886957845
밤고구마,2023-03-21,690.0497512437811,1152.1961104923735
밤고구마,2023-03-28,1441.1894273127753,920.8542071754539
밤고구마,2023-04-04,1742.5191815856776,1371.8596576922812
밤고구마,2023-04-11,1623.1491136600625,1828.8824529481046
밤고구마,2023-04-18,1825.85394581861,1845.2557750637602
밤고구마,2023-04-25,3130.769230769231,2010.4498886154624
밤고구마,2023-05-02,1972.7437916414294,2919.251431380285
밤고구마,2023-05-09,2379.460580912863,1755.8561124697535
밤고구마,2023-05-16,1670.6145183008937,2188.3341583224983
밤고구마,2023-05-23,1717.2009474930912,1761.5608571923221
밤고구마,2023-05-30,1701.0380440510064,1768.5826782966756
밤고구마,2023-06-06,1760.909090909091,1804.5630642869767
밤고구마,2023-06-13,3485.217391304348,1796.2069296136783
밤고구마,2023-06-20,2051.863354037267,3146.1293310859182
밤고구마,2023-06-27,3766.6666666666665,1830.6154028792926
밤고구마,2023-07-04,1695.644599303136,3334.4321361876773
밤고구마,2023-07-11,4050.0,1707.3586820514226
밤고구마,2023-07-18,2057.8665827564505,3230.532210007022
밤고구마,2023-07-25,4050.0,1758.095259046471
밤고구마,2023-08-01,2331.5528634361235,3538.1412014765065
밤고구마,2023-08-08,2468.253109789075,2306.596093342233
밤고구마,2023-08-15,2113.4452766368686,2645.5638092018335
밤고구마,2023-08-22,2209.6854407559367,1989.7568128407302
밤고구마,2023-08-29,1996.9042795644466,2095.9326119994466
밤고구마,2023-09-05,1990.6741873039182,1768.4896752702705
밤고구마,2023-09-12,1800.674565424198,1819.1940730276526
밤고구마,2023-09-19,1935.287444340452,1775.688165577854
밤고구마,2023-09-26,1825.6415909692212,1808.6612313384446
밤고구마,2023-10-03,1828.2322191135327,1703.1073284440963
밤고구마,2023-10-10,1600.3085376162298,1651.5173542846608
밤고구마,2023-10-17,1648.8600508905852,1604.6600927987913
밤고구마,2023-10-24,1688.9394580863675,1591.6641025411313
밤고구마,2023-10-31,1551.881290704559,1636.831064860103
밤고구마,2023-11-07,1788.5343391789947,1525.104533697072
밤고구마,2023-11-14,1790.6965495001612,1697.7814281326405
밤고구마,2023-11-21,1862.196053469128,1777.1601450400606
밤고구마,2023-11-28,1872.3116199907163,1874.6743578720518
밤고구마,2023-12-05,1793.8801584259613,1939.9880060883372
밤고구마,2023-12-12,1517.4320199778024,1921.8529685814187
밤고구마,2023-12-19,1876.8592057761732,1632.5060937510466
밤고구마,2023-12-26,1913.5008640552996,2005.9025590393974
방울토마토,2023-01-03,2469.3697073213557,3601.418338916084
방울토마토,2023-01-10,2679.551053600899,3032.689828681794
방울토마토,2023-01-17,3068.1332834405157,3423.3054192441277
방울토마토,2023-01-24,3909.9765062804076,3399.2800090455
방울토마토,2023-01-31,3876.975819659927,3622.0079728035216
방울토마토,2023-02-07,5061.9731248473,3336.9373335755167
방울토마토,2023-02-14,6271.746736148195,4589.887221352447
방울토마토,2023-02-21,4403.949253120524,5709.170021352463
방울토마토,2023-02-28,3290.7623685395097,3876.590589531915
방울토마토,2023-03-07,4705.066996671503,3386.7623165016917
방울토마토,2023-03-14,6150.8487830930035,4363.486422382684
방울토마토,2023-03-21,6866.415626022124,5654.235795227043
방울토마토,2023-03-28,2821.283526634242,5742.7688103452965
방울토마토,2023-04-04,2521.483449752065,2688.4287501869867
방울토마토,2023-04-11,2910.169210580841,2739.9410662984114
방울토마토,2023-04-18,2489.1427873159405,3584.8498153592027
방울토마토,2023-04-25,2151.4912334590667,2629.1621239950523
방울토마토,2023-05-02,2244.5478869327844,2268.3942573180557
방울토마토,2023-05-09,2281.5604366516836,2442.7255727584175
방울토마토,2023-05-16,1937.5027025858342,2249.049815112761
방울토마토,2023-05-23,2225.5030255962206,2081.671834782738
방울토마토,2023-05-30,2227.8257147748673,2252.282470170612
방울토마토,2023-06-06,2090.98515863178,2200.136369694597
방울토마토,2023-06-13,2346.453026296199,2066.3987277725687
방울토마토,2023-06-20,2173.4852400102677,2319.2024731035312
방울토마토,2023-06-27,3056.095375477302,2374.545785315899
방울토마토,2023-07-04,2499.654889226616,3389.5343315911346
방울토마토,2023-07-11,3962.5320817602365,2598.1632265634225
방울토마토,2023-07-18,3324.551837881089,3932.8950689524854
방울토마토,2023-07-25,7471.40659800411,3359.9142497687576
방울토마토,2023-08-01,4392.889056036104,6402.561062114131
방울토마토,2023-08-08,7267.91600363719,3463.6183584630458
방울토마토,2023-08-15,4813.989360669423,7037.607260341081
방울토마토,2023-08-22,5528.071744897166,4106.21366164931
방울토마토,2023-08-29,7330.288211250379,5044.0184427378645
방울토마토,2023-09-05,6343.919054714301,6033.715107579637
방울토마토,2023-09-12,3759.9338046312105,3899.3578405842036
방울토마토,2023-09-19,2718.313678691236,3104.5101197670224
방울토마토,2023-09-26,5187.712192212661,2928.2222003028373
방울토마토,2023-10-03,6384.6136317941155,4993.194762947563
방울토마토,2023-10-10,6273.433671008201,5502.640691362826
방울토마토,2023-10-17,5265.560767233436,5532.999929562235
방울토마토,2023-10-24,3883.282638516133,3720.470054018649
방울토마토,2023-10-31,2927.5443927799947,2925.0260343269642
방울토마토,2023-11-07,4607.187142359556,2935.7978305480656
방울토마토,2023-11-14,4955.921153257877,4302.683187964821
방울토마토,2023-11-21,3839.8617301919403,4217.920795745961
방울토마토,2023-11-28,3976.8260348553044,3353.8361389405213
방울토마토,2023-12-05,4846.857057861074,3922.5145759538323
방울토마토,2023-12-12,6470.086168941443,4386.726974782145
방울토마토,2023-12-19,6907.210356837747,5592.829674936155
방울토마토,2023-12-26,5311.724492516281,6108.067304978926
백다다기,2023-01-03,3989.9979818203446,3205.5583809634163
백다다기,2023-01-10,5081.088241287956,3681.1445421238445
백다다기,2023-01-17,3645.6742125445726,5044.568803645747
백다다기,2023-01-24,4183.026261887806,3507.7469208378993
백다다기,2023-01-31,3291.06169151615,3294.450576680681
백다다기,2023-02-07,4563.293081174191,3031.6747794464573
백다다기,2023-02-14,4094.6346802951043,3597.8148262627287
백다다기,2023-02-21,4216.358866726966,3337.6366972271117
백다다기,2023-02-28,2968.1046851748797,3194.7063652547336
백다다기,2023-03-07,3292.051711095191,2648.468748468209
백다다기,2023-03-14,2818.7603782405145,2966.7300659966822
백다다기,2023-03-21,2632.77747775604,2535.2266206894565
백다다기,2023-03-28,2002.9565770138352,2358.535887231406
백다다기,2023-04-04,2178.158817147974,1760.8725448576101
백다다기,2023-04-11,1738.0570744679228,2076.980645221089
백다다기,2023-04-18,2268.8395527635494,1599.87423887399
백다다기,2023-04-25,1663.3901962358698,2038.062538078512
백다다기,2023-05-02,1655.4149711501107,1576.144482539955
백다다기,2023-05-09,1555.6215635447045,1513.2574330180855
백다다기,2023-05-16,1661.6730833185723,1482.0728159840505
백다다기,2023-05-23,1953.1545843074796,1552.7252017633705
백다다기,2023-05-30,1900.9219774854103,1729.3924386909257
백다다기,2023-06-06,1530.3193971798598,1697.890049820736
백다다기,2023-06-13,1332.0004157864842,1589.8173448606622
백다다기,2023-06-20,1538.9245440578593,1415.4953823217509
백다다기,2023-06-27,2008.59276309222,1702.173148989483
백다다기,2023-07-04,1478.214199226298,2022.4245921875215
백다다기,2023-07-11,3019.2781185805993,1633.9417359926854
백다다기,2023-07-18,1716.9179959298183,2743.5871267648004
백다다기,2023-07-25,1730.9358105821152,1911.9644904592346
백다다기,2023-08-01,2408.023015827696,2162.057501210983
백다다기,2023-08-08,2946.741626826674,2623.6045778654125
백다다기,2023-08-15,2489.263446003285,2939.406156371225
백다다기,2023-08-22,3366.2784089388347,2463.8132549351635
백다다기,2023-08-29,2273.282492858875,2805.252761216482
백다다기,2023-09-05,1898.4242360915662,2071.264706884137
백다다기,2023-09-12,2803.2875342075013,1990.3128404986633
백다다기,2023-09-19,3187.4722143935123,2518.4338674165874
백다다기,2023-09-26,2744.1828622886205,2684.115725097955
백다다기,2023-10-03,3219.9693292319994,2341.138933096779
백다다기,2023-10-10,2038.1894405898463,2659.8144795693624
백다다기,2023-10-17,2133.7069568151474,1764.3568513493171
백다다기,2023-10-24,2185.1364851088947,2310.4954798727117
백다다기,2023-10-31,2215.3016498880065,2054.686432715348
백다다기,2023-11-07,4761.780621578451,2188.1170889383534
백다다기,2023-11-14,3601.1871874133485,3752.08816563652
백다다기,2023-11-21,2745.171936883133,2790.941793386365
백다다기,2023-11-28,3162.6329935008325,2711.6441907051676
백다다기,2023-12-05,3196.40328181183,3067.1170436082753
백다다기,2023-12-12,4228.395328755567,3230.5861884998453
백다다기,2023-12-19,5703.633962974796,3828.897096509878
백다다기,2023-12-26,3944.654239879852,4748.999056133398
브로코리(국산),2023-01-03,2597.114992754936,3065.8435445704454
브로코리(국산),2023-01-10,1714.0418170878459,2712.9492264449186
브로코리(국산),2023-01-17,2238.854170462413,1881.3855331235952
브로코리(국산),2023-01-24,2321.8329712991635,2363.4608778344655
브로코리(국산),2023-01-31,2304.754147082457,2242.1567523214962
브로코리(국산),2023-02-07,2157.9704534516313,2307.752251743337
브로코리(국산),2023-02-14,2257.8104936410637,2408.873569887461
브로코리(국산),2023-02-21,2896.0865355434485,2392.507347901904
브로코리(국산),2023-02-28,2928.7650434069824,2960.8417111842423
브로코리(국산),2023-03-07,3176.433121019108,2944.8289162473097
브로코리(국산),2023-03-14,3389.276704940849,3187.054612930609
브로코리(국산),2023-03-21,4115.291796109385,3564.507873501819
브로코리(국산),2023-03-28,4127.287853577371,4270.187371071235
브로코리(국산),2023-04-04,5621.865569765771,4425.640037469285
브로코리(국산),2023-04-11,5974.049815498155,5120.4399385855095
브로코리(국산),2023-04-18,6852.515847860539,5850.849722701191
브로코리(국산),2023-04-25,3811.8838028169016,6099.620545326073
브로코리(국산),2023-05-02,4281.5363986669445,3607.5521950710763
브로코리(국산),2023-05-09,3459.040990708585,4012.507165195772
브로코리(국산),2023-05-16,2827.4129289294433,3131.4843470014503
브로코리(국산),2023-05-23,2749.8207784934193,2683.617503534567
브로코리(국산),2023-05-30,2652.1369010912404,2688.006585640608
브로코리(국산),2023-06-06,2448.021335795779,2582.58500654817
브로코리(국산),2023-06-13,3132.941525961253,2483.617299904707
브로코리(국산),2023-06-20,3315.031452969216,3146.8488844310764
브로코리(국산),2023-06-27,3682.747571334113,3471.5569292090254
브로코리(국산),2023-07-04,4057.501024170422,3890.6151467396485
브로코리(국산),2023-07-11,4569.013145361021,4166.015532105628
브로코리(국산),2023-07-18,4455.722793719545,4719.304810318679
브로코리(국산),2023-07-25,6029.394812680115,4872.86715570368
브로코리(국산),2023-08-01,6764.62043703423,6402.884209593481
브로코리(국산),2023-08-08,5615.9163279571285,6644.611039233066
브로코리(국산),2023-08-15,8090.988259266447,5136.694701292855
브로코리(국산),2023-08-22,8476.087328976675,7414.449348882419
브로코리(국산),2023-08-29,7055.929257047842,7511.683785152318
브로코리(국산),2023-09-05,6204.285062069265,5827.486345007722
브로코리(국산),2023-09-12,4916.716695994203,5391.249444687931
브로코리(국산),2023-09-19,5723.532064949975,4453.753482368746
브로코리(국산),2023-09-26,4515.111437250418,4706.8297109313335
브로코리(국산),2023-10-03,3877.027319741153,3879.5527070279513
브로코리(국산),2023-10-10,3279.0938587232713,3769.9904331225816
브로코리(국산),2023-10-17,2975.851908788112,3273.4482733998275
브로코리(국산),2023-10-24,2358.2842599061782,2852.4252866182255
브로코리(국산),2023-10-31,2072.874418949201,2295.629065808848
브로코리(국산),2023-11-07,2365.147557043145,2112.116706440022
브로코리(국산),2023-11-14,2214.8088426059385,2257.44274757971
브로코리(국산),2023-11-21,2199.0140114167098,2261.5295527534713
브로코리(국산),2023-11-28,2595.8525878003697,2226.1666933412657
브로코리(국산),2023-12-05,2130.768993586581,2572.4197009536747
브로코리(국산),2023-12-12,2121.4936346679706,2316.791906140657
브로코리(국산),2023-12-19,2613.202195510855,2369.892968904181
브로코리(국산),2023-12-26,2229.9837431416377,2832.6085750441475
빨강파프리카,2023-01-03,5737.64695317411,6085.9585354711735
빨강파프리카,2023-01-10,5261.8672698962955,6258.851705062219
빨강파프리카,2023-01-17,6537.865941151259,6000.732780423654
빨강파프리카,2023-01-24,6953.312278084672,5960.741511497072
빨강파프리카,2023-01-31,6240.53857554319,6547.43327435015
빨강파프리카,2023-02-07,6246.0418711154725,5735.755270170129
빨강파프리카,2023-02-14,6847.311705780109,6187.924468172724
빨강파프리카,2023-02-21,7194.462109010514,6464.413117566709
빨강파프리카,2023-02-28,5930.9802898442695,6261.942337978963
빨강파프리카,2023-03-07,6096.317181641136,5062.218874157441
빨강파프리카,2023-03-14,5672.079215089968,5548.126004063476
빨강파프리카,2023-03-21,4305.386744105261,4889.709033516333
빨강파프리카,2023-03-28,4399.230991487565,3833.8400321331787
빨강파프리카,2023-04-04,4276.822141113773,4034.73044549867
빨강파프리카,2023-04-11,3884.0551048888424,3913.764447129431
빨강파프리카,2023-04-18,3098.5382562631935,3644.8223896562677
빨강파프리카,2023-04-25,3432.659687275669,2919.349736525232
빨강파프리카,2023-05-02,3746.5060651126123,3450.748145946015
빨강파프리카,2023-05-09,4551.750062471457,3752.4150885184163
빨강파프리카,2023-05-16,3368.831641303378,3880.9461439312854
빨강파프리카,2023-05-23,3395.7615262569657,2948.511396580895
빨강파프리카,2023-05-30,3581.7703008977246,3263.094022180748
빨강파프리카,2023-06-06,3114.711486081039,3285.6327154233577
빨강파프리카,2023-06-13,3045.6682221840715,2834.0062210918904
빨강파프리카,2023-06-20,2449.244007375538,2817.303046666078
빨강파프리카,2023-06-27,1890.6275977771843,2392.1638889866585
빨강파프리카,2023-07-04,1809.945822914663,2093.074543661633
빨강파프리카,2023-07-11,2590.8834228304177,2130.330324360173
빨강파프리카,2023-07-18,2246.24419044648,2780.276742530096
빨강파프리카,2023-07-25,2415.6963460210063,2756.3803125670765
빨강파프리카,2023-08-01,3890.079246324315,2874.604038114666
빨강파프리카,2023-08-08,6249.100499745366,4253.020993086627
빨강파프리카,2023-08-15,5411.65525948568,6393.90543676249
빨강파프리카,2023-08-22,5863.484973329286,5062.278330451419
빨강파프리카,2023-08-29,6098.132475198888,5706.2465724304075
빨강파프리카,2023-09-05,5930.741768082392,6101.162918404984
빨강파프리카,2023-09-12,4049.1605777621485,4970.057653152661
빨강파프리카,2023-09-19,3879.587494406946,3956.1608135322153
빨강파프리카,2023-09-26,4510.570892259446,4074.8570716313006
빨강파프리카,2023-10-03,4801.191694380489,4339.430371943841
빨강파프리카,2023-10-10,4706.693404634581,4757.3597715717415
빨강파프리카,2023-10-17,5036.161561398753,4473.710082599569
빨강파프리카,2023-10-24,3380.3495543760437,4053.0746213934867
빨강파프리카,2023-10-31,2345.3044183541865,2952.6989550600592
빨강파프리카,2023-11-07,2646.331649224107,2129.223955491968
빨강파프리카,2023-11-14,2263.644422767014,2622.471928783354
빨강파프리카,2023-11-21,2254.0432162892166,2321.2770708623993
빨강파프리카,2023-11-28,2733.869381057915,2574.3824953260278
빨강파프리카,2023-12-05,2963.186246519801,2977.80470782383
빨강파프리카,2023-12-12,4209.413973512491,3613.680292351785
빨강파프리카,2023-12-19,5034.642208057601,4647.377970041065
빨강파프리카,2023-12-26,4916.85778387137,5169.996698645572
새송이(일반),2023-01-03,3183.665895020402,3100.849831324707
새송이(일반),2023-01-10,3450.226645834539,3243.6885579546247
새송이(일반),2023-01-17,2417.5183053177775,3464.5958793733225
새송이(일반),2023-01-24,2309.2942884235977,2328.7094112486297
새송이(일반),2023-01-31,2287.6731063548696,2337.2416644248633
새송이(일반),2023-02-07,2419.610872896306,2332.52247443454
새송이(일반),2023-02-14,2620.410221634706,2496.8397816836095
새송이(일반),2023-02-21,2927.1880259804116,2577.7814609908423
새송이(일반),2023-02-28,2783.699225858187,2798.686325008789
새송이(일반),2023-03-07,2471.0887130712904,2586.0068081857485
새송이(일반),2023-03-14,2227.8285328672164,2432.752283204519
새송이(일반),2023-03-21,2200.466551203837,2299.6552569716155
새송이(일반),2023-03-28,2146.2054005951222,2279.198351693812
새송이(일반),2023-04-04,2190.1153289823997,2206.0055395256695
새송이(일반),2023-04-11,2127.10546644627,2238.849958703921
새송이(일반),2023-04-18,2148.781140665177,2169.566385180203
새송이(일반),2023-04-25,2397.2764999104047,2221.0647312700103
새송이(일반),2023-05-02,2257.0767594907607,2413.84865048781
새송이(일반),2023-05-09,2021.4587795556677,2235.1178605341606
새송이(일반),2023-05-16,1978.5133341066987,1996.6633271488506
새송이(일반),2023-05-23,1992.8346490383587,1969.720276583423
새송이(일반),2023-05-30,2180.1219491424386,1990.4960540305362
새송이(일반),2023-06-06,1909.2985471411655,2255.5098326088546
새송이(일반),2023-06-13,1668.5377174793966,1914.8992655275838
새송이(일반),2023-06-20,1614.6123439608991,1747.9457740784558
새송이(일반),2023-06-27,1731.7935826498358,1729.0677464895666
새송이(일반),2023-07-04,1799.2212773823828,1744.8229442792713
새송이(일반),2023-07-11,2005.2550817314484,1780.5724856106885
새송이(일반),2023-07-18,2101.105529022145,1905.9360650901199
새송이(일반),2023-07-25,2230.677214437079,2418.1610284415774
새송이(일반),2023-08-01,2011.9791474981112,2285.3926172449237
새송이(일반),2023-08-08,2237.814370368485,2226.7166415874835
새송이(일반),2023-08-15,2125.9017249215844,2480.3688825995623
새송이(일반),2023-08-22,2475.649922408475,2406.4691265891183
새송이(일반),2023-08-29,2698.205964043128,2612.0757935472666
새송이(일반),2023-09-05,2937.944901815899,2734.6676399730695
새송이(일반),2023-09-12,2896.724749139636,2959.9458166087607
새송이(일반),2023-09-19,2669.461790779294,2909.7048185618764
새송이(일반),2023-09-26,2454.0164040849036,2625.0286869971383
새송이(일반),2023-10-03,2535.277983916815,2476.7577354372997
새송이(일반),2023-10-10,2570.10852585354,2556.387699847216
새송이(일반),2023-10-17,2636.301749807124,2558.9160806586556
새송이(일반),2023-10-24,2478.951513499281,2550.249384118788
새송이(일반),2023-10-31,2199.6654838471204,2433.5065303705064
새송이(일반),2023-11-07,2206.070274146395,2187.881297871267
새송이(일반),2023-11-14,2105.228009462064,2190.304133806895
새송이(일반),2023-11-21,2132.080697789092,2164.409736887147
새송이(일반),2023-11-28,2343.7883929905447,2213.7751312876853
새송이(일반),2023-12-05,2232.8885340216784,2415.151422012646
새송이(일반),2023-12-12,2849.1103667476427,2422.2402761472954
새송이(일반),2023-12-19,3659.178898748269,2862.185110903472
새송이(일반),2023-12-26,2691.942726626301,3597.411937542684
수미,2023-01-03,1795.3771333591649,2032.4609075284673
수미,2023-01-10,1875.4041615639696,1875.9699014097973
수미,2023-01-17,1977.8318072554453,1864.372055376618
수미,2023-01-24,1994.4451504048684,1945.0899659877061
수미,2023-01-31,1870.2371396786505,1975.1039362616698
수미,2023-02-07,2188.6256717002534,1876.9586628287996
수미,2023-02-14,2303.395504543281,2296.8854929788777
수미,2023-02-21,2717.44223845156,2347.0443676691916
수미,2023-02-28,2555.398093350908,2462.9329327595437
수미,2023-03-07,2901.605666772329,2426.0363144198304
수미,2023-03-14,2896.8947022767074,2805.835575925789
수미,2023-03-21,3110.117501216657,2726.007007273976
수미,2023-03-28,3106.683960095164,2968.129843563476
수미,2023-04-04,3244.2281410093,2937.460138014578
수미,2023-04-11,2893.6929623046576,2979.2115636886806
수미,2023-04-18,2883.280754588668,2831.857087726591
수미,2023-04-25,2976.276870887416,2856.7257230472387
수미,2023-05-02,2954.209424142648,2827.0869945525374
수미,2023-05-09,2310.0879504054487,2817.2253846628537
수미,2023-05-16,2122.4313277683686,2180.9431861689936
수미,2023-05-23,2045.3876492418706,2041.809409929821
수미,2023-05-30,1235.6467228330716,1909.2446847880656
수미,2023-06-06,1230.6499102333933,1230.170414905602
수미,2023-06-13,1263.5338587070228,1201.8849000850414
수미,2023-06-20,1129.4395648778911,1224.2887398198184
수미,2023-06-27,1087.499684211856,1169.3761663457087
수미,2023-07-04,1112.7385125970764,1135.7704422007866
수미,2023-07-11,1314.2899081804742,1147.2312215636236
수미,2023-07-18,1204.3943568739398,1352.4462468334266
수미,2023-07-25,1323.041782607743,1327.5628299045122
수미,2023-08-01,1293.8966733541104,1404.9513560577138
수미,2023-08-08,1211.1187509723218,1416.8129221622798
수미,2023-08-15,1272.3203874786977,1312.200010853842
수미,2023-08-22,1339.1305393831497,1351.798657760966
수미,2023-08-29,1370.659161429756,1406.0470639038465
수미,2023-09-05,1285.7196559272936,1368.6166638134391
수미,2023-09-12,1361.6545456382826,1353.863390818226
수미,2023-09-19,1298.0266971657763,1403.5332495629016
수미,2023-09-26,1490.7089116914851,1347.1698622758036
수미,2023-10-03,1263.202431942506,1503.669140142966
수미,2023-10-10,1142.9939526976134,1314.413717409658
수미,2023-10-17,1506.025443869705,1265.84771187821
수미,2023-10-24,1517.527386541471,1343.8195592512222
수미,2023-10-31,2042.6142901977194,1503.4451940717597
수미,2023-11-07,1559.8074670458673,1829.656381237439
수미,2023-11-14,1570.313429437986,1424.6297156823296
수미,2023-11-21,1564.6753541154328,1486.79841408509
수미,2023-11-28,1492.019620845121,1492.2918172393217
수미,2023-12-05,1527.670160794703,1425.5843543001617
수미,2023-12-12,1804.237115783949,1544.7541611346207
수미,2023-12-19,1969.263078531994,1841.100544915286
수미,2023-12-26,2074.689363271543,1922.5766382871223
시금치(일반),2023-01-03,2099.8126575504084,2367.9553350823603
시금치(일반),2023-01-10,2827.05881726102,2290.790629250097
시금치(일반),2023-01-17,3027.7751771022313,2794.4016342772898
시금치(일반),2023-01-24,2510.0049623526093,2951.15261000599
시금치(일반),2023-01-31,2240.8930219026643,2262.8493437930983
시금치(일반),2023-02-07,2316.9049678278097,2153.238352047895
시금치(일반),2023-02-14,2203.6154905072763,2399.885169463652
시금치(일반),2023-02-21,2135.0523198220963,2298.3192548983234
시금치(일반),2023-02-28,2044.2772213818935,2225.2650438035134
시금치(일반),2023-03-07,1827.6965593330806,2008.0264543416615
시금치(일반),2023-03-14,1905.4674510505815,1865.6589026522952
시금치(일반),2023-03-21,1965.950287883014,1948.3387379152684
시금치(일반),2023-03-28,2249.0316325228073,2057.2701937391325
시금치(일반),2023-04-04,2350.5890601223214,2392.7763936517385
시금치(일반),2023-04-11,2318.971948036511,2429.791518562169
시금치(일반),2023-04-18,2686.7699708638147,2402.914974464934
시금치(일반),2023-04-25,3329.799721163148,2867.778590314846
시금치(일반),2023-05-02,3383.681443359261,3436.1003615917157
시금치(일반),2023-05-09,3143.6909646082386,3499.4470605086913
시금치(일반),2023-05-16,2640.0817603226938,3260.7587074593143
시금치(일반),2023-05-23,2858.8626961180657,2778.7401707571635
시금치(일반),2023-05-30,3299.814252332356,3108.21954193903
시금치(일반),2023-06-06,3627.59467375267,3564.1939219859432
시금치(일반),2023-06-13,3883.905772645116,3725.418764079875
시금치(일반),2023-06-20,4124.1289785084255,4085.18708210361
시금치(일반),2023-06-27,5936.788935698596,4722.849209291172
시금치(일반),2023-07-04,8383.472126074032,6281.491466744987
시금치(일반),2023-07-11,9091.68307230436,9646.287830770158
시금치(일반),2023-07-18,9248.36614532367,8618.981194396662
시금치(일반),2023-07-25,10551.753291495186,10030.603752584355
시금치(일반),2023-08-01,10427.773312984178,10388.434371068972
시금치(일반),2023-08-08,13851.053472128688,9679.819464706006
시금치(일반),2023-08-15,12354.678039658458,11087.724617947068
시금치(일반),2023-08-22,15223.92333117644,10349.195121845394
시금치(일반),2023-08-29,12566.698175300033,12777.603452606389
시금치(일반),2023-09-05,7015.8186506231195,9156.80945099705
시금치(일반),2023-09-12,7771.854359898695,5380.825158067551
시금치(일반),2023-09-19,10862.548680371803,5451.818061437902
시금치(일반),2023-09-26,5460.745867244924,7688.0219930293415
시금치(일반),2023-10-03,4023.3753384678766,4711.868708957919
시금치(일반),2023-10-10,2884.9604161954308,3503.8334692880244
시금치(일반),2023-10-17,3278.735101617368,2699.990655541829
시금치(일반),2023-10-24,2839.055985231866,2882.6709408150455
시금치(일반),2023-10-31,2391.2809738640985,2434.9640602201266
시금치(일반),2023-11-07,2542.7515728299622,2036.9717611584567
시금치(일반),2023-11-14,2490.158543257121,2253.187086463235
시금치(일반),2023-11-21,2633.1332312903014,2266.44412706181
시금치(일반),2023-11-28,2356.1495086559316,2370.2483451929743
시금치(일반),2023-12-05,2603.8694171547604,2226.3561477166927
시금치(일반),2023-12-12,3322.2421331298397,2679.083301157564
시금치(일반),2023-12-19,3159.5251204586684,3260.0710468074562
시금치(일반),2023-12-26,2889.2526843993696,3104.042505545456
애호박,2023-01-03,4089.389808668429,3767.3141469405173
애호박,2023-01-10,4014.217495116128,3801.2815235724456
애호박,2023-01-17,3883.7010178976698,3995.858782278668
애호박,2023-01-24,3793.907141055672,3487.774106681978
애호박,2023-01-31,3752.4857098866414,3195.74328580676
애호박,2023-02-07,4545.127822454651,3302.3826908685423
애호박,2023-02-14,4804.896355978758,3814.235860375614
애호박,2023-02-21,4679.501531347785,3981.994829511411
애호박,2023-02-28,3252.416791149906,3696.0576326678392
애호박,2023-03-07,3140.80903016959,2914.9111832836047
애호박,2023-03-14,2795.63602273251,2787.495580897249
애호박,2023-03-21,3020.1283214640334,2418.846510001468
애호박,2023-03-28,2363.7079603920156,2672.913997651743
애호박,2023-04-04,2307.4681041203203,2101.728161833514
애호박,2023-04-11,2002.069644806652,2060.1761107411407
애호박,2023-04-18,2058.2977041115146,1915.33229515383
애호박,2023-04-25,1880.0652292009122,1988.5611895126115
애호박,2023-05-02,2165.792040093755,1808.3396995920536
애호박,2023-05-09,2263.004513325834,2107.98823798867
애호박,2023-05-16,1907.674593152887,2160.098352158291
애호박,2023-05-23,2184.4481199012484,1874.7373697265994
애호박,2023-05-30,2050.4900731940497,2114.3635053507583
애호박,2023-06-06,1446.506686439626,1938.9505227676614
애호박,2023-06-13,1253.0871226751215,1467.9863250724277
애호박,2023-06-20,1153.2960191912164,1269.180419596665
애호박,2023-06-27,1259.3940306930615,1231.0026693274183
애호박,2023-07-04,1341.616938207185,1335.0638452909652
애호박,2023-07-11,2745.4467540558517,1462.4126545969616
애호박,2023-07-18,2273.26503115702,2444.0666891258224
애호박,2023-07-25,1952.0897024282153,2270.7261514552374
애호박,2023-08-01,1477.0721958637664,2179.219242614792
애호박,2023-08-08,1860.765573888919,1769.0994876615364
애호박,2023-08-15,1836.6208727324636,2198.207398554653
애호박,2023-08-22,2744.0616984845733,2188.360165900547
애호박,2023-08-29,2461.9734495459434,2948.8411693580865
애호박,2023-09-05,2051.2075340833476,2388.078638798011
애호박,2023-09-12,2055.7459879206212,2091.0300069203545
애호박,2023-09-19,1851.0070931308362,2017.6301924578538
애호박,2023-09-26,1977.210891519177,1940.1891483599263
애호박,2023-10-03,1976.3274320071225,2018.5600998936604
애호박,2023-10-10,1960.157655281699,1914.92201338816
애호박,2023-10-17,2276.7431626889875,1996.0139118459363
애호박,2023-10-24,2040.8748908616988,2275.2409287969563
애호박,2023-10-31,2210.5895522881215,2097.0803652132695
애호박,2023-11-07,2528.048333442434,2213.0262554246265
애호박,2023-11-14,2423.146409343058,2446.1765160521472
애호박,2023-11-21,2426.459806799635,2381.730342679687
애호박,2023-11-28,2412.696362901254,2480.1172553533856
애호박,2023-12-05,2584.720306467435,2533.376073040409
애호박,2023-12-12,3582.3941359035184,2862.8815993144776
애호박,2023-12-19,3518.6967202430487,3901.4493274252304
애호박,2023-12-26,3730.8174019418675,3551.8680844022215
양배추(일반),2023-01-03,573.2172119849994,557.73931250617
양배추(일반),2023-01-10,541.3154775937761,578.5727498277954
양배추(일반),2023-01-17,765.4519584505518,543.0424823600194
양배추(일반),2023-01-24,577.4568330684857,738.2511525575679
양배추(일반),2023-01-31,530.690877326854,545.7275215413108
양배추(일반),2023-02-07,687.5621855054267,553.3923046197875
양배추(일반),2023-02-14,640.8681316173786,703.4578085006601
양배추(일반),2023-02-21,648.8790126350183,610.2866054381586
양배추(일반),2023-02-28,608.3636901225678,658.2262363207805
양배추(일반),2023-03-07,562.5539711614003,585.6287978934735
양배추(일반),2023-03-14,698.5853704402573,527.0083834086736
양배추(일반),2023-03-21,621.3696452774889,669.8213792277201
양배추(일반),2023-03-28,707.4001162622704,597.9856353878097
양배추(일반),2023-04-04,757.1637407895437,675.5262222352626
양배추(일반),2023-04-11,753.2754327185459,696.0514816250574
양배추(일반),2023-04-18,716.4191396905068,711.6828763501136
양배추(일반),2023-04-25,651.4994080211604,707.3461384786461
양배추(일반),2023-05-02,968.9454788402434,692.5320368263571
양배추(일반),2023-05-09,1000.1950145928155,879.6471053366683
양배추(일반),2023-05-16,821.1797992762384,888.7211201290276
양배추(일반),2023-05-23,627.7257090419358,805.0679791344384
양배추(일반),2023-05-30,738.3510261219143,607.8393508282787
양배추(일반),2023-06-06,946.5609703625275,728.6550529879779
양배추(일반),2023-06-13,991.9707362155713,827.3889428914484
양배추(일반),2023-06-20,833.4464706835212,901.6230275141444
양배추(일반),2023-06-27,479.49155152572513,794.1597161683897
양배추(일반),2023-07-04,416.86447274967895,531.5781795653664
양배추(일반),2023-07-11,429.20549908001504,477.3518187480504
양배추(일반),2023-07-18,600.7053621232849,445.9805250031643
양배추(일반),2023-07-25,966.8053646417507,615.2362645349749
양배추(일반),2023-08-01,1053.4227996691943,821.1623445791404
양배추(일반),2023-08-08,828.0046556552875,957.3802835050278
양배추(일반),2023-08-15,1019.2984774199352,863.7972376676702
양배추(일반),2023-08-22,1164.4343512416167,1043.7112702183126
양배추(일반),2023-08-29,1027.8114320146085,1163.4377564848942
양배추(일반),2023-09-05,1106.136338184458,1047.5183234786869
양배추(일반),2023-09-12,1280.9186754205205,1110.9301366491072
양배추(일반),2023-09-19,1570.6521130025942,1258.8273417926393
양배추(일반),2023-09-26,1193.8939360788274,1430.83303894105
양배추(일반),2023-10-03,1123.326030884291,1116.6456914597068
양배추(일반),2023-10-10,1086.4589043537942,1100.526318775938
양배추(일반),2023-10-17,849.7360502832894,1051.4050738711699
양배추(일반),2023-10-24,926.950731106609,834.380337399702
양배추(일반),2023-10-31,632.2778047060897,885.6648667544763
양배추(일반),2023-11-07,523.7959343632407,600.1350929272543
양배추(일반),2023-11-14,475.0818994090551,519.5577167755466
양배추(일반),2023-11-21,520.8420525390163,511.62200261276314
양배추(일반),2023-11-28,555.3719669096212,525.8139559242425
양배추(일반),2023-12-05,583.6101721018479,557.2665009984769
양배추(일반),2023-12-12,922.0271967963046,577.9846906840922
양배추(일반),2023-12-19,682.8400606127595,821.3596232247878
양배추(일반),2023-12-26,510.30276482722826,739.1137809469412
양상추(일반),2023-01-03,2273.2166099587475,1963.707407473935
양상추(일반),2023-01-10,2108.8908568373213,2437.781795861671
양상추(일반),2023-01-17,2565.0404910327284,2069.5817359461844
양상추(일반),2023-01-24,2810.2447022921624,2455.4295369864594
양상추(일반),2023-01-31,2648.7342541772377,2465.1953968457265
양상추(일반),2023-02-07,3116.430533712226,2115.5726394584535
양상추(일반),2023-02-14,2863.2371524506925,2820.5861955522955
양상추(일반),2023-02-21,2847.8127493930383,2527.6632643338744
양상추(일반),2023-02-28,1971.4822923970419,2385.4638384930386
양상추(일반),2023-03-07,1475.3072452128954,1772.4952585766011
양상추(일반),2023-03-14,1410.819099430644,1472.6040526217573
양상추(일반),2023-03-21,1184.4024431803286,1387.4710016913095
양상추(일반),2023-03-28,1509.281255380808,1218.9226687824414
양상추(일반),2023-04-04,1532.8803976729578,1460.8181928841366
양상추(일반),2023-04-11,1414.2028487216244,1421.0744831559557
양상추(일반),2023-04-18,1866.9280435907328,1394.8975993827728
양상추(일반),2023-04-25,1829.8624484592258,1784.9107135915726
양상추(일반),2023-05-02,1655.0634982006366,1762.6419299366135
양상추(일반),2023-05-09,1233.487077095667,1654.1625590895937
양상추(일반),2023-05-16,1012.2533823073014,1279.942666494553
양상추(일반),2023-05-23,930.3622331919628,1055.9730135249097
양상추(일반),2023-05-30,1206.2535596693256,987.9413351852925
양상추(일반),2023-06-06,1119.4471196718387,1257.723830163074
양상추(일반),2023-06-13,1037.109771907081,1128.574617541893
양상추(일반),2023-06-20,1047.2146974356885,1057.3376668288013
양상추(일반),2023-06-27,1315.2534135616756,1152.9877517656594
양상추(일반),2023-07-04,1671.220256598655,1422.4812726107643
양상추(일반),2023-07-11,2218.4477042337508,1686.2855704454782
양상추(일반),2023-07-18,1833.9433489383837,2164.2703670443057
양상추(일반),2023-07-25,2738.8073538654935,1928.4277151964627
양상추(일반),2023-08-01,2480.3597199018946,2353.3633893617525
양상추(일반),2023-08-08,2408.7507839331042,2273.888579905076
양상추(일반),2023-08-15,2023.9243243243243,2402.1341257467266
양상추(일반),2023-08-22,2332.6416871015203,2022.3075352535873
양상추(일반),2023-08-29,2479.1501080666526,2248.6038422717115
양상추(일반),2023-09-05,2139.619863995206,2338.739054249454
양상추(일반),2023-09-12,2194.2148964834623,2047.1171129129093
양상추(일반),2023-09-19,2946.3994570486716,2010.1755083535554
양상추(일반),2023-09-26,2881.2534136758463,2658.919402422201
양상추(일반),2023-10-03,2679.3096380109046,2557.307374517712
양상추(일반),2023-10-10,2974.31700136881,2385.4460322869713
양상추(일반),2023-10-17,2205.780966920356,2582.466918685577
양상추(일반),2023-10-24,1418.5123442089387,1997.370889226072
양상추(일반),2023-10-31,994.0292467836911,1462.7593880732616
양상추(일반),2023-11-07,1350.1000612246762,1046.2190651112585
양상추(일반),2023-11-14,1477.9438127432902,1306.3801544117675
양상추(일반),2023-11-21,1719.3102621620233,1441.1289952531472
양상추(일반),2023-11-28,1524.049368121816,1767.7152937791473
양상추(일반),2023-12-05,1495.0241388502207,1603.9642831705653
양상추(일반),2023-12-12,1453.2856991477315,1576.413858182124
양상추(일반),2023-12-19,1838.5947839626315,1500.573106277774
양상추(일반),2023-12-26,1905.983291562239,1951.9418556913363
양송이(일반),2023-01-03,7999.048852017227,7467.22207573589
양송이(일반),2023-01-10,8708.222609120621,7834.351155411317
양송이(일반),2023-01-17,6695.187508585558,8742.154969362986
양송이(일반),2023-01-24,6894.884029158383,6671.147697919887
양송이(일반),2023-01-31,6157.2332669901825,7042.212527050996
양송이(일반),2023-02-07,6169.111847294526,6480.278169630685
양송이(일반),2023-02-14,7772.206201291737,6890.8633758746255
양송이(일반),2023-02-21,8592.468816776822,7766.589244279524
양송이(일반),2023-02-28,8625.217625855177,8711.578029543407
양송이(일반),2023-03-07,7878.344422423556,8741.422213287931
양송이(일반),2023-03-14,7841.399314306474,7734.600680709347
양송이(일반),2023-03-21,7734.875745264602,7844.041558752197
양송이(일반),2023-03-28,7051.366944207697,7631.816614428518
양송이(일반),2023-04-04,8236.685304485232,7386.860035645161
양송이(일반),2023-04-11,7336.105169554664,8380.888258187919
양송이(일반),2023-04-18,6540.091036414566,7666.479268878122
양송이(일반),2023-04-25,7767.681990073269,6945.426974398742
양송이(일반),2023-05-02,7231.046642090078,7774.120703079169
양송이(일반),2023-05-09,5952.462336866077,7718.944584095523
양송이(일반),2023-05-16,6494.9101595673355,6777.403829131056
양송이(일반),2023-05-23,7362.450607083842,6862.717012263953
양송이(일반),2023-05-30,9085.605357695144,7730.816173384822
양송이(일반),2023-06-06,7505.282795174001,8839.524901588815
양송이(일반),2023-06-13,7838.429092567259,7831.649843386453
양송이(일반),2023-06-20,7910.2089598272805,7942.924714795677
양송이(일반),2023-06-27,8381.714850841305,7829.429475973479
양송이(일반),2023-07-04,8145.653825000655,8916.24420445818
양송이(일반),2023-07-11,8539.891757335048,8215.983498472538
양송이(일반),2023-07-18,7717.839711961595,8737.856402338797
양송이(일반),2023-07-25,9208.8481233317,8422.352316977243
양송이(일반),2023-08-01,9482.473574848676,9209.667980321803
양송이(일반),2023-08-08,8608.790470372633,9691.297061752199
양송이(일반),2023-08-15,8943.946294187886,9147.932733735322
양송이(일반),2023-08-22,10041.64603788279,9122.5476719164
양송이(일반),2023-08-29,11696.172914788694,10035.720911671977
양송이(일반),2023-09-05,10210.324951546729,9868.673347406322
양송이(일반),2023-09-12,9362.842976539196,8936.9172952623
양송이(일반),2023-09-19,7577.879599216098,8864.696365488586
양송이(일반),2023-09-26,8534.291316946443,7926.772350294958
양송이(일반),2023-10-03,9265.845261331599,9286.526703627213
양송이(일반),2023-10-10,6911.178438574738,9134.121856030633
양송이(일반),2023-10-17,6913.957124307709,7766.789323808125
양송이(일반),2023-10-24,7101.5061384634855,7621.5223299428235
양송이(일반),2023-10-31,7203.505476480237,7741.328804768288
양송이(일반),2023-11-07,7699.179934899447,7520.48009197062
양송이(일반),2023-11-14,6269.974522872546,7367.226778445772
양송이(일반),2023-11-21,5762.258588672238,6685.995490623171
양송이(일반),2023-11-28,6015.8426915000455,6299.737898555232
양송이(일반),2023-12-05,6021.329105923991,6916.129291025313
양송이(일반),2023-12-12,9316.697074616963,7128.13884963813
양송이(일반),2023-12-19,11893.253058103975,9586.648383858315
양송이(일반),2023-12-26,5977.232117124906,11428.92279248176
영양부추,2023-01-03,34840.25566270464,17318.054765979094
영양부추,2023-01-10,40838.09523809524,19477.52111061138
영양부추,2023-01-17,42711.72676634418,19172.76422410322
영양부추,2023-01-24,18336.492471213463,18518.532971627752
영양부추,2023-01-31,18448.472837491256,14891.989147699729
영양부추,2023-02-07,17361.431742508325,15963.211501617083
영양부추,2023-02-14,9720.70093457944,17467.579712198978
영양부추,2023-02-21,9555.757097791799,9620.810440163345
영양부추,2023-02-28,8468.684773882793,8383.101922698721
영양부추,2023-03-07,7178.241828669088,9102.548677546756
영양부추,2023-03-14,13246.654456654456,8090.519432546137
영양부추,2023-03-21,7830.489197677739,12199.125963402668
영양부추,2023-03-28,6546.501600284495,7656.896904649304
영양부추,2023-04-04,5035.400076447729,6046.731908992249
영양부추,2023-04-11,3185.1457445919987,5160.581032727665
영양부추,2023-04-18,3071.812887469472,3608.9371962279206
영양부추,2023-04-25,2936.090210747804,3334.2648715913706
영양부추,2023-05-02,3313.6292076476125,3048.415558745994
영양부추,2023-05-09,4934.614772727273,3427.3149958902377
영양부추,2023-05-16,5756.596299453442,4744.104679931903
영양부추,2023-05-23,5350.0,5379.5238522122
영양부추,2023-05-30,4190.943577430972,4780.515623935198
영양부추,2023-06-06,5301.63678348275,4134.380752530721
영양부추,2023-06-13,5566.173532489773,4793.167732794573
영양부추,2023-06-20,3821.3698278077613,4857.615590547546
영양부추,2023-06-27,3560.2743399339934,4099.006399286841
영양부추,2023-07-04,3689.6232741617355,3906.628083543916
영양부추,2023-07-11,4768.113181880016,3921.64741584996
영양부추,2023-07-18,6343.972993742453,5084.284024709848
영양부추,2023-07-25,11031.971735725474,7674.289086318285
영양부추,2023-08-01,10342.882723073833,11033.354237532221
영양부추,2023-08-08,9162.662337662337,8934.472689390477
영양부추,2023-08-15,7753.708972811404,9316.306338843257
영양부추,2023-08-22,4814.2448249425,8267.496265284288
영양부추,2023-08-29,5984.571631709919,5905.843917446787
영양부추,2023-09-05,5922.598207773262,7414.749008613946
영양부추,2023-09-12,5155.41723630245,6645.8259017832515
영양부추,2023-09-19,6226.83529859262,5651.085329569039
영양부추,2023-09-26,6888.846985600507,6723.402525672601
영양부추,2023-10-03,6905.072404483351,8160.579423769748
영양부추,2023-10-10,9363.076286003497,8425.163740252421
영양부추,2023-10-17,12979.944640161048,11027.266588650116
영양부추,2023-10-24,18475.361294376373,16015.642825868657
영양부추,2023-10-31,20570.545398202667,20342.978330004757
영양부추,2023-11-07,30908.340327318507,19426.82154615736
영양부추,2023-11-14,35135.475234270416,19923.07118067693
영양부추,2023-11-21,32086.260908480643,20470.200228692323
영양부추,2023-11-28,26808.82044835533,19852.17894539836
영양부추,2023-12-05,21437.250623441396,19410.604062831066
영양부추,2023-12-12,20879.706601466994,19688.512860730767
영양부추,2023-12-19,38295.7893148204,19078.293527156293
영양부추,2023-12-26,34692.740397711794,20686.714318403087
오이맛고추,2023-01-03,6316.865055106283,5903.270024696242
오이맛고추,2023-01-10,6822.7576047445955,6632.41757004292
오이맛고추,2023-01-17,7216.54953647626,6958.0970186950735
오이맛고추,2023-01-24,6524.451705932972,6900.07928858257
오이맛고추,2023-01-31,8021.753890560707,5600.5483502419165
오이맛고추,2023-02-07,10105.808460793369,6461.391444224569
오이맛고추,2023-02-14,10298.1467263557,7291.727641647418
오이맛고추,2023-02-21,6632.532011336675,6984.671799682169
오이맛고추,2023-02-28,6516.967893061475,4983.481264344177
오이맛고추,2023-03-07,5792.3657468771335,5567.101519466291
오이맛고추,2023-03-14,3400.364549841608,4800.860752002352
오이맛고추,2023-03-21,3867.901245556881,3487.1719885653756
오이맛고추,2023-03-28,3888.2914861545923,3595.3616292046627
오이맛고추,2023-04-04,4706.856331581105,3507.5484090755467
오이맛고추,2023-04-11,4233.093686414964,4140.74331552934
오이맛고추,2023-04-18,2944.572007988124,3357.536372094426
오이맛고추,2023-04-25,2949.0660448002664,2595.5173716649506
오이맛고추,2023-05-02,4599.925257079481,2864.105041452168
오이맛고추,2023-05-09,4221.458950131977,3843.9380385733175
오이맛고추,2023-05-16,2762.1712211885165,3456.6923357800197
오이맛고추,2023-05-23,3270.3914696084835,2512.5442656012433
오이맛고추,2023-05-30,3498.248524219481,3110.920328966158
오이맛고추,2023-06-06,3254.721921661978,3286.9149295465363
오이맛고추,2023-06-13,4157.765391518717,2946.945926659872
오이맛고추,2023-06-20,2551.28873747495,3653.0377017302367
오이맛고추,2023-06-27,2291.7577854977935,2428.7256902328063
오이맛고추,2023-07-04,2236.4383250393166,2573.707954674237
오이맛고추,2023-07-11,3329.1696749192274,2524.9145337145665
오이맛고추,2023-07-18,2062.322881331775,3430.998216973783
오이맛고추,2023-07-25,2631.928280302771,2065.833705117649
오이맛고추,2023-08-01,3816.3244465821053,2567.277727750968
오이맛고추,2023-08-08,2446.8363186362644,3786.186061408858
오이맛고추,2023-08-15,1930.752313383706,2367.784918204102
오이맛고추,2023-08-22,2464.763753840557,2470.3718258742233
오이맛고추,2023-08-29,3424.639267737246,2736.0932539996274
오이맛고추,2023-09-05,3402.472186623577,3515.9628607536683
오이맛고추,2023-09-12,2996.7853262978197,3192.8399006462464
오이맛고추,2023-09-19,3448.3394371492627,2645.1743385339073
오이맛고추,2023-09-26,2919.834382330697,3704.7251637480026
오이맛고추,2023-10-03,3983.3236133320793,2773.9781369654515
오이맛고추,2023-10-10,4108.07279887183,4083.095872016715
오이맛고추,2023-10-17,4257.428660325362,4119.554229455733
오이맛고추,2023-10-24,3554.709264105776,4135.020495149145
오이맛고추,2023-10-31,2215.134155904746,3553.330029252204
오이맛고추,2023-11-07,2546.715943539567,2076.9403126562042
오이맛고추,2023-11-14,2501.8495333182864,2650.2946473944853
오이맛고추,2023-11-21,3191.337508526074,2477.6845563181214
오이맛고추,2023-11-28,3660.1497547640106,3344.149523494914
오이맛고추,2023-12-05,3105.001606436923,3521.8375732349796
오이맛고추,2023-12-12,3809.846030971292,3377.2733899851605
오이맛고추,2023-12-19,4764.099158919876,4297.315309926153
오이맛고추,2023-12-26,5199.2035121522495,4876.602552636592
완숙토마토,2023-01-03,1858.1213674145365,1682.9128922729196
완숙토마토,2023-01-10,1972.7141046532681,2054.3687843439247
완숙토마토,2023-01-17,1652.691842685442,2134.5686327442368
완숙토마토,2023-01-24,2414.8743177799984,1700.7413482722172
완숙토마토,2023-01-31,2566.506241540081,2456.6622233064763
완숙토마토,2023-02-07,3103.7826504761074,2450.5766590512258
완숙토마토,2023-02-14,3615.3324641460235,2965.590757799255
완숙토마토,2023-02-21,3099.3487440062977,3421.6283531964364
완숙토마토,2023-02-28,2301.8485147939314,2778.35443509159
완숙토마토,2023-03-07,2474.0681218124273,2248.9073186945852
완숙토마토,2023-03-14,3171.788873455662,2567.4272434391974
완숙토마토,2023-03-21,2926.1928516931744,2928.9164533099433
완숙토마토,2023-03-28,2503.747701177991,2624.126290443066
완숙토마토,2023-04-04,1970.5116262243487,2300.2822516645756
완숙토마토,2023-04-11,1919.3189300777706,1836.1427548563565
완숙토마토,2023-04-18,1788.2138281765597,1831.988321035557
완숙토마토,2023-04-25,1659.927363648592,1633.2793286746742
완숙토마토,2023-05-02,1756.147556715673,1582.7784656936672
완숙토마토,2023-05-09,1767.8844473569245,1621.5589014603177
완숙토마토,2023-05-16,1428.365271761166,1705.0263858837454
완숙토마토,2023-05-23,1587.8532814316138,1352.6192617556803
완숙토마토,2023-05-30,1851.3983644331993,1500.2216502781948
완숙토마토,2023-06-06,2020.322649119083,1769.263151982192
완숙토마토,2023-06-13,1712.8180000783975,1904.7186214530082
완숙토마토,2023-06-20,1390.735100428054,1581.975963406785
완숙토마토,2023-06-27,2238.9838556505224,1422.0885035072135
완숙토마토,2023-07-04,2114.968271743188,2209.5420552033297
완숙토마토,2023-07-11,1608.5934923601187,2081.2453584551795
완숙토마토,2023-07-18,1883.401226362506,1550.912132220616
완숙토마토,2023-07-25,2458.3206295579084,1947.8828019013151
완숙토마토,2023-08-01,2645.216981536221,2470.2671465430144
완숙토마토,2023-08-08,3046.7958115183246,2566.1641426208143
완숙토마토,2023-08-15,4288.269660347099,2815.2391531295884
완숙토마토,2023-08-22,4210.128049133786,3716.6165788717253
완숙토마토,2023-08-29,4523.294829482948,3859.7844220915
완숙토마토,2023-09-05,3641.184734254273,3866.1698007021137
완숙토마토,2023-09-12,3952.2119630670413,3030.8083593852784
완숙토마토,2023-09-19,2935.7368089131805,3486.3301076393745
완숙토마토,2023-09-26,2743.510197027307,2878.3491436351455
완숙토마토,2023-10-03,5501.049193308918,2692.769355107018
완숙토마토,2023-10-10,6192.89573514197,4422.971123124557
완숙토마토,2023-10-17,4795.554463956772,5007.426067552659
완숙토마토,2023-10-24,3090.351196986268,3633.6899410084106
완숙토마토,2023-10-31,3028.771733034212,2853.3576223925943
완숙토마토,2023-11-07,2973.5824134352297,2688.898085357352
완숙토마토,2023-11-14,3363.4438465544176,2683.802123636071
완숙토마토,2023-11-21,4046.7958860759495,3048.6514303146496
완숙토마토,2023-11-28,3601.005025125628,3666.958951073133
완숙토마토,2023-12-05,3411.6309356842316,3170.774852276693
완숙토마토,2023-12-12,3605.2748430561937,3230.864945387986
완숙토마토,2023-12-19,3632.1947283485747,3518.2572042928487
완숙토마토,2023-12-26,3247.121763321207,3569.362385312991
일반부추,2023-01-03,7702.026901339869,8369.081148135308
일반부추,2023-01-10,7345.829524832315,6558.673033525697
일반부추,2023-01-17,7552.583371249133,6863.311093154691
일반부추,2023-01-24,6411.991149450683,6314.808313458044
일반부추,2023-01-31,6287.182514255955,5448.075932261412
일반부추,2023-02-07,5733.235811986,5485.104685406502
일반부추,2023-02-14,6767.468260322544,5364.7857702890415
일반부추,2023-02-21,7597.193237762021,6191.355582659363
일반부추,2023-02-28,4422.9830010369415,5843.858038616098
일반부추,2023-03-07,3197.7317311879415,3734.816959390751
일반부추,2023-03-14,2898.7407809324195,3175.6210896117263
일반부추,2023-03-21,3542.7286500316313,3056.9372854101584
일반부추,2023-03-28,4345.238707710483,3626.9060376297057
일반부추,2023-04-04,3276.6854652653165,3696.791499905096
일반부추,2023-04-11,2303.0980338179083,3170.0892383049895
일반부추,2023-04-18,2772.4380302962995,2327.0241038094314
일반부추,2023-04-25,3325.246865968681,2803.097733166772
일반부추,2023-05-02,2955.8534039573706,3342.1583896680813
일반부추,2023-05-09,3040.442858983992,2801.8296478956163
일반부추,2023-05-16,1882.8818400741504,2898.642023602099
일반부추,2023-05-23,1403.1191744544788,1960.7702776371723
일반부추,2023-05-30,1700.4876064833438,1695.4430937047916
일반부추,2023-06-06,1480.8392254174303,1885.8624418459342
일반부추,2023-06-13,1735.0418576377356,1730.1804266679326
일반부추,2023-06-20,1731.31424094988,1768.229507982456
일반부추,2023-06-27,1986.3174080082683,1899.367796550876
일반부추,2023-07-04,2239.9313591965306,2177.2899568439984
일반부추,2023-07-11,2896.7757071700294,2639.380463501429
일반부추,2023-07-18,3211.3881297916396,3318.3615384582213
일반부추,2023-07-25,4904.135492271115,3683.997514522987
일반부추,2023-08-01,5955.923129441938,4589.508240855103
일반부추,2023-08-08,5121.955464988167,5819.003227259326
일반부추,2023-08-15,3844.5251311970737,4602.131162279398
일반부추,2023-08-22,2940.021624008055,3526.480288976108
일반부추,2023-08-29,2761.9830156581547,2959.551432383234
일반부추,2023-09-05,2916.7587865959945,3033.0511174776543
일반부추,2023-09-12,2454.1768712383146,3173.81388763639
일반부추,2023-09-19,3040.243417265781,2759.3310337649364
일반부추,2023-09-26,3471.2255381036985,3160.102623091032
일반부추,2023-10-03,4166.3301225165915,3725.3522186983337
일반부추,2023-10-10,4127.432325108697,4148.106623742807
일반부추,2023-10-17,5838.992478892188,4226.901735674922
일반부추,2023-10-24,5374.009683358314,5415.667704394945
일반부추,2023-10-31,3756.604717580963,5014.560980128568
일반부추,2023-11-07,5153.727858609625,3618.7918221658424
일반부추,2023-11-14,6524.593464715743,4897.842156023037
일반부추,2023-11-21,8590.285464091165,6037.597811890285
일반부추,2023-11-28,8117.5479732995445,7159.305603774597
일반부추,2023-12-05,5387.096742068573,6071.744548139032
일반부추,2023-12-12,6217.218853573228,5197.912325693463
일반부추,2023-12-19,6476.579467829942,6183.747874923478
일반부추,2023-12-26,5543.101162322297,5830.694454854482
자주양파,2023-01-03,763.1569840377211,855.5098984214347
자주양파,2023-01-10,1004.8279121052217,842.7347984424855
자주양파,2023-01-17,1704.2344027238287,1048.4274169645425
자주양파,2023-01-24,1056.130673184911,1432.0002508885832
자주양파,2023-01-31,900.527828236205,1051.9499545522506
자주양파,2023-02-07,870.654374283554,908.4022928053708
자주양파,2023-02-14,1430.5967091161267,943.974072660885
자주양파,2023-02-21,1257.5275836265503,1345.3866169317544
자주양파,2023-02-28,990.6237436991681,1152.8059325156785
자주양파,2023-03-07,983.6503948312993,1042.3516766334956
자주양파,2023-03-14,1160.6477017036323,973.5292529976986
자주양파,2023-03-21,1083.6121949606506,1260.595605770386
자주양파,2023-03-28,982.8600631026974,1009.5031753699692
자주양파,2023-04-04,1245.159892034892,1068.7528238159434
자주양파,2023-04-11,774.6948331246257,1147.4385352040729
자주양파,2023-04-18,997.7775781889308,814.4553846896736
자주양파,2023-04-25,1286.2718849892096,980.9898301698194
자주양파,2023-05-02,1110.6600642106982,1185.5733633315842
자주양파,2023-05-09,838.1210172291716,1024.8053126521208
자주양파,2023-05-16,837.8559269285859,871.56784144541
자주양파,2023-05-23,1078.2328400622762,827.7722228863065
자주양파,2023-05-30,840.0723607641812,1031.9290665734798
자주양파,2023-06-06,828.755082108706,840.1591585659454
자주양파,2023-06-13,1068.666255651459,830.4607343686813
자주양파,2023-06-20,1223.3080675110164,1026.570477630727
자주양파,2023-06-27,1158.6411489472316,1193.0303801268929
자주양파,2023-07-04,1047.2028251067395,1184.8498269481504
자주양파,2023-07-11,986.9088414036463,1015.9583103183838
자주양파,2023-07-18,979.1563948710793,961.0672452745432
자주양파,2023-07-25,987.7932945616305,1023.9428135850478
자주양파,2023-08-01,944.407981530343,1049.3993781833244
자주양파,2023-08-08,1137.218873368599,955.5149898693275
자주양파,2023-08-15,1111.3596333402777,1117.033600311324
자주양파,2023-08-22,1439.4029150414967,1111.6634077776112
자주양파,2023-08-29,1267.245747751864,1368.7180219287716
자주양파,2023-09-05,1177.9217060854778,1277.1051556207383
자주양파,2023-09-12,1082.1770768167,1221.515290086949
자주양파,2023-09-19,1138.756818640986,1069.1793460187055
자주양파,2023-09-26,1197.6524713931815,1145.311670299986
자주양파,2023-10-03,1120.7784734940356,1137.0007330225878
자주양파,2023-10-10,1024.3409052216844,1064.7665502950033
자주양파,2023-10-17,1326.9563975628332,1023.9858505096122
자주양파,2023-10-24,1382.1501148612829,1221.7270590547741
자주양파,2023-10-31,1241.4744563632737,1248.5157254754965
자주양파,2023-11-07,1052.3985700832195,1182.7718654753826
자주양파,2023-11-14,948.4398858129191,1030.9116562850395
자주양파,2023-11-21,1040.6618122977347,929.2269533202075
자주양파,2023-11-28,1048.1747373672977,1062.0956047214167
자주양파,2023-12-05,1573.1727044399984,1026.888799950205
자주양파,2023-12-12,1749.836082161287,1483.5971789690022
자주양파,2023-12-19,1412.196900638104,1576.8591253708325
자주양파,2023-12-26,1218.0198820395738,1423.1430203765128
적채(일반),2023-01-03,965.8741780802251,995.1710630513193
적채(일반),2023-01-10,1014.6962916023077,1007.055053880691
적채(일반),2023-01-17,1071.0453709380747,1036.9074286438786
적채(일반),2023-01-24,825.5862856227344,1106.8316561203483
적채(일반),2023-01-31,825.9981023282973,856.0260336934599
적채(일반),2023-02-07,983.3846078718625,836.58567228315
적채(일반),2023-02-14,857.2995298635942,997.4430869980849
적채(일반),2023-02-21,814.766058891334,890.1224303019832
적채(일반),2023-02-28,796.2431989758458,858.2155012228501
적채(일반),2023-03-07,1089.2841096300733,828.9236148422065
적채(일반),2023-03-14,847.6750369959304,1065.4144053624468
적채(일반),2023-03-21,1155.3687858233836,895.1127639649335
적채(일반),2023-03-28,1366.4204003813156,1113.8520946665903
적채(일반),2023-04-04,1242.7439193746777,1357.0356103015285
적채(일반),2023-04-11,1474.483057882424,1216.3607656671606
적채(일반),2023-04-18,1494.2144277707466,1422.0185499917952
적채(일반),2023-04-25,1720.1318989543945,1373.3665033870418
적채(일반),2023-05-02,1814.866512642793,1581.1756050270499
적채(일반),2023-05-09,1190.2275302937844,1623.0381464406519
적채(일반),2023-05-16,1262.7339778154367,1216.0247682045804
적채(일반),2023-05-23,1629.1031203435884,1172.8994858981973
적채(일반),2023-05-30,1725.8035117564857,1497.5289800751998
적채(일반),2023-06-06,1322.795329478477,1526.9755551653802
적채(일반),2023-06-13,922.5349947344552,1309.5654467658758
적채(일반),2023-06-20,916.1890961387605,957.157687179969
적채(일반),2023-06-27,868.7305790187754,1014.2475488218504
적채(일반),2023-07-04,1107.5637825845813,943.8451097779956
적채(일반),2023-07-11,1432.4780910146765,1104.6296221349826
적채(일반),2023-07-18,1734.429310045186,1387.0358468108325
적채(일반),2023-07-25,2003.296031170714,1677.017024981553
적채(일반),2023-08-01,2038.702591763349,1878.1395155199355
적채(일반),2023-08-08,1458.324014849935,1813.429005555066
적채(일반),2023-08-15,1586.5870849369014,1456.762515448705
적채(일반),2023-08-22,1809.7753016705321,1590.8261353856683
적채(일반),2023-08-29,1618.2729243524893,1724.4502173281273
적채(일반),2023-09-05,1474.5347239570322,1592.5322953710913
적채(일반),2023-09-12,1572.0407662082514,1501.7681180619454
적채(일반),2023-09-19,2591.483619717829,1462.3505235034831
적채(일반),2023-09-26,2183.2554235915254,2384.0949201509916
적채(일반),2023-10-03,2520.845016711905,2004.7056834882394
적채(일반),2023-10-10,2487.6186157150314,2367.9915663021548
적채(일반),2023-10-17,1785.8577040593627,2225.8614575147803
적채(일반),2023-10-24,1717.0481173238527,1644.710434296045
적채(일반),2023-10-31,1440.4417042657917,1702.905562851233
적채(일반),2023-11-07,1182.8856450932035,1302.5219595910598
적채(일반),2023-11-14,1313.6868743202922,1194.1942809034792
적채(일반),2023-11-21,1033.5952408770495,1225.2391817613313
적채(일반),2023-11-28,1083.4998925424457,1079.3495057173527
적채(일반),2023-12-05,1093.687374749499,1117.7483414224284
적채(일반),2023-12-12,1291.5812604224568,1136.0662462428838
적채(일반),2023-12-19,1382.3311597130053,1336.431396010726
적채(일반),2023-12-26,1111.5849791133564,1384.284520324863
쥬키니호박,2023-01-03,2437.2137895549267,2141.1996085436977
쥬키니호박,2023-01-10,2352.3271875563028,2283.2146231581705
쥬키니호박,2023-01-17,2203.322406308142,2194.9488729699556
쥬키니호박,2023-01-24,3048.928249632475,1989.5928449755684
쥬키니호박,2023-01-31,3946.3535394085375,2274.650534787396
쥬키니호박,2023-02-07,4808.703553299492,2791.174195002989
쥬키니호박,2023-02-14,4259.314058187412,3301.373895405226
쥬키니호박,2023-02-21,3023.178625533673,3066.5585535827568
쥬키니호박,2023-02-28,2103.4920105908272,2171.054578497764
쥬키니호박,2023-03-07,1693.6193469053148,1865.0702348714722
쥬키니호박,2023-03-14,1486.0570877885366,1772.225438219396
쥬키니호박,2023-03-28,923.2627276105537,915.6753673196913
쥬키니호박,2023-04-04,723.7326780891664,816.1589715409577
쥬키니호박,2023-04-11,700.2373227589521,823.0169246824818
쥬키니호박,2023-04-18,1568.1181870338496,711.6742839038851
쥬키니호박,2023-04-25,1223.46587993843,1385.9695725390216
쥬키니호박,2023-05-02,1946.5038598574822,1129.2009760874575
쥬키니호박,2023-05-09,1052.9203121305272,1615.8558694493147
쥬키니호박,2023-05-16,918.1262180974478,1004.9445712181434
쥬키니호박,2023-05-23,847.3587196946697,939.6251225211994
쥬키니호박,2023-05-30,597.782579787234,896.3465017191984
쥬키니호박,2023-06-06,355.43278164297135,605.4383364572136
쥬키니호박,2023-06-13,542.9212310444933,520.2162287084625
쥬키니호박,2023-06-20,408.34121302174793,624.7690424614759
쥬키니호박,2023-06-27,536.8662369057212,535.4444066414017
쥬키니호박,2023-07-04,940.8718676639188,716.8736802433148
쥬키니호박,2023-07-11,1324.5172934855607,907.6115870332652
쥬키니호박,2023-07-18,2075.766875396541,1631.0936989472075
쥬키니호박,2023-07-25,1952.8208472202095,2392.1679976114788
쥬키니호박,2023-08-01,1149.5773159563225,1879.9809244299333
쥬키니호박,2023-08-08,1696.65223318098,1100.8822988475067
쥬키니호박,2023-08-15,1396.220813959302,1750.4435633236358
쥬키니호박,2023-08-22,3090.3575904642544,1362.6302878321244
쥬키니호박,2023-08-29,1781.574389661719,2927.855208869419
쥬키니호박,2023-09-05,1648.2622275385434,1477.342385299104
쥬키니호박,2023-09-12,1293.7063181436959,1525.821807596398
쥬키니호박,2023-09-19,2312.978723404255,1342.9786713326976
쥬키니호박,2023-09-26,2950.420412574374,2355.852813220793
쥬키니호박,2023-10-03,2400.7115479305253,2381.46475889446
쥬키니호박,2023-10-10,1885.0964565802278,1757.8453204866562
쥬키니호박,2023-10-17,1786.7953165654812,1680.3254191617962
쥬키니호박,2023-10-24,1302.6177613974858,1809.0997349367615
쥬키니호박,2023-10-31,1624.0327509658075,1290.0810868539852
쥬키니호박,2023-11-07,1935.8837485172005,1694.180982744759
쥬키니호박,2023-11-14,1723.895215211032,2063.5132204410374
쥬키니호박,2023-11-21,1595.5350923794344,1779.4346047260717
쥬키니호박,2023-11-28,1389.1518782091703,1755.176411180123
쥬키니호박,2023-12-05,1360.3491149749373,1457.2931713883875
쥬키니호박,2023-12-12,1934.9252705720667,1448.2145245477727
쥬키니호박,2023-12-19,1508.4624371412608,2187.325800922295
쥬키니호박,2023-12-26,1337.0843393908585,1665.681721290907
쪽파(일반),2023-01-03,4175.0,1986.4297612335974
쪽파(일반),2023-01-10,6989.400921658987,3944.5723060504083
쪽파(일반),2023-01-17,4240.0,6083.086150744663
쪽파(일반),2023-01-24,3692.3076923076924,3607.584040145881
쪽파(일반),2023-01-31,3758.878504672897,3677.367261463925
쪽파(일반),2023-02-07,4539.84375,3129.8130354728705
쪽파(일반),2023-02-14,2630.494821634062,3279.816392325973
쪽파(일반),2023-02-21,2830.661205383265,2474.181131640405
쪽파(일반),2023-02-28,1858.5836318545055,2669.582024425009
쪽파(일반),2023-03-07,1735.447231424515,2093.252987163807
쪽파(일반),2023-03-14,1381.3046402151983,1849.934736476536
쪽파(일반),2023-03-21,1160.1209012639677,1522.8826751596955
쪽파(일반),2023-03-28,1835.4608050847457,1314.8242474586455
쪽파(일반),2023-04-04,1396.6098778179314,1910.7163476456715
쪽파(일반),2023-04-11,2105.966162065895,1400.420135034411
쪽파(일반),2023-04-18,3077.443211833069,2037.0629133192554
쪽파(일반),2023-04-25,3741.994382022472,2819.7003452840563
쪽파(일반),2023-05-09,2736.740268609151,1664.5823191513746
쪽파(일반),2023-05-16,1175.0,2684.75250697467
쪽파(일반),2023-05-23,1500.0,1842.069137331363
쪽파(일반),2023-06-27,1200.0,1751.772089383258
쪽파(일반),2023-07-04,5692.307692307692,1749.1386368523943
쪽파(일반),2023-07-11,1300.0,4085.5694727040923
쪽파(일반),2023-07-18,4540.235081374321,1922.064558850486
쪽파(일반),2023-07-25,3361.93009118541,3806.942666845001
쪽파(일반),2023-08-01,7334.164588528678,3127.6264752802513
쪽파(일반),2023-08-08,4428.2786885245905,5561.83103716275
쪽파(일반),2023-08-15,6693.574297188755,2778.419069170484
쪽파(일반),2023-08-22,2471.957671957672,5192.697900524163
쪽파(일반),2023-08-29,2229.5892707460184,2649.882068670282
쪽파(일반),2023-09-05,2210.8150824113795,2585.6469950136143
쪽파(일반),2023-09-12,1473.8397277227723,2410.952232558985
쪽파(일반),2023-09-19,3084.2332613390927,1718.4429311388444
쪽파(일반),2023-09-26,3214.6131805157593,2663.051808721811
쪽파(일반),2023-10-03,4741.6246851385395,2669.9819376303194
쪽파(일반),2023-10-10,5074.745597734714,3640.1492219150787
쪽파(일반),2023-10-17,3180.662283133962,3875.6402569664533
쪽파(일반),2023-10-24,2269.4054854293286,2788.1657631465864
쪽파(일반),2023-10-31,2491.2213347454513,2173.5215972699034
쪽파(일반),2023-11-07,3613.212740857255,2337.891646267334
쪽파(일반),2023-11-14,4525.475303243469,3153.7635289523087
쪽파(일반),2023-11-21,5452.681224518002,3337.983010587805
쪽파(일반),2023-11-28,7539.649954605064,4037.6373807356417
쪽파(일반),2023-12-05,7119.381048491435,6155.256356863201
쪽파(일반),2023-12-12,6084.987850411901,5653.4073720980505
쪽파(일반),2023-12-19,6381.162230448323,5333.292010513463
쪽파(일반),2023-12-26,7383.31059572533,5481.533889381543
청고추,2023-01-03,5457.187369637069,5095.382625293904
청고추,2023-01-10,6827.250827331127,6204.2913822153505
청고추,2023-01-17,6333.231827111984,7457.606782491733
청고추,2023-01-24,6757.050588150393,5838.615370499926
청고추,2023-01-31,8257.846245605224,6056.039874320519
청고추,2023-02-07,11055.649238804312,6206.738101849897
청고추,2023-02-14,10163.40078463762,7953.222632614309
청고추,2023-02-21,5906.1926404075,6433.2296657779525
청고추,2023-02-28,6121.154222731978,4559.948362167369
청고추,2023-03-07,4846.742070116861,5353.532373205278
청고추,2023-03-14,2777.4999295992793,3818.4623260118137
청고추,2023-03-21,3610.38701771031,2932.72883219102
청고추,2023-03-28,3831.6749318754974,3844.048595137993
청고추,2023-04-04,4359.321023404763,3599.9201178321077
청고추,2023-04-11,3657.1775408421454,3696.7228341731643
청고추,2023-04-18,2669.6767347174496,2975.3820985692732
청고추,2023-04-25,3474.6850971922245,2511.8625213990426
청고추,2023-05-02,4975.290991630629,3387.2435550189275
청고추,2023-05-09,3935.3600086581423,3931.034593499297
청고추,2023-05-16,3018.4949426092085,3166.0018461840737
청고추,2023-05-23,3318.705848568967,2950.4208350821455
청고추,2023-05-30,4086.2693704878834,3307.994594172151
청고추,2023-06-06,3669.7398302282,3619.70692837549
청고추,2023-06-13,4163.0518096670785,3552.131199703891
청고추,2023-06-20,2636.718264376355,3589.6867669344433
청고추,2023-06-27,2453.391544117647,2653.985661196222
청고추,2023-07-04,2572.8706983394536,2921.2590213453645
청고추,2023-07-11,4742.06385178117,2789.8873565532413
청고추,2023-07-18,2558.204537427894,4804.710667932105
청고추,2023-07-25,4312.900300225169,2700.181505915993
청고추,2023-08-01,5775.091071804591,4766.230795061473
청고추,2023-08-08,3326.9980780949704,5861.237933747042
청고추,2023-08-15,3258.4836926731227,3468.305279004263
청고추,2023-08-22,5575.326869399148,3430.53295887979
청고추,2023-08-29,3860.18732562774,5388.800578893283
청고추,2023-09-05,4201.741803278688,3788.276382082428
청고추,2023-09-12,4484.856662642332,3909.312912944655
청고추,2023-09-19,4533.128964821222,4066.5568087462066
청고추,2023-09-26,3916.823793755913,4240.162667069425
청고추,2023-10-03,4625.276529821844,3453.2077015036016
청고추,2023-10-10,5011.427000706824,4233.986603740023
청고추,2023-10-17,5187.9547938788255,4173.817851018319
청고추,2023-10-24,4870.924908424909,4464.403594173998
청고추,2023-10-31,3691.3878121080834,4686.084119110574
청고추,2023-11-07,4040.8960031233223,3169.5334783364115
청고추,2023-11-14,3879.5819448651923,3557.5324332848973
청고추,2023-11-21,4015.805684904928,3359.1020257160894
청고추,2023-11-28,4086.795875228519,3624.373932516882
청고추,2023-12-05,2885.4561185843017,3553.9476257903507
청고추,2023-12-12,3563.251577568758,3202.914587509832
청고추,2023-12-19,5508.8664310250415,4119.088916089299
청고추,2023-12-26,5848.289292052849,4963.30363641338
청양,2023-01-03,5817.997741702242,6423.7990197276
청양,2023-01-10,6076.348958719455,6345.79213713012
청양,2023-01-17,8797.795706609288,6601.379415482572
청양,2023-01-24,9103.31699575223,8666.888194857418
청양,2023-01-31,13118.173563773937,8501.41073161235
청양,2023-02-07,16101.271465083013,10364.085727261836
청양,2023-02-14,16922.37438711563,13860.59540016126
청양,2023-02-21,12940.057094486625,12765.004133922603
청양,2023-02-28,11393.550173913301,9455.224833873317
청양,2023-03-07,8730.598389099523,8494.411270857385
청양,2023-03-14,5141.798707063069,6720.204471425353
청양,2023-03-21,3760.3413981463923,3974.763146032528
청양,2023-03-28,3550.5377431906613,3546.899486934368
청양,2023-04-04,4018.7417200662394,3399.620325849306
청양,2023-04-11,3892.1245273736886,3559.9172390452445
청양,2023-04-18,3278.16539795411,3326.4015657566138
청양,2023-04-25,3454.6937781195047,3039.3433099329554
청양,2023-05-02,3700.589439409562,3241.9163171018204
청양,2023-05-09,4415.631422960489,3448.539675368309
청양,2023-05-16,3593.195960353648,3769.3024803682965
청양,2023-05-23,3820.457011850016,3646.5582717673997
청양,2023-05-30,3878.833149154601,3736.0747562693136
청양,2023-06-06,3400.0763978790865,3781.9645749980145
청양,2023-06-13,3780.61662336485,3516.538233280596
청양,2023-06-20,3512.492817291471,3815.968777170692
청양,2023-06-27,2796.2223752788427,3566.439377200763
청양,2023-07-04,3070.0433007023616,3016.528118826576
청양,2023-07-11,3213.90517713419,3151.321473664727
청양,2023-07-18,2583.7669030278516,3100.876832912527
청양,2023-07-25,2798.348993468971,2791.954347047362
청양,2023-08-01,3146.576605310856,3017.5031441014617
청양,2023-08-08,2185.2285456450863,3234.0193029590123
청양,2023-08-15,3118.5529519172246,2464.1935425167076
청양,2023-08-22,3275.476544376068,3342.21713981944
청양,2023-08-29,3957.776497775965,3301.2705525519555
청양,2023-09-05,4491.699945165417,3891.7712813991084
청양,2023-09-12,3675.540789117347,4282.908029277008
청양,2023-09-19,6185.675802427449,3740.176464344134
청양,2023-09-26,4297.69363401468,5660.665264530672
청양,2023-10-03,4544.346143167004,4308.232518087269
청양,2023-10-10,5858.370836851823,4688.82778975543
청양,2023-10-17,7343.49312988915,5675.751318559314
청양,2023-10-24,6155.427963057979,6906.387657111021
청양,2023-10-31,3850.2667167024283,5461.0199373681935
청양,2023-11-07,4003.685815584059,3573.9497450008676
청양,2023-11-14,3628.973058026396,3765.3889670541244
청양,2023-11-21,3656.2663299939704,3536.9452937918627
청양,2023-11-28,4079.995174836774,3779.749901557978
청양,2023-12-05,4546.40744658774,4036.947258382577
청양,2023-12-12,4971.379374425902,4682.029473941863
청양,2023-12-19,5397.443569664988,5054.589278848659
청양,2023-12-26,5729.972811213593,5508.805047519063
청초(일반),2023-01-03,3470.945157526254,4512.8241487498335
청초(일반),2023-01-10,4811.388611388611,4506.514564002335
청초(일반),2023-01-17,3582.116788321168,5378.727338982887
청초(일반),2023-01-24,4019.8257080610024,4296.482276160141
청초(일반),2023-01-31,3580.163043478261,3777.1441026232287
청초(일반),2023-02-07,5108.7962962962965,3645.299350707614
청초(일반),2023-02-14,8519.101123595505,4868.666887515409
청초(일반),2023-02-21,6600.0,7842.041146387728
청초(일반),2023-02-28,6166.313559322034,5256.339204267646
청초(일반),2023-03-07,5986.441798941799,4938.149494187223
청초(일반),2023-03-14,3977.680265654649,4828.68585932944
청초(일반),2023-03-21,4151.709401709401,3771.0606426959703
청초(일반),2023-03-28,4507.933579335793,3579.3312064228944
청초(일반),2023-04-04,4630.931458699472,3873.1856944529463
청초(일반),2023-04-11,4625.468164794008,3983.5640788876512
청초(일반),2023-04-18,4800.327332242226,3758.5757692830775
청초(일반),2023-04-25,5141.025641025641,3734.31779723833
청초(일반),2023-05-02,5151.676206050695,4265.158462645011
청초(일반),2023-05-09,4242.1711899791235,4390.345350351151
청초(일반),2023-05-16,4396.592244418332,3489.877685660063
청초(일반),2023-05-23,4257.298225529479,3841.4424829691834
청초(일반),2023-05-30,4193.515037593985,3975.844270313474
청초(일반),2023-06-06,3286.3539445629,3869.532779154758
청초(일반),2023-06-13,4405.101214574899,3650.548478240607
청초(일반),2023-06-20,3208.1868838405485,3804.5275203777305
청초(일반),2023-06-27,2342.1703296703295,3282.8166399111233
청초(일반),2023-07-04,2099.237858915278,2844.768250291425
청초(일반),2023-07-11,2115.8573270305114,2633.866370012993
청초(일반),2023-07-18,2379.7841726618703,2716.550910326233
청초(일반),2023-07-25,1939.6909027046013,2752.1018689204757
청초(일반),2023-08-01,2237.870083959346,2606.3066865751202
청초(일반),2023-08-08,1603.1787584143606,2871.2504029325946
청초(일반),2023-08-15,2390.1464713715045,2187.982911772105
청초(일반),2023-08-22,2169.2179004600584,2922.8625120834754
청초(일반),2023-08-29,2406.3708999158957,2784.3900466090886
청초(일반),2023-09-05,2613.934174100277,2690.672456467933
청초(일반),2023-09-12,1815.0513622152746,2523.1952942083863
청초(일반),2023-09-19,1589.8989898989898,1961.796888767702
청초(일반),2023-09-26,1392.204768193508,1786.9000011911778
청초(일반),2023-10-03,1683.769812016218,1593.4246916826264
청초(일반),2023-10-10,1549.7284850266706,1860.8827076754767
청초(일반),2023-10-17,1666.8422780598844,1605.2180505269803
청초(일반),2023-10-24,2068.1781669210377,1890.134678867438
청초(일반),2023-10-31,1687.975512089943,2195.6453339822065
청초(일반),2023-11-07,2107.503234152652,1736.2323006927834
청초(일반),2023-11-14,2021.0415570752236,2070.0537402260447
청초(일반),2023-11-21,3455.4753309265943,1803.1636599630149
청초(일반),2023-11-28,2817.5582990397806,3095.530318452133
청초(일반),2023-12-05,3658.169934640523,2565.9655463652703
청초(일반),2023-12-12,4307.624113475177,3520.32117482127
청초(일반),2023-12-19,4699.579831932773,3390.8888805963074
청초(일반),2023-12-26,4850.786516853933,3928.141811125964
청피망,2023-01-03,6626.994933650488,7264.211046439921
청피망,2023-01-10,6807.292904775608,6953.533553271539
청피망,2023-01-17,8989.940159732983,6895.436499996932
청피망,2023-01-24,9713.563946538,8031.155885271888
청피망,2023-01-31,6774.74650637299,7488.1989091950245
청피망,2023-02-07,6321.284352953564,5475.996912735387
청피망,2023-02-14,7394.470871976511,5682.070717563578
청피망,2023-02-21,7381.474651730576,6493.26378323014
청피망,2023-02-28,3980.5867728655808,5791.192517121731
청피망,2023-03-07,3638.469931767093,3548.5508232657294
청피망,2023-03-14,4370.365825547891,3676.8482609075068
청피망,2023-03-21,3548.1721907326705,4119.911142246928
청피망,2023-03-28,2995.5366829416907,3662.067131470664
청피망,2023-04-04,2402.1220990032352,2816.2809928440556
청피망,2023-04-11,3335.2577838498596,2409.401879335107
청피망,2023-04-18,3199.394895599024,3169.8914620491246
청피망,2023-04-25,2717.9841518818625,2965.591163100845
청피망,2023-05-02,2583.7964855402456,2423.030910378683
청피망,2023-05-09,3302.650412182592,2475.392010866289
청피망,2023-05-16,3406.6571364717524,3127.067121297596
청피망,2023-05-23,2994.679307310432,3190.6804584852935
청피망,2023-05-30,2706.667989680492,2607.3148551236986
청피망,2023-06-06,2214.7561170000795,2331.5423611855663
청피망,2023-06-13,3493.5898017099908,2267.1388362846524
청피망,2023-06-20,3158.7485259653995,3506.4860318773876
청피망,2023-06-27,1511.0403126175001,2711.8335753131364
청피망,2023-07-04,825.3566235579725,1634.8246168529017
청피망,2023-07-11,934.3032614915124,1010.8739677851684
청피망,2023-07-18,2287.1820207499422,1142.7065463408278
청피망,2023-07-25,3308.8183844454616,3236.6919072950964
청피망,2023-08-01,2544.886642673371,3120.850386343012
청피망,2023-08-08,2845.6421753743684,2465.0685894610706
청피망,2023-08-15,3814.32663704139,3248.2434272436385
청피망,2023-08-22,3210.3382918268426,4115.396959066766
청피망,2023-08-29,3519.7175337857434,2990.2025500725467
청피망,2023-09-05,5020.057683845773,3446.6157811182266
청피망,2023-09-12,3474.472169436097,4432.066474353038
청피망,2023-09-19,3575.9354605106287,2951.038634645257
청피망,2023-09-26,2961.6868756974495,3383.7657857650106
청피망,2023-10-03,2894.246903371406,2530.3353681796902
청피망,2023-10-10,2874.442974547629,3012.0264112084083
청피망,2023-10-17,5075.078631542254,2966.5269272900628
청피망,2023-10-24,4360.784565640993,4864.126333170888
청피망,2023-10-31,2878.2622538422233,4215.396561866084
청피망,2023-11-07,2611.8346579514223,2482.536379358775
청피망,2023-11-14,2275.901842318398,2538.9189902644052
청피망,2023-11-21,2496.175928879377,2225.2769381324674
청피망,2023-11-28,3109.2801138750174,2639.452664237558
청피망,2023-12-05,3848.7571388401384,3444.89861899297
청피망,2023-12-12,4796.632966631253,4404.393548948648
청피망,2023-12-19,6600.442049814494,5483.720374075457
청피망,2023-12-26,5518.92058628685,6446.54106709241
취청,2023-01-03,4410.968397708371,3863.5474888721697
취청,2023-01-10,5217.870496765387,4590.357548000692
취청,2023-01-17,4722.554454154168,5386.0329914954555
취청,2023-01-24,5623.619201164967,4343.001123239538
취청,2023-01-31,3457.736183290826,4704.660433795291
취청,2023-02-07,4841.767432719874,2976.412588433453
취청,2023-02-14,5048.67467750486,3980.8425856497784
취청,2023-02-21,4954.023955221716,4001.916830320752
취청,2023-02-28,3927.9068792337152,3785.7937232838517
취청,2023-03-07,2907.7094356514053,2917.888295280191
취청,2023-03-14,3624.4313852264067,2697.0482405955927
취청,2023-03-21,3833.108455980258,3303.7765327837756
취청,2023-03-28,3525.7238397759215,3268.867158791825
취청,2023-04-04,2583.7705138888196,3033.122587248998
취청,2023-04-11,1983.6192887228185,2315.8553230816374
취청,2023-04-18,2915.8574135480817,1985.0977245725533
취청,2023-04-25,2638.413626773938,2623.6410059165364
취청,2023-05-02,2156.0145012127578,2296.7180186242263
취청,2023-05-09,2049.416544426681,2197.1792264806413
취청,2023-05-16,1374.886910026125,1822.7496810830621
취청,2023-05-23,1537.1922514154844,1684.0575064314403
취청,2023-05-30,2419.6101536102674,1901.2362739123528
취청,2023-06-06,1068.4169740419416,2139.795111711695
취청,2023-06-13,1154.4672396949322,1142.4534379165193
취청,2023-06-20,1149.6394550582727,1199.0525519704395
취청,2023-06-27,2224.0106079151365,1324.8693514021168
취청,2023-07-04,1704.4812595464693,2305.921898457154
취청,2023-07-11,4138.636223353216,1581.7929915311772
취청,2023-07-18,2181.7961423958263,3664.9724523750638
취청,2023-07-25,1661.9256744934737,1746.6102994837454
취청,2023-08-01,1602.1400908946223,1880.8133802868272
취청,2023-08-08,2466.4672531125793,1896.0091522676344
취청,2023-08-15,1831.9637154987875,2561.197681912331
취청,2023-08-22,3590.3938989317994,1687.7586423365103
취청,2023-08-29,3043.91488262456,3475.7159419820164
취청,2023-09-05,1840.9979645078984,2413.987275870079
취청,2023-09-12,2717.9073905259806,1654.361249670089
취청,2023-09-19,3701.07778277346,2728.9604325281266
취청,2023-09-26,2831.863880652335,3486.4063389047265
취청,2023-10-03,2967.967195613141,2487.0094637149145
취청,2023-10-10,1980.3141730649513,2484.4203868767727
취청,2023-10-17,2047.8039373009237,1773.5051227455997
취청,2023-10-24,2277.692508070118,2312.190467950335
취청,2023-10-31,2753.151417134074,2544.570612349214
취청,2023-11-07,6228.113013563209,2720.472555383441
취청,2023-11-14,5537.408774940628,4970.512469498184
취청,2023-11-21,2792.7066964473065,4275.509111032664
취청,2023-11-28,2622.308577673402,2582.199006060869
취청,2023-12-05,3394.7069473002703,2991.097137831654
취청,2023-12-12,4032.925760713717,3616.6495623372884
취청,2023-12-19,5156.948658575535,4228.066707364057
취청,2023-12-26,5126.062453806357,4863.316075096029
치커리(일반),2023-01-03,2210.1941520467835,3154.7626464527348
치커리(일반),2023-01-10,2307.583700185357,2374.318505250052
치커리(일반),2023-01-17,2270.6019534679544,2867.484325801833
치커리(일반),2023-01-24,2073.690156906637,2818.087166567071
치커리(일반),2023-01-31,1658.4485630180495,2115.5181504918905
치커리(일반),2023-02-07,2396.064311686201,1623.8827037158478
치커리(일반),2023-02-14,1716.3442632160447,2257.3822907362573
치커리(일반),2023-02-21,2157.7846115670254,1730.2732003373294
치커리(일반),2023-02-28,1160.6704344521013,2287.3766430892706
치커리(일반),2023-03-07,1159.5256595256594,1279.3542451282478
치커리(일반),2023-03-14,1816.2301737160121,1344.9595144016635
치커리(일반),2023-03-21,2559.9889313940616,1963.6705558052215
치커리(일반),2023-03-28,3686.865383032996,2661.151643990862
치커리(일반),2023-04-04,6019.865422073815,3319.25780213168
치커리(일반),2023-04-11,5184.284538858554,5123.226555110555
치커리(일반),2023-04-18,4433.0048937065885,3948.053121742422
치커리(일반),2023-04-25,4316.830546965597,3724.333965642445
치커리(일반),2023-05-02,2854.5557932665242,3669.031828547332
치커리(일반),2023-05-09,2534.036604512119,2478.548633182221
치커리(일반),2023-05-16,1481.7383758930785,2673.8995244508683
치커리(일반),2023-05-23,2720.6375923227656,1814.9143499784852
치커리(일반),2023-05-30,3356.702853853113,2899.801183223068
치커리(일반),2023-06-06,2371.1097737712166,3267.9833407342853
치커리(일반),2023-06-13,2703.7130811910934,2459.738174528278
치커리(일반),2023-06-20,2366.1748013620886,2868.229481738277
치커리(일반),2023-06-27,6010.3193024277025,2459.6946841487634
치커리(일반),2023-07-04,5299.720388573405,6010.009768089322
치커리(일반),2023-07-11,9700.534430747459,4377.065014566646
치커리(일반),2023-07-18,14327.153597379142,7182.246349528589
치커리(일반),2023-07-25,7889.860396767083,8144.02196668472
치커리(일반),2023-08-01,2965.387778340081,4970.680268706038
치커리(일반),2023-08-08,2562.3990152662036,2567.6109159247976
치커리(일반),2023-08-15,3097.223228467133,3039.654038865476
치커리(일반),2023-08-22,2264.9341089013324,3279.562562499326
치커리(일반),2023-08-29,3581.0933825574634,2481.2056212963457
치커리(일반),2023-09-05,3636.955523936292,3278.908604014234
치커리(일반),2023-09-12,2754.9719922668914,3231.641860904001
치커리(일반),2023-09-19,4026.419233524355,2205.0072597428457
치커리(일반),2023-09-26,3287.89508180803,3393.472129367548
치커리(일반),2023-10-03,3040.3570881012447,2760.014285347666
치커리(일반),2023-10-10,1766.057387697427,2555.9901912190853
치커리(일반),2023-10-17,2132.045900933624,1833.4345609369432
치커리(일반),2023-10-24,1610.8542124176483,2338.3633441465604
치커리(일반),2023-10-31,1285.0166746069558,1832.846029952344
치커리(일반),2023-11-07,2300.5453819209733,1360.8596038549367
치커리(일반),2023-11-14,3423.256259204713,2226.7724117529046
치커리(일반),2023-11-21,3270.073077949813,2854.8143769460403
치커리(일반),2023-11-28,3242.5442359249328,2837.053777814434
치커리(일반),2023-12-05,2185.0243208516886,2907.7812198962397
치커리(일반),2023-12-12,2931.5166406075496,2309.704122235307
치커리(일반),2023-12-19,5947.402898167141,3133.458505764878
치커리(일반),2023-12-26,6337.791601866252,6446.932686855892
치콘,2023-01-03,5139.168765743073,5415.493515284811
치콘,2023-01-10,5050.0,5250.339177442465
치콘,2023-01-17,5959.1133004926105,5579.759493949926
치콘,2023-01-24,4467.953020134229,5161.165698552287
치콘,2023-01-31,3355.890804597701,4024.2991059062924
치콘,2023-02-07,3455.0588235294117,3085.92318711404
치콘,2023-02-14,4179.764705882353,3168.282229907721
치콘,2023-02-21,4767.019027484143,3601.4460139568077
치콘,2023-02-28,2845.1334379905807,4290.655609531355
치콘,2023-03-07,2398.6577181208054,2632.860950629718
치콘,2023-03-14,1343.918918918919,2551.6659538430285
치콘,2023-03-21,1836.6989117291414,2234.6645758051636
치콘,2023-03-28,2068.3814303638646,2327.8356562890212
치콘,2023-04-04,1915.9437280187574,2390.253188377248
치콘,2023-04-11,3094.9431099873577,2482.50192882536
치콘,2023-04-18,2884.813559322034,2984.882922860027
치콘,2023-04-25,3865.1960784313724,2780.4618692477598
치콘,2023-05-02,2254.747162022704,3062.353699763289
치콘,2023-05-09,2363.4083930399183,2499.729566234565
치콘,2023-05-16,1979.3902439024391,2810.2838000080646
치콘,2023-05-23,3173.491773308958,2461.6583339879226
치콘,2023-05-30,3932.1531791907514,3040.6958066571374
치콘,2023-06-06,2884.493670886076,3452.035094679325
치콘,2023-06-13,2181.4883720930234,3056.3163398982247
치콘,2023-06-20,1645.499243570348,2488.9067751582506
치콘,2023-06-27,2682.6251896813355,2285.485730529034
치콘,2023-07-04,3969.626814098134,2827.0395668645333
치콘,2023-07-11,5534.993270524899,3810.7758307567947
치콘,2023-07-18,12394.311377245509,5124.580183173225
치콘,2023-07-25,9289.83843537415,11233.383587106202
치콘,2023-08-01,5983.641025641025,5555.010408069701
치콘,2023-08-08,4338.912489379779,5947.8870733799695
치콘,2023-08-15,4188.692434210527,4400.090167711435
치콘,2023-08-22,5187.693006357857,4941.909723633158
치콘,2023-08-29,6650.44776119403,5501.9811779220245
치콘,2023-09-05,6023.75919117647,6584.733461629208
치콘,2023-09-12,6211.513157894737,5262.588979386316
치콘,2023-09-19,7828.380281690141,4828.870664853566
치콘,2023-09-26,5450.041911148365,5959.4009085039015
치콘,2023-10-03,5312.057522123894,4159.574431277264
치콘,2023-10-10,5399.642431466031,4581.051517069843
치콘,2023-10-17,6358.101045296167,4763.080857495926
치콘,2023-10-24,5738.229927007299,5443.019701419555
치콘,2023-10-31,2404.0561622464897,4927.006215122579
치콘,2023-11-07,6396.945337620578,2598.8428713223657
치콘,2023-11-14,5763.782051282052,5869.686207887894
치콘,2023-11-21,4656.100478468899,5099.985485926891
치콘,2023-11-28,8187.755102040816,3833.3829774657015
치콘,2023-12-05,7509.5,6939.121690792257
치콘,2023-12-12,8578.373015873016,6807.458246548097
치콘,2023-12-19,9896.850393700788,7442.573053134393
치콘,2023-12-26,16196.089385474861,7477.70162414404
토마토(일반),2023-01-03,2046.3843571987452,1791.1714434092933
토마토(일반),2023-01-10,2087.762974113288,2148.2057807309207
토마토(일반),2023-01-17,1707.4063904083125,2157.8011948128433
토마토(일반),2023-01-24,2413.919894226724,1756.5203564721119
토마토(일반),2023-01-31,2644.494712946768,2464.899556574067
토마토(일반),2023-02-07,3163.2491619985735,2568.914306598923
토마토(일반),2023-02-14,3725.690210440348,3115.930352151799
토마토(일반),2023-02-21,3233.9812190871808,3367.1025661932913
토마토(일반),2023-02-28,2231.4002252529917,2758.2142021678205
토마토(일반),2023-03-07,2763.099224346204,2257.8143739259567
토마토(일반),2023-03-14,3003.098814874655,2741.330033787268
토마토(일반),2023-03-21,2981.6516349525914,2851.5044990729034
토마토(일반),2023-03-28,2381.409812771033,2749.7049568692514
토마토(일반),2023-04-04,1951.1251085121362,2272.2446749935416
토마토(일반),2023-04-11,1955.7808874077434,1874.1196132367868
토마토(일반),2023-04-18,1755.22238489046,1904.961361499325
토마토(일반),2023-04-25,1752.7353673094012,1682.8671691750794
토마토(일반),2023-05-02,2024.7923207280928,1710.5543223770874
토마토(일반),2023-05-09,1838.9447754436667,1853.6435652588996
토마토(일반),2023-05-16,1463.7333878953243,1794.9148524584805
토마토(일반),2023-05-23,1814.2491087865913,1474.2445985804636
토마토(일반),2023-05-30,1942.6732757077498,1764.8737902132027
토마토(일반),2023-06-06,2106.6802771526586,1842.4863371625463
토마토(일반),2023-06-13,1840.0318369859906,2019.7728086162822
토마토(일반),2023-06-20,1575.3494988426057,1812.213672045935
토마토(일반),2023-06-27,2483.157855950696,1564.626786875325
토마토(일반),2023-07-04,2553.878456418401,2422.8950957426464
토마토(일반),2023-07-11,2005.4827809501382,2405.302246629474
토마토(일반),2023-07-18,2105.3042240344403,1800.4498596761641
토마토(일반),2023-07-25,2853.458785794643,2313.49000979673
토마토(일반),2023-08-01,2742.310859082072,2718.0871008695954
토마토(일반),2023-08-08,3117.2309814225696,2697.456910805724
토마토(일반),2023-08-15,4231.693936576006,3109.6054985151213
토마토(일반),2023-08-22,5144.511164211792,3448.25588537754
토마토(일반),2023-08-29,4989.499422937736,4199.618616644871
토마토(일반),2023-09-05,3869.2559640203363,3939.289006587555
토마토(일반),2023-09-12,5157.773576950958,3089.356002491263
토마토(일반),2023-09-19,3190.1164454679783,3871.27486662258
토마토(일반),2023-09-26,3384.717839885645,2855.485272498717
토마토(일반),2023-10-03,7231.455075900282,2978.8935562035335
토마토(일반),2023-10-10,7049.696600533704,5347.540903876612
토마토(일반),2023-10-17,4474.261969712398,4741.750409073582
토마토(일반),2023-10-24,3049.8524925239385,2825.8060314666864
토마토(일반),2023-10-31,3078.052244876877,2698.5765844004472
토마토(일반),2023-11-07,2765.6340343329575,2980.922820381372
토마토(일반),2023-11-14,3331.8084671105717,2479.2372193227743
토마토(일반),2023-11-21,3939.648735679372,3062.344571026334
토마토(일반),2023-11-28,3427.71997740149,3508.1651634447635
토마토(일반),2023-12-05,3554.6730111399847,2893.54950973106
토마토(일반),2023-12-12,3883.179262453773,3422.1222234007028
토마토(일반),2023-12-19,3766.887490685117,3595.131694822207
토마토(일반),2023-12-26,3391.096837206862,3494.2475002270567
파프리카,2023-01-03,1831.4157877844248,2905.0128399451532
파프리카,2023-01-10,4278.810700761612,2995.4262380813516
파프리카,2023-01-17,13101.86170212766,4954.338794492834
파프리카,2023-01-24,5313.030639500912,8787.215864314814
파프리카,2023-01-31,5416.290286146526,4592.73280780508
파프리카,2023-02-07,5183.62378320536,4697.3039721963905
파프리카,2023-02-14,5536.394292577655,5454.839926391152
파프리카,2023-02-21,6930.4242749731475,5470.055458663829
파프리카,2023-02-28,4457.082053707295,5430.048614064357
파프리카,2023-03-07,4560.843373493976,4486.131417225257
파프리카,2023-03-14,4673.390364700585,4682.467903928107
파프리카,2023-03-21,4140.113985094257,4106.517549967279
파프리카,2023-03-28,3398.7648221343875,4495.02944329459
파프리카,2023-04-04,3091.9359193591936,3966.506181696989
파프리카,2023-04-11,3245.616400729143,3665.2113488710725
파프리카,2023-04-18,2900.234823810243,3800.151102649953
파프리카,2023-04-25,3495.6521739130435,3047.17064960904
파프리카,2023-05-02,3272.9643765903306,3706.978915061272
파프리카,2023-05-09,4261.480927449514,3566.1704444779903
파프리카,2023-05-16,3999.457696755518,4495.283225650933
파프리카,2023-05-23,3423.3115468409587,3844.7375355351683
파프리카,2023-05-30,1293.4933218947006,3348.977893072579
파프리카,2023-06-06,1847.4136810027535,1572.2490765273137
파프리카,2023-06-13,1430.877738022499,2344.547193200939
파프리카,2023-06-20,2699.436478077768,1535.4550588537766
파프리카,2023-06-27,2205.73727933541,2708.22741278299
파프리카,2023-07-04,2052.1627368116174,2205.8294664106515
파프리카,2023-07-11,3813.962264150943,2053.8773119413063
파프리카,2023-07-18,5013.22869955157,3912.936178513407
파프리카,2023-07-25,4383.150984682713,5301.515584189052
파프리카,2023-08-01,6306.153846153846,4539.261604410236
파프리카,2023-08-08,8507.93991416309,6200.861099279768
파프리카,2023-08-15,6661.002403846154,9396.531921331081
파프리카,2023-08-22,8448.982785602504,5552.256156080181
파프리카,2023-08-29,8691.617647058823,7488.06381574862
파프리카,2023-09-05,6356.423173803527,6480.359392516865
파프리카,2023-09-12,8751.03244837758,4833.905856822857
파프리카,2023-09-19,9904.260651629073,6433.0467607134615
파프리카,2023-09-26,4987.025206754816,6138.804366321099
파프리카,2023-10-03,1538.6593357957352,4030.6377443064794
파프리카,2023-10-10,1320.551643575641,1538.8975684935176
파프리카,2023-10-17,1794.2558191389867,1261.9066875649582
파프리카,2023-10-24,1565.1002837399371,1584.447661060801
파프리카,2023-10-31,854.2991478285525,1597.3403558666103
파프리카,2023-11-07,729.1676386315949,692.1538406850019
파프리카,2023-11-14,470.36156262101565,770.9548570708826
파프리카,2023-11-21,572.6550444007157,559.3454039507362
파프리카,2023-11-28,743.8279639537336,562.3750988854027
파프리카,2023-12-05,807.4002878319252,920.892201852861
파프리카,2023-12-12,663.6938313305618,1020.785195836944
파프리카,2023-12-19,1453.7521260700396,968.9273416593106
파프리카,2023-12-26,1369.3598562465754,1847.6686540901283
팽이,2023-01-03,1798.0561771996947,2101.816963430759
팽이,2023-01-10,1864.6740132320108,1922.7507119272332
팽이,2023-01-17,1822.344906089926,1874.5888650131753
팽이,2023-01-24,2238.9561462288734,1744.3834709720186
팽이,2023-01-31,2506.0780880548323,2193.2290291211007
팽이,2023-02-07,2755.495190594941,2258.2995879622245
팽이,2023-02-14,2641.986897818966,2437.829431846401
팽이,2023-02-21,2830.854766969638,2339.8722154833977
팽이,2023-02-28,2565.968716257624,2451.5715902002617
팽이,2023-03-07,2520.9055118110236,2404.8268532320426
팽이,2023-03-14,2006.6806274123348,2342.9350327535935
팽이,2023-03-21,1861.0580496767227,1829.2679921650395
팽이,2023-03-28,1695.9572647356274,1809.2265748577993
팽이,2023-04-04,1617.9335034561357,1654.5015978920612
팽이,2023-04-11,1657.6585560430794,1561.323518171985
팽이,2023-04-18,2043.3791037693882,1611.952250754414
팽이,2023-04-25,2450.0386377435557,1897.441898808314
팽이,2023-05-02,1922.1690208283458,2323.2950716363725
팽이,2023-05-09,1375.0772880582322,1758.564645444958
팽이,2023-05-16,1343.1745196104239,1394.6174284262502
팽이,2023-05-23,1490.531437615267,1363.196092033844
팽이,2023-05-30,1513.1937436267676,1472.122879214161
팽이,2023-06-06,1469.1331685338466,1447.2031927432613
팽이,2023-06-13,1362.6246140502585,1437.7926657862872
팽이,2023-06-20,1513.9682755803663,1349.245224824992
팽이,2023-06-27,1611.089148052975,1473.938089897037
팽이,2023-07-04,1477.9491848005457,1553.2230777214993
팽이,2023-07-11,1889.2524747347707,1435.2373097001714
팽이,2023-07-18,2131.8575268408986,1763.566747234882
팽이,2023-07-25,2735.9968425396028,2296.2813085161333
팽이,2023-08-01,2158.9728531367914,2638.3321701990612
팽이,2023-08-08,2276.657027183343,2233.4486911741483
팽이,2023-08-15,2149.259470017379,2378.3488968920065
팽이,2023-08-22,2664.5143553468465,2291.921448392874
팽이,2023-08-29,2701.410294799758,2708.4907318000214
팽이,2023-09-05,2797.922553253788,2617.0060475425253
팽이,2023-09-12,2912.340329973713,2636.0352808179705
팽이,2023-09-19,3591.043313377506,2698.898863192521
팽이,2023-09-26,2892.8880444314527,3110.945784873151
팽이,2023-10-03,2663.4932458565513,2583.4633128648666
팽이,2023-10-10,2264.4163386101573,2606.05681599915
팽이,2023-10-17,2084.561246091943,2274.3508942947083
팽이,2023-10-24,2276.436343587332,2092.6534191350956
팽이,2023-10-31,1855.0189242496936,2264.6541197630354
팽이,2023-11-07,1784.071118032574,1818.5794388400323
팽이,2023-11-14,1535.0310043328232,1768.0107432659086
팽이,2023-11-21,1472.2242658328735,1560.8017044669043
팽이,2023-11-28,1662.3125539008097,1617.250943873657
팽이,2023-12-05,1534.909021260295,1763.8162486012711
팽이,2023-12-12,2019.4767042116184,1670.0730441919545
팽이,2023-12-19,2026.1635183085734,2105.5775379321694
팽이,2023-12-26,2073.6707530150434,2078.9067422475314
포장쪽파,2023-01-03,5003.32799487508,6682.68613339241
포장쪽파,2023-01-10,6985.619163185058,6000.078689823886
포장쪽파,2023-01-17,3430.583210960971,6218.374576121074
포장쪽파,2023-01-24,3854.1047517962115,3617.7851798884185
포장쪽파,2023-01-31,3646.5884488480046,4045.708750301648
포장쪽파,2023-02-07,3901.3166407867493,3543.9686262213168
포장쪽파,2023-02-14,3125.8229239797065,3637.938333942738
포장쪽파,2023-02-21,3157.685776873323,2955.4013183884035
포장쪽파,2023-02-28,2204.7379637100944,3031.9954390112835
포장쪽파,2023-03-07,2043.0089227565945,2294.180824048106
포장쪽파,2023-03-14,1975.8789633072124,2120.2219577386163
포장쪽파,2023-03-21,1512.479621883254,2135.2967813349305
포장쪽파,2023-03-28,2150.986741614224,1802.2715901148213
포장쪽파,2023-04-04,2150.254522255745,2406.4513570454865
포장쪽파,2023-04-11,2342.053018801822,2440.4030989872144
포장쪽파,2023-04-18,3372.7456059027613,2533.325768056702
포장쪽파,2023-04-25,5246.008324849547,3671.422957545789
포장쪽파,2023-05-02,3550.3330593618507,4854.734340016932
포장쪽파,2023-05-09,3560.0825841522055,3612.0834220749102
포장쪽파,2023-05-16,3662.216857203721,3777.6584322108274
포장쪽파,2023-05-23,4283.676531152556,3741.4595085530987
포장쪽파,2023-05-30,3988.5705577567815,4196.8392833252365
포장쪽파,2023-06-06,6348.514381818966,4087.1274756499115
포장쪽파,2023-06-13,3860.918118528466,5839.195242702839
포장쪽파,2023-06-20,4139.15496797056,3647.598102973567
포장쪽파,2023-06-27,3773.5858585858587,3934.200426478179
포장쪽파,2023-07-04,3901.4771960550684,3785.901144186187
포장쪽파,2023-07-11,5668.434573090092,3755.0089566648444
포장쪽파,2023-07-18,5875.247799540084,5169.88205264913
포장쪽파,2023-07-25,6079.047156052504,5577.82927034274
포장쪽파,2023-08-01,5882.588304264986,5399.2214548197635
포장쪽파,2023-08-08,5025.0927028406195,5168.956328686353
포장쪽파,2023-08-15,4425.893248296027,4680.114079897267
포장쪽파,2023-08-22,3322.5,4258.34682788367
포장쪽파,2023-08-29,3107.04360780065,3390.786145025477
포장쪽파,2023-09-05,3435.454692314596,3270.005585079528
포장쪽파,2023-09-12,3323.020204811693,3240.6979390115152
포장쪽파,2023-09-19,5110.058433258263,3129.0158716524597
포장쪽파,2023-09-26,6298.90786783618,4239.3320431950915
포장쪽파,2023-10-03,5293.208344191022,5270.275993288291
포장쪽파,2023-10-10,3415.553978315671,4388.286611635349
포장쪽파,2023-10-17,2909.289236178588,3306.3686250480246
포장쪽파,2023-10-24,2888.7932239258903,3064.332686134754
포장쪽파,2023-10-31,2638.6629338224648,3071.9311426225718
포장쪽파,2023-11-07,4253.076151666613,2530.8251711316293
포장쪽파,2023-11-14,4361.782994202569,3888.4850277528494
포장쪽파,2023-11-21,4949.093367171472,3770.0944390363484
포장쪽파,2023-11-28,6703.867944552387,4368.827677223432
포장쪽파,2023-12-05,6498.813589725192,6071.4129900278895
포장쪽파,2023-12-12,6115.664732749044,6348.25339478961
포장쪽파,2023-12-19,6329.415664177504,6438.223966729621
포장쪽파,2023-12-26,7164.927583552953,6353.591722442136
표고버섯(일반),2023-01-03,8029.716070370855,8918.96159208173
표고버섯(일반),2023-01-10,7099.042372596477,7334.835601090373
표고버섯(일반),2023-01-17,7092.714362364008,7188.410768077281
표고버섯(일반),2023-01-24,6726.487284287012,6903.03977054901
표고버섯(일반),2023-01-31,6902.986236891591,6327.326373568207
표고버섯(일반),2023-02-07,6952.117287244961,6729.637897380251
표고버섯(일반),2023-02-14,6809.947879927894,7135.048710752847
표고버섯(일반),2023-02-21,7249.165557116019,7212.1658995448215
표고버섯(일반),2023-02-28,6298.640088165023,7192.854316029492
표고버섯(일반),2023-03-07,6030.005418585749,6151.157910934172
표고버섯(일반),2023-03-14,5954.7556363097,6096.162926593517
표고버섯(일반),2023-03-21,5518.777482156513,6085.030172058428
표고버섯(일반),2023-03-28,5493.513796259971,5523.4758256148725
표고버섯(일반),2023-04-04,5829.543019712409,5464.889150477841
표고버섯(일반),2023-04-11,5199.111793091192,5661.801391240971
표고버섯(일반),2023-04-18,5104.608148907688,5264.929671865845
표고버섯(일반),2023-04-25,5777.240077355189,5340.095442630202
표고버섯(일반),2023-05-02,5782.70773863399,5715.314066122699
표고버섯(일반),2023-05-09,6164.083243468568,5723.69428321406
표고버섯(일반),2023-05-16,6102.118605149558,6103.709255480304
표고버섯(일반),2023-05-23,6367.869546963856,6118.575156308229
표고버섯(일반),2023-05-30,6048.323907897133,6102.017610950406
표고버섯(일반),2023-06-06,7049.057154533248,6096.618934002126
표고버섯(일반),2023-06-13,6598.944706511696,6788.326283481996
표고버섯(일반),2023-06-20,5736.3411250775725,6208.776801311695
표고버섯(일반),2023-06-27,6628.786545664798,5908.381291371987
표고버섯(일반),2023-07-04,6190.323909042943,6327.725839089937
표고버섯(일반),2023-07-11,6448.15542068309,6213.35399646743
표고버섯(일반),2023-07-18,5699.074591232163,6242.919527205368
표고버섯(일반),2023-07-25,6320.4796666272605,6322.38285252206
표고버섯(일반),2023-08-01,7371.186537937367,6246.333517258473
표고버섯(일반),2023-08-08,7321.399147958244,7468.167540253069
표고버섯(일반),2023-08-15,7477.225573123,7105.801694717308
표고버섯(일반),2023-08-22,7587.133553729974,7225.874208402105
표고버섯(일반),2023-08-29,6840.09792763508,6740.910129386385
표고버섯(일반),2023-09-05,6551.338738967017,6873.046705633727
표고버섯(일반),2023-09-12,6552.859467143476,6275.518734695615
표고버섯(일반),2023-09-19,7237.0863930885525,6366.878387253273
표고버섯(일반),2023-09-26,6366.378399681464,7269.376481975195
표고버섯(일반),2023-10-03,6629.00565112607,6174.03633763819
표고버섯(일반),2023-10-10,6002.605157685924,6440.543940115576
표고버섯(일반),2023-10-17,5682.754461208548,6269.253776899076
표고버섯(일반),2023-10-24,4659.7705931296805,5780.978918832681
표고버섯(일반),2023-10-31,4964.43382204525,5100.126683367083
표고버섯(일반),2023-11-07,6358.574662991066,5336.286058546569
표고버섯(일반),2023-11-14,6252.9216045899175,5983.62662855681
표고버섯(일반),2023-11-21,6390.551198280846,6247.254950301963
표고버섯(일반),2023-11-28,6239.861610077163,6444.849022018728
표고버섯(일반),2023-12-05,5470.7518973396445,6421.028677269896
표고버섯(일반),2023-12-12,5251.913709116215,5979.454464998757
표고버섯(일반),2023-12-19,5892.08909940409,5845.637168344521
표고버섯(일반),2023-12-26,6123.645857688411,6246.517359350427
호박고구마,2023-01-03,2113.8150427146184,2350.3904253658584
호박고구마,2023-01-10,1953.9156626506024,2270.0009328417314
호박고구마,2023-01-17,2157.79628955984,2043.1471586921361
호박고구마,2023-01-24,2335.787833359634,2254.9024292936047
호박고구마,2023-01-31,2024.5087611263505,2260.309373639275
호박고구마,2023-02-07,2081.3608920650568,1939.9702838539506
호박고구마,2023-02-14,2233.558671340344,2084.7129147087026
호박고구마,2023-02-21,2287.6255052810016,2278.609205750809
호박고구마,2023-02-28,2358.998860903683,2247.2151101968807
호박고구마,2023-03-07,2006.2764002952122,2288.5043444141984
호박고구마,2023-03-14,1933.1551368247228,1963.09381909546
호박고구마,2023-03-21,2166.8066157760813,1945.546027666522
호박고구마,2023-03-28,2174.230019493177,2253.343053120772
호박고구마,2023-04-04,2357.9224644092333,2222.767729996627
호박고구마,2023-04-11,2415.907932733141,2305.829945973305
호박고구마,2023-04-18,2385.6735751295337,2396.2765023765214
호박고구마,2023-04-25,2900.045363360518,2428.6140671919693
호박고구마,2023-05-02,3123.181543917546,2946.521519002376
호박고구마,2023-05-09,3422.534730129811,3149.7058425687424
호박고구마,2023-05-16,4029.754958065182,3557.60302913847
호박고구마,2023-05-23,3942.6898923674553,3898.9293057227437
호박고구마,2023-05-30,3232.767556838023,3698.863164782708
호박고구마,2023-06-06,3028.8029273392576,3240.775068865775
호박고구마,2023-06-13,2765.17136192356,3048.4249241808166
호박고구마,2023-06-20,2537.8688524590166,2699.686003507774
호박고구마,2023-06-27,2537.8215883668904,2644.610164430986
호박고구마,2023-07-04,2361.5876727694445,2531.407795093099
호박고구마,2023-07-11,3475.010565240359,2225.0237469927906
호박고구마,2023-07-18,2720.7195235986023,3241.925506993161
호박고구마,2023-07-25,2206.103108415466,2562.592900359593
호박고구마,2023-08-01,3395.6130849220103,2227.444622808901
호박고구마,2023-08-08,2899.9789026664307,3322.7438088796957
호박고구마,2023-08-15,3180.3811659192825,2979.040667266164
호박고구마,2023-08-22,2500.175746924429,3275.012125032751
호박고구마,2023-08-29,2376.6249769295073,2455.81252619535
호박고구마,2023-09-05,1835.056517271362,2463.2985768617173
호박고구마,2023-09-12,2061.1842006906963,1866.3963273913157
호박고구마,2023-09-19,2434.5978391356543,2064.6609576800747
호박고구마,2023-09-26,2447.8775853775855,2312.470415128412
호박고구마,2023-10-03,2224.5809248554915,2422.7769714226656
호박고구마,2023-10-10,2086.505089270816,2167.838781471893
호박고구마,2023-10-17,2070.8480228680323,2033.4888215139495
호박고구마,2023-10-24,2039.572443372202,2050.3992875272756
호박고구마,2023-10-31,2317.8220044907125,2004.8127202121148
호박고구마,2023-11-07,2473.272757585862,2251.041323809557
호박고구마,2023-11-14,2074.5693563009972,2448.9731313866973
호박고구마,2023-11-21,2194.5776566757495,2037.8993042299858
호박고구마,2023-11-28,2297.7105771886218,2220.5857865407966
호박고구마,2023-12-05,2289.437795713888,2343.1529255892065
호박고구마,2023-12-12,2365.851915380217,2405.9564128720253
호박고구마,2023-12-19,2396.509963960144,2452.408063028798
호박고구마,2023-12-26,2414.6472184531885,2499.420477526138
홍고추(일반),2023-01-03,6878.59658141627,7485.26682848195
홍고추(일반),2023-01-10,6422.803850524195,6908.78982860698
홍고추(일반),2023-01-17,5661.069570871261,6336.966516310737
홍고추(일반),2023-01-24,4452.97110610873,5745.838900481985
홍고추(일반),2023-01-31,4013.007183071248,4937.413413621563
홍고추(일반),2023-02-07,6640.506806189864,4460.242274784565
홍고추(일반),2023-02-14,8963.798298753884,7014.467220214341
홍고추(일반),2023-02-21,11027.017614521239,9657.343196801587
홍고추(일반),2023-02-28,11152.326912339475,10333.37591721096
홍고추(일반),2023-03-07,14186.262758440198,10341.286519354262
홍고추(일반),2023-03-14,17225.38829487901,10887.683487593788
홍고추(일반),2023-03-21,16151.915926461475,13266.07552625629
홍고추(일반),2023-03-28,18088.495217071377,12715.399354800402
홍고추(일반),2023-04-04,16376.589147286822,13502.228671241051
홍고추(일반),2023-04-11,18041.052447781392,13323.169564036021
홍고추(일반),2023-04-18,7678.4253190755435,12908.742741049704
홍고추(일반),2023-04-25,5079.2495326816415,7077.133844065126
홍고추(일반),2023-05-02,5539.174254268984,5333.386999697772
홍고추(일반),2023-05-09,9685.787723706791,5383.056383876079
홍고추(일반),2023-05-16,7522.9667373327875,8635.498263463329
홍고추(일반),2023-05-23,5119.192542477466,6497.268510393265
홍고추(일반),2023-05-30,6503.489895810583,4924.362121035635
홍고추(일반),2023-06-06,7628.339084827268,6354.893481206008
홍고추(일반),2023-06-13,7899.215762273901,6893.430293373439
홍고추(일반),2023-06-20,5551.278569680299,6639.858851996916
홍고추(일반),2023-06-27,4690.5615906996845,4693.560848489934
홍고추(일반),2023-07-04,4421.328567054094,4683.394796042162
홍고추(일반),2023-07-11,4694.233711529316,4216.468756261173
홍고추(일반),2023-07-18,3736.111067143626,4348.170064118703
홍고추(일반),2023-07-25,3836.881190766214,4271.7861842544835
홍고추(일반),2023-08-01,3546.0001483899687,3955.6871595950556
홍고추(일반),2023-08-08,3313.135933652974,3595.0325442154444
홍고추(일반),2023-08-15,3400.942750179372,3119.179044593341
홍고추(일반),2023-08-22,3192.5510189002675,3746.140312058521
홍고추(일반),2023-08-29,3988.002488089957,3521.488119955807
홍고추(일반),2023-09-05,5756.071595177883,4266.772341942035
홍고추(일반),2023-09-12,4855.243756506173,5773.751391228842
홍고추(일반),2023-09-19,7416.11020933617,4950.393978236411
홍고추(일반),2023-09-26,5154.873213251653,7144.714602578465
홍고추(일반),2023-10-03,7326.791247225523,5180.070535417299
홍고추(일반),2023-10-10,7078.959527184873,8360.908173160089
홍고추(일반),2023-10-17,6100.0753546099295,7693.348816245305
홍고추(일반),2023-10-24,4902.459891923716,6356.657955509358
홍고추(일반),2023-10-31,3526.3680357364437,5144.917945286575
홍고추(일반),2023-11-07,4218.898430005382,3677.3405962383354
홍고추(일반),2023-11-14,4725.040175701735,4546.63990065621
홍고추(일반),2023-11-21,6549.23500286874,4778.138489778457
홍고추(일반),2023-11-28,6628.6135249721865,6524.992961589548
홍고추(일반),2023-12-05,5894.823453099441,6892.1791547064
홍고추(일반),2023-12-12,5066.971861162691,5864.302716490683
홍고추(일반),2023-12-19,5179.798779622534,5141.097045519731
홍고추(일반),2023-12-26,4281.229197418309,5059.6845720545025
홍청양,2023-01-03,4489.328523216572,4460.336367312408
홍청양,2023-01-10,3820.4151177199506,4756.304210284367
홍청양,2023-01-17,4217.684526039715,4227.599942466847
홍청양,2023-01-24,3626.8190879641165,4274.4088282868
홍청양,2023-01-31,5016.59018217216,3822.123134505081
홍청양,2023-02-07,7522.1779645532615,4582.91480313821
홍청양,2023-02-14,14037.085076708508,8250.137841718437
홍청양,2023-02-21,15346.423884514435,11155.614861560432
홍청양,2023-02-28,12938.1896777574,12336.624624666003
홍청양,2023-03-07,13888.96834264432,9680.499260248107
홍청양,2023-03-14,16537.05389657684,10163.27480830839
홍청양,2023-03-21,11771.872384937238,13567.554856076262
홍청양,2023-03-28,8218.142750373692,9223.638224397195
홍청양,2023-04-04,7610.642351660315,6084.902942257474
홍청양,2023-04-11,7016.359144988909,6112.259400946448
홍청양,2023-04-18,3938.7571650144987,6082.138289197557
홍청양,2023-04-25,3884.950856364344,3684.877165829011
홍청양,2023-05-02,3944.2361679728624,3504.4816107773254
홍청양,2023-05-09,5518.872038531633,3681.591265618589
홍청양,2023-05-16,4640.164773033224,4154.964561094147
홍청양,2023-05-23,4032.2398129947405,4061.542399893662
홍청양,2023-05-30,4533.332012089382,3708.9724922863616
홍청양,2023-06-06,4461.073936195278,3888.49638992141
홍청양,2023-06-13,3659.073710369153,3785.5996156056813
홍청양,2023-06-20,3700.107050388369,3615.8038844845405
홍청양,2023-06-27,3136.964735516373,3651.6046338093297
홍청양,2023-07-04,3279.167812929849,3038.994209285327
홍청양,2023-07-11,4082.7691053852423,3375.638398376483
홍청양,2023-07-18,3173.872957794418,4074.0111186257677
홍청양,2023-07-25,4367.746339315204,3138.18317715057
홍청양,2023-08-01,4187.633342005985,3912.4173146973894
홍청양,2023-08-08,3578.192208363097,4012.5464443354604
홍청양,2023-08-15,3060.003191998723,3622.7449600560053
홍청양,2023-08-22,2757.4849503769183,3007.3917761111184
홍청양,2023-08-29,2868.2616496512687,2813.4437029921774
홍청양,2023-09-05,3165.770222121143,2806.8190639141053
홍청양,2023-09-12,2742.772945605608,3206.616673218444
홍청양,2023-09-19,2960.514814576772,2653.2144763380848
홍청양,2023-09-26,3213.5592467578613,3091.090481256286
홍청양,2023-10-03,4107.626610728199,3228.9769605895535
홍청양,2023-10-10,4193.651589865669,4434.555953714237
홍청양,2023-10-17,6482.253484434023,4424.845661472383
홍청양,2023-10-24,6210.3629343629345,6226.905734451465
홍청양,2023-10-31,6700.116240451677,6366.871925177552
홍청양,2023-11-07,7273.608394095679,5917.746141892748
홍청양,2023-11-14,9379.499341238472,6871.195767251965
홍청양,2023-11-21,9091.233017175084,8299.380978436082
홍청양,2023-11-28,9692.52984212553,7534.994506420727
홍청양,2023-12-05,7207.974665323161,7737.680247765353
홍청양,2023-12-12,3926.6826923076924,6199.872230705719
홍청양,2023-12-19,3869.197836863452,4053.2302988407337
홍청양,2023-12-26,4175.328947368421,3810.553567151234
홍피망,2023-01-03,4208.574178227722,4153.24487190733
홍피망,2023-01-10,3098.862960500997,4895.7412559874265
홍피망,2023-01-17,3983.6871611065158,3890.6766946900198
홍피망,2023-01-24,3049.9458039086876,4199.250102334604
홍피망,2023-01-31,3489.3862815884477,3071.8749255043326
홍피망,2023-02-07,5167.2171573755795,3815.4125085504797
홍피망,2023-02-14,4627.202166064982,5355.420323050648
홍피망,2023-02-21,5947.517437591777,5120.206533737456
홍피망,2023-02-28,5462.815993651913,6285.507891190329
홍피망,2023-03-07,5410.106732281876,5414.128350533176
홍피망,2023-03-14,6000.307675341862,5198.045323451938
홍피망,2023-03-21,7896.891982658606,5693.100359531364
홍피망,2023-03-28,7820.990763546798,6399.994908919303
홍피망,2023-04-04,7171.276242175815,6797.510376953424
홍피망,2023-04-11,6061.831246182041,6025.7452909224085
홍피망,2023-04-18,6801.049262079655,5873.9248237375805
홍피망,2023-04-25,5594.844795753519,6449.844363532913
홍피망,2023-05-02,4466.667563651418,4837.370309003846
홍피망,2023-05-09,4041.4905395356523,3689.881203227618
홍피망,2023-05-16,5123.528046870468,4172.626219646673
홍피망,2023-05-23,3647.9662581406083,4180.884842427801
홍피망,2023-05-30,2864.786883243771,3173.1075830552345
홍피망,2023-06-06,4263.240353324035,2753.632087403506
홍피망,2023-06-13,5134.785955138543,3794.4805908215835
홍피망,2023-06-20,4322.510052073034,4427.749235263609
홍피망,2023-06-27,3353.164481879115,3647.8767896438517
홍피망,2023-07-04,3231.839417214348,3393.987494757276
홍피망,2023-07-11,3750.8619456366237,3518.6857917392967
홍피망,2023-07-18,3230.376506024096,3771.518149738177
홍피망,2023-07-25,1945.9093926319283,3197.5169067306247
홍피망,2023-08-01,1130.0940630344492,2024.1134432138908
홍피망,2023-08-08,1643.322668562626,1364.4894289778706
홍피망,2023-08-15,2493.6654033567947,2072.0652810078723
홍피망,2023-08-22,3147.2719010678697,2589.188130948267
홍피망,2023-08-29,3969.790792168978,3306.381091752167
홍피망,2023-09-05,4840.738112136267,4110.272813112436
홍피망,2023-09-12,2905.7112767336357,4863.863115725131
홍피망,2023-09-19,2712.241518406862,2991.6704120027216
홍피망,2023-09-26,2529.337205788537,2584.0729519462843
홍피망,2023-10-03,2662.2731573062697,2328.5635639609427
홍피망,2023-10-10,4317.178858395075,2818.9256447430166
홍피망,2023-10-17,6175.281918340895,4436.143822985769
홍피망,2023-10-24,6601.949753883526,6214.598127997362
홍피망,2023-10-31,3878.3166904422255,6313.353667638063
홍피망,2023-11-07,4103.761616757633,3216.6351314433796
홍피망,2023-11-14,4971.319102353586,3781.9070474033097
홍피망,2023-11-21,6901.7277992278,4597.806846969945
홍피망,2023-11-28,7797.375745526839,6959.712172514142
홍피망,2023-12-05,7192.984675945452,6925.593548813279
홍피망,2023-12-12,4610.375641237796,7327.8251248281
홍피망,2023-12-19,4687.408629751864,4122.324189992709
홍피망,2023-12-26,4129.001423632296,4538.702260273039
