item,week,y_true,y_pred
깐양파,2024-01-02,1678.6630036630036,1668.574954101463
깐양파,2024-01-09,1646.7826086956522,1703.0043279180572
깐양파,2024-01-16,1645.2118644067796,1666.9297778586042
깐양파,2024-01-23,1737.8260869565217,1675.8177896089753
깐양파,2024-01-30,1770.8705357142858,1735.5465634259149
깐양파,2024-02-06,1755.3505535055351,1807.9212182300487
깐양파,2024-02-13,1767.032967032967,1765.6756593975513
깐양파,2024-02-20,1910.0823045267489,1860.9774903073148
깐양파,2024-02-27,1762.5,1773.5087987311003
깐양파,2024-03-05,1917.0754716981132,1775.1665707714517
깐양파,2024-03-12,2229.524438573316,1830.0232370795413
깐양파,2024-03-19,2262.5498007968126,2186.0975328457525
깐양파,2024-03-26,2430.6296691568837,2226.155901456984
깐양파,2024-04-02,2854.190585533869,2382.52865072818
깐양파,2024-04-09,2554.39453125,2589.928725468039
깐양파,2024-04-16,2489.6373056994817,2406.0754039441313
깐양파,2024-04-23,2307.1428571428573,2370.3043350842368
깐양파,2024-04-30,2228.776978417266,2197.5795684537643
깐양파,2024-05-07,2122.6643598615915,2173.847524230568
깐양파,2024-05-14,2057.6168929110104,2072.5569400246136
깐양파,2024-05-21,1959.6730245231608,1999.3463485804746
깐양파,2024-05-28,1873.5182849936948,1852.2607391946358
깐양파,2024-06-04,1831.578947368421,1790.6618255541277
깐양파,2024-06-11,1765.2294853963838,1776.2622752385469
깐양파,2024-06-18,1648.9966555183946,1742.8678629574117
깐양파,2024-06-25,1528.2387190684135,1657.3845328539594
깐양파,2024-07-02,1707.335581787521,1534.96744167962
깐양파,2024-07-09,1711.340206185567,1760.4424047960918
깐양파,2024-07-16,1605.6043956043957,1772.1288955868208
깐양파,2024-07-23,1657.1614583333333,1700.3288188652637
깐양파,2024-07-30,1700.063051702396,1701.1213365916292
깐양파,2024-08-06,1686.5530303030303,1738.7680936959912
깐양파,2024-08-13,1769.871794871795,1755.392753669981
깐양파,2024-08-20,1797.1063257065948,1801.3921559729163
깐양파,2024-08-27,1766.4429530201342,1805.634261376246
깐양파,2024-09-03,1762.6824817518248,1796.377206313533
깐양파,2024-09-10,1720.1462765957447,1764.2631834003912
깐양파,2024-09-17,1857.6819407008086,1802.4734196893128
깐양파,2024-09-24,1844.5561139028475,1860.501953502808
깐양파,2024-10-01,1834.3016759776535,1875.715028131022
깐양파,2024-10-08,1837.7445932028836,1840.6047813158427
깐양파,2024-10-15,1739.471440750213,1870.2753200636134
깐양파,2024-10-22,1801.0430247718384,1756.98188939918
깐양파,2024-10-29,1826.0994263862333,1791.8735445862283
깐양파,2024-11-05,1803.2515337423313,1833.267292326165
깐양파,2024-11-12,1881.25,1819.806242077152
깐양파,2024-11-19,1790.9158600148921,1859.6486406554488
깐양파,2024-11-26,1787.370242214533,1813.2426877814103
깐양파,2024-12-03,1771.9023779724655,1824.3254031886493
깐양파,2024-12-10,1758.4574723690534,1826.692368519323
깐양파,2024-12-17,1783.2745443856554,1783.1342857526174
깐양파,2024-12-24,1920.678246484698,1847.556744673927
깐양파,2024-12-31,2099.4186046511627,1948.4852588986469
깐쪽파,2024-01-02,6117.850006209287,7124.71203078721
깐쪽파,2024-01-09,8242.937151455082,6266.9749233227385
깐쪽파,2024-01-16,10294.445760583734,7547.2714107968195
깐쪽파,2024-01-23,9295.584543546245,9083.020126075047
깐쪽파,2024-01-30,12161.638342170849,7366.417505418466
깐쪽파,2024-02-06,8208.507692746838,8884.470916796801
깐쪽파,2024-02-13,5906.917987966113,6968.623580371345
깐쪽파,2024-02-20,6922.993840408636,5263.675569832319
깐쪽파,2024-02-27,7635.220954053263,6074.583481288647
깐쪽파,2024-03-05,7853.537552480174,6283.500590102898
깐쪽파,2024-03-12,5776.293575113335,6374.419056713636
깐쪽파,2024-03-19,4883.09467912918,5034.972345174788
깐쪽파,2024-03-26,4098.103554677858,4530.942171783393
깐쪽파,2024-04-02,4494.2695611205745,4038.825242574651
깐쪽파,2024-04-09,5795.444872085126,4420.445067938909
깐쪽파,2024-04-16,4601.243395561817,5926.145105321037
깐쪽파,2024-04-23,7143.182127908109,5039.832835533179
깐쪽파,2024-04-30,7158.507518396075,7344.745882995898
깐쪽파,2024-05-07,5837.761720527993,6862.152997719318
깐쪽파,2024-05-14,6353.030923075309,5871.463142867911
깐쪽파,2024-05-21,6946.877981554118,6511.608792473437
깐쪽파,2024-05-28,8557.04335619027,7382.0276631089555
깐쪽파,2024-06-04,8102.438804354363,8540.433056693564
깐쪽파,2024-06-11,15320.410296298096,8754.349809153326
깐쪽파,2024-06-18,12910.556752466266,12293.876412019135
깐쪽파,2024-06-25,9438.566374275128,11380.753328221112
깐쪽파,2024-07-02,11062.801008026881,8785.362798946473
깐쪽파,2024-07-09,12987.23456607859,10401.883515996904
깐쪽파,2024-07-16,12897.358006800067,11750.0006840315
깐쪽파,2024-07-23,13350.991276764473,10943.19572469506
깐쪽파,2024-07-30,12715.614729519011,12343.86902248857
깐쪽파,2024-08-06,15792.01928838417,9950.203467821528
깐쪽파,2024-08-13,17382.639150816314,11289.050766351791
깐쪽파,2024-08-20,20928.0636380454,16584.489749951117
깐쪽파,2024-08-27,14394.758359879394,15716.0106993711
깐쪽파,2024-09-03,14729.540042449657,12476.853518267777
깐쪽파,2024-09-10,13131.79660843018,10965.189392576513
깐쪽파,2024-09-17,10990.390063971205,11437.144157045122
깐쪽파,2024-09-24,11604.56831590122,9010.670549604842
깐쪽파,2024-10-01,9508.483746699563,9886.13827089134
깐쪽파,2024-10-08,5449.320942470523,8503.127682171415
깐쪽파,2024-10-15,5200.386458343499,5385.364651863452
깐쪽파,2024-10-22,5530.940192194966,5541.93854857935
깐쪽파,2024-10-29,6228.755093841474,5464.82831773164
깐쪽파,2024-11-05,7857.172982962456,6582.51850272355
깐쪽파,2024-11-12,6513.623191848174,7347.0894392864675
깐쪽파,2024-11-19,7894.146147397735,6399.095157869049
깐쪽파,2024-11-26,6971.21550698208,7472.838197108289
깐쪽파,2024-12-03,7893.835907315911,7404.425668690178
깐쪽파,2024-12-10,7863.088471483409,8583.79500194514
깐쪽파,2024-12-17,8284.626232553976,8450.576046606118
깐쪽파,2024-12-24,11421.835529435431,8572.431866901568
깐쪽파,2024-12-31,7326.423776285956,10572.535125009865
깻잎(일반),2024-01-02,9319.009098550245,10531.089798131698
깻잎(일반),2024-01-09,9284.31070213339,9476.036945334154
깻잎(일반),2024-01-16,10212.69525852426,9286.71403052289
깻잎(일반),2024-01-23,12718.126472898664,9413.091891169337
깻잎(일반),2024-01-30,11087.587001060723,9794.902072679442
깻잎(일반),2024-02-06,7270.050749090138,9587.700101295839
깻잎(일반),2024-02-13,6198.1601957191915,7363.0802196356435
깻잎(일반),2024-02-20,11705.540928821585,6916.3434909949465
깻잎(일반),2024-02-27,10830.926640728723,9893.04947253414
깻잎(일반),2024-03-05,8090.340951195293,9228.235780102417
깻잎(일반),2024-03-12,6663.038304470508,6328.742897298582
깻잎(일반),2024-03-19,5993.2762485959975,6063.968340876609
깻잎(일반),2024-03-26,6642.369645132942,6344.328360770575
깻잎(일반),2024-04-02,5982.863794139976,6505.903834761214
깻잎(일반),2024-04-09,5376.3155800753275,6588.896670832468
깻잎(일반),2024-04-16,5442.04144129073,5746.548118494694
깻잎(일반),2024-04-23,5834.43892125329,6030.010463106781
깻잎(일반),2024-04-30,5854.0750509531235,6185.879645416159
깻잎(일반),2024-05-07,5957.707742608824,6197.099711506461
깻잎(일반),2024-05-14,5458.792535776462,6345.30930250421
깻잎(일반),2024-05-21,4538.967627120199,5555.374115065045
깻잎(일반),2024-05-28,4317.686416465318,4782.299286154877
깻잎(일반),2024-06-04,3485.991694344734,4526.216525808358
깻잎(일반),2024-06-11,3625.076869151622,3767.139568131078
깻잎(일반),2024-06-18,3681.9836419766084,3783.9939808427384
깻잎(일반),2024-06-25,3343.1890353988006,4014.6096480124693
깻잎(일반),2024-07-02,5801.601934411365,3586.531594398046
깻잎(일반),2024-07-09,7264.608113168501,6261.812802943329
깻잎(일반),2024-07-16,6574.571326164874,7672.630417411746
깻잎(일반),2024-07-23,9537.3381226459,6981.930922901776
깻잎(일반),2024-07-30,9505.117301271148,9323.514639125582
깻잎(일반),2024-08-06,10293.169727867167,9080.391201500446
깻잎(일반),2024-08-13,10484.449162356212,10100.894277612364
깻잎(일반),2024-08-20,11026.607676904941,10180.037081131852
깻잎(일반),2024-08-27,13449.534966854691,10158.769917849988
깻잎(일반),2024-09-03,15510.342463010791,12235.40249034858
깻잎(일반),2024-09-10,11075.486599868253,11522.552423205185
깻잎(일반),2024-09-17,15253.576126227032,9655.990414524695
깻잎(일반),2024-09-24,15967.899999445735,11262.432772027532
깻잎(일반),2024-10-01,11357.011914772253,14456.554690865378
깻잎(일반),2024-10-08,6350.343685627572,9250.997125038826
깻잎(일반),2024-10-15,7252.415411442676,6125.794244035821
깻잎(일반),2024-10-22,8260.159327018102,6791.629468770049
깻잎(일반),2024-10-29,8406.79357262367,6345.024831712379
깻잎(일반),2024-11-05,7190.814210428296,7241.167061085501
깻잎(일반),2024-11-12,6029.783062442685,7063.887459956349
깻잎(일반),2024-11-19,6468.674755566027,6652.544182638947
깻잎(일반),2024-11-26,7203.3171198706095,6911.283492744703
깻잎(일반),2024-12-03,7660.01668614425,7809.364807370031
깻잎(일반),2024-12-10,9775.238614754498,8233.54856118147
깻잎(일반),2024-12-17,11502.080961729882,11036.71990122994
깻잎(일반),2024-12-24,11200.736516987408,12207.944417999428
깻잎(일반),2024-12-31,8608.540240592976,10766.223585296304
노랑파프리카,2024-01-02,7495.828698553949,6636.416082298962
노랑파프리카,2024-01-09,7792.514522821577,7588.051962426981
노랑파프리카,2024-01-16,7339.591767307365,7219.545677208398
노랑파프리카,2024-01-23,8853.956248545497,6762.805146799496
노랑파프리카,2024-01-30,8188.8595412113755,7682.238770928703
노랑파프리카,2024-02-06,9151.130473144369,6706.791917320983
노랑파프리카,2024-02-13,9347.66575773658,7054.82058004227
노랑파프리카,2024-02-20,8398.088366256477,7006.824521929609
노랑파프리카,2024-02-27,8515.800162832935,7354.644917913649
노랑파프리카,2024-03-05,7693.298148835729,6615.599493381006
노랑파프리카,2024-03-12,8788.01729162619,6044.260390733079
노랑파프리카,2024-03-19,7829.845702752631,6484.7516880875955
노랑파프리카,2024-03-26,6450.082756316812,5590.704469484888
노랑파프리카,2024-04-02,5151.051269158426,5028.427009203974
노랑파프리카,2024-04-09,6302.597512899093,4471.929750220931
노랑파프리카,2024-04-16,4601.242939413609,5121.837660388613
노랑파프리카,2024-04-23,3989.017482637695,3405.0024170642814
노랑파프리카,2024-04-30,3103.5089837226615,3395.42680412111
노랑파프리카,2024-05-07,2992.501798992564,3129.731976025729
노랑파프리카,2024-05-14,4266.81939414701,3220.0416732196472
노랑파프리카,2024-05-21,3672.237721646975,4089.3630386568493
노랑파프리카,2024-05-28,2609.7699839732213,3193.3975501248156
노랑파프리카,2024-06-04,2710.7274791415134,2431.1804145629685
노랑파프리카,2024-06-11,2765.2964564621648,2536.266946731463
노랑파프리카,2024-06-18,1996.1178776424472,2420.592439875728
노랑파프리카,2024-06-25,1141.6055702032008,1874.912286325006
노랑파프리카,2024-07-02,1917.662378973737,1303.0121453974252
노랑파프리카,2024-07-09,1692.4181436882695,2027.4937775730257
노랑파프리카,2024-07-16,2024.9304859364065,2341.5782200523668
노랑파프리카,2024-07-23,3490.2232525323793,2811.7186705645972
노랑파프리카,2024-07-30,4664.9747008272425,4086.813194831573
노랑파프리카,2024-08-06,5165.84642461378,4872.422013129501
노랑파프리카,2024-08-13,8104.509006825047,5323.1762354814855
노랑파프리카,2024-08-20,5004.727105384261,7424.509307767226
노랑파프리카,2024-08-27,4653.538909797257,4409.851494444149
노랑파프리카,2024-09-03,6767.749394998656,4913.437839825685
노랑파프리카,2024-09-10,4563.794515079134,6564.503998561295
노랑파프리카,2024-09-17,3557.722265965643,4285.08454703508
노랑파프리카,2024-09-24,3820.5844342331993,3310.809056947529
노랑파프리카,2024-10-01,4800.978176449597,3741.4962973761644
노랑파프리카,2024-10-08,5296.344624956792,4750.141530107703
노랑파프리카,2024-10-15,4075.185257888796,4779.162636616168
노랑파프리카,2024-10-22,4754.45223656424,3509.6883023541145
노랑파프리카,2024-10-29,3854.9095139859796,4084.7980709846306
노랑파프리카,2024-11-05,3684.2430926639327,3176.6548443393817
노랑파프리카,2024-11-12,3246.7816734317703,3520.4326930469706
노랑파프리카,2024-11-19,3517.9171296623394,3035.5450963418375
노랑파프리카,2024-11-26,4501.404548675988,3651.9630437049373
노랑파프리카,2024-12-03,4828.813224879963,4302.57094245885
노랑파프리카,2024-12-10,6483.159344375177,4969.449724918828
노랑파프리카,2024-12-17,5091.583282473677,6448.9565727186
노랑파프리카,2024-12-24,4275.281700721154,5120.027327816426
노랑파프리카,2024-12-31,5080.100979860667,5189.994523184937
녹광,2024-01-02,5875.655118809683,5703.637214251766
녹광,2024-01-09,7077.801027201826,6521.630301667184
녹광,2024-01-16,6724.766718506999,7204.166820201854
녹광,2024-01-23,7496.3728370878225,6845.593239833334
녹광,2024-01-30,10023.741585067319,7238.788722978595
녹광,2024-02-06,10873.33962683252,9325.821905377989
녹광,2024-02-13,8714.546546546546,9642.436903849333
녹광,2024-02-20,11724.02474195507,8484.114709239222
녹광,2024-02-27,9750.68054071631,9145.659406480945
녹광,2024-03-05,11825.223085318097,7807.105326114044
녹광,2024-03-12,11875.045639818589,8867.3039513463
녹광,2024-03-19,6073.859406318603,7868.808319639724
녹광,2024-03-26,5492.701824543864,4872.443552000944
녹광,2024-04-02,5597.131202353885,5327.994768922751
녹광,2024-04-09,6823.512658227848,5385.09933584539
녹광,2024-04-16,5579.335755590809,5977.169298178921
녹광,2024-04-23,5663.048099920276,4771.982868263166
녹광,2024-04-30,3848.637872108574,5073.268685670396
녹광,2024-05-07,4006.4936155171654,4080.2672760232554
녹광,2024-05-14,3611.009779395042,4342.927478844386
녹광,2024-05-21,3685.494331528955,3993.2738255724603
녹광,2024-05-28,3210.055009468843,4105.818637943122
녹광,2024-06-04,3543.508729388943,3585.024696249889
녹광,2024-06-11,4343.21356807961,3982.0942997081142
녹광,2024-06-18,5099.340891830314,4278.195154158619
녹광,2024-06-25,4612.566585956416,4647.9414724566695
녹광,2024-07-02,5826.347320151866,4285.768220273115
녹광,2024-07-09,4640.235978276542,4883.644518675326
녹광,2024-07-16,5338.138346413579,4323.8465725807055
녹광,2024-07-23,4954.708716773965,4203.157784164163
녹광,2024-07-30,3226.514650804142,4608.14829063596
녹광,2024-08-06,6260.09861448189,3341.744059034514
녹광,2024-08-13,6044.44688368264,5033.7352843904755
녹광,2024-08-20,4483.130461601727,4814.983990964246
녹광,2024-08-27,6145.52052708016,3799.847802445726
녹광,2024-09-03,6227.355366576472,5171.453863045881
녹광,2024-09-10,5910.368292053664,4809.7796236338645
녹광,2024-09-17,3453.151994118728,5093.626896422733
녹광,2024-09-24,4317.5971345313255,3774.598799743006
녹광,2024-10-01,4622.619098030913,4338.2951909581825
녹광,2024-10-08,5570.196252655978,4677.791316490099
녹광,2024-10-15,4819.652714391273,5107.251068856697
녹광,2024-10-22,5473.641950832673,4288.220920819256
녹광,2024-10-29,4115.145270090827,4528.329089896404
녹광,2024-11-05,5614.915490923099,3978.2714822666835
녹광,2024-11-12,3359.127815610267,4649.842986760042
녹광,2024-11-19,2894.714729693435,3166.239504706217
녹광,2024-11-26,2607.124692901168,3213.4605517655905
녹광,2024-12-03,2691.459495648293,2938.828059627359
녹광,2024-12-10,3505.8679996209607,3286.335780598074
녹광,2024-12-17,2963.8632625890828,4294.967844830624
녹광,2024-12-24,4003.7429673177826,3507.291092810441
녹광,2024-12-31,3208.1268063583816,4619.155600863878
뉴그린,2024-01-02,5572.822822822823,7212.179454011596
뉴그린,2024-01-09,5092.339832869081,4665.520342132811
뉴그린,2024-01-16,5770.991253644315,5100.597111799935
뉴그린,2024-01-23,4576.086956521739,4610.354001425511
뉴그린,2024-01-30,5521.202531645569,4283.615401664423
뉴그린,2024-02-06,2481.5581854043394,4941.184460455058
뉴그린,2024-02-13,1447.0528455284552,3052.668843171717
뉴그린,2024-02-20,4304.563492063492,2634.4237112063015
뉴그린,2024-02-27,6475.132275132275,4020.8472409818037
뉴그린,2024-03-05,4748.783783783784,6724.807807177702
뉴그린,2024-03-12,5513.783783783784,5122.310853836399
뉴그린,2024-03-19,9401.063829787234,4483.574200552086
뉴그린,2024-03-26,8659.423076923076,7525.984137967415
뉴그린,2024-04-02,4007.0866141732286,7546.565160677837
뉴그린,2024-04-09,3635.7876712328766,4353.651219429026
뉴그린,2024-04-16,2014.659090909091,4614.913690757042
뉴그린,2024-04-23,2580.3621169916432,3654.257552564498
뉴그린,2024-04-30,3105.5555555555557,3241.0291676397314
뉴그린,2024-05-07,1558.132530120482,3444.71428414756
뉴그린,2024-05-14,758.2068965517242,2602.3550550022237
뉴그린,2024-05-21,1374.8218527315914,1549.9858012586756
뉴그린,2024-05-28,2033.203125,2347.0544612822546
뉴그린,2024-06-04,1166.3736263736264,3288.6026353110556
뉴그린,2024-06-11,2265.0510204081634,2710.2082790558065
뉴그린,2024-06-18,2871.319018404908,2643.1093223340763
뉴그린,2024-06-25,2174.0780911062907,4090.5690455404315
뉴그린,2024-07-02,3545.6806282722514,3100.120901367813
뉴그린,2024-07-09,4021.2806026365347,4518.6599086613915
뉴그린,2024-07-16,3930.9638554216867,4421.574405038623
뉴그린,2024-07-23,7275.818639798488,5213.692804199404
뉴그린,2024-07-30,6987.55060728745,8260.548617665649
뉴그린,2024-08-06,8145.271867612293,7908.464098171384
뉴그린,2024-08-13,10144.971098265896,5792.696814874276
뉴그린,2024-08-20,13504.004854368932,7332.553932645065
뉴그린,2024-08-27,7774.872448979592,10902.193907051811
뉴그린,2024-09-03,8178.435517970402,6048.3257504243775
뉴그린,2024-09-10,9274.621212121212,7700.788621345196
뉴그린,2024-09-17,10751.706484641638,8111.665313077985
뉴그린,2024-09-24,9856.438127090301,7225.94051776723
뉴그린,2024-10-01,7892.749529190207,7333.3428260056535
뉴그린,2024-10-08,5215.75682382134,6560.955630847726
뉴그린,2024-10-15,7227.8963414634145,4828.629398646691
뉴그린,2024-10-22,14928.971962616823,6506.23156343818
뉴그린,2024-10-29,9366.616314199397,11493.841938690983
뉴그린,2024-11-05,3769.817073170732,6250.076861915366
뉴그린,2024-11-12,3902.878787878788,3191.587153397065
뉴그린,2024-11-19,2365.5,3961.872494260888
뉴그린,2024-11-26,2742.4285714285716,2766.0656612405014
뉴그린,2024-12-03,3501.1673151750974,3068.0682406713313
뉴그린,2024-12-10,6362.621359223301,4650.4183395341515
뉴그린,2024-12-17,6421.153846153846,6374.721861912715
뉴그린,2024-12-24,5497.976878612717,7165.4114199199485
뉴그린,2024-12-31,3117.3245614035086,6208.761535644858
느타리버섯(일반),2024-01-02,3053.6291314688756,4508.771428897432
느타리버섯(일반),2024-01-09,4375.707317073171,3437.696664064259
느타리버섯(일반),2024-01-16,4173.72905158693,4668.828833407783
느타리버섯(일반),2024-01-23,7408.166878769435,3629.3909463186264
느타리버섯(일반),2024-01-30,9160.344349891153,5807.6185931869895
느타리버섯(일반),2024-02-06,3450.021748586342,6762.621307292122
느타리버섯(일반),2024-02-13,3631.031290501759,3719.8683279598163
느타리버섯(일반),2024-02-20,3901.2005777216104,3678.325441567975
느타리버섯(일반),2024-02-27,4188.287153652393,3403.0582821555595
느타리버섯(일반),2024-03-05,4540.294511378849,3594.4206487999354
느타리버섯(일반),2024-03-12,4229.462112947889,3882.2860264099136
느타리버섯(일반),2024-03-19,4198.906328268492,3785.473493564682
느타리버섯(일반),2024-03-26,5024.599492252473,3810.9761229298806
느타리버섯(일반),2024-04-02,3964.928716904277,4024.888269153482
느타리버섯(일반),2024-04-09,3378.3349698414927,3660.329907101168
느타리버섯(일반),2024-04-16,2691.1311914323965,3412.408778364861
느타리버섯(일반),2024-04-23,2912.84782119553,2634.3400051113654
느타리버섯(일반),2024-04-30,3104.7374866064597,2908.655365524994
느타리버섯(일반),2024-05-07,3758.9100666173204,3156.342945042542
느타리버섯(일반),2024-05-14,3669.055572426359,3461.1163324417776
느타리버섯(일반),2024-05-21,4601.0374911577455,3337.333926356821
느타리버섯(일반),2024-05-28,4805.870174156619,3655.512283166688
느타리버섯(일반),2024-06-04,4650.986097639832,4091.9681885048212
느타리버섯(일반),2024-06-11,3771.7329706449054,4101.145926856581
느타리버섯(일반),2024-06-18,5521.425073457394,3584.1300895779473
느타리버섯(일반),2024-06-25,3994.9001274968127,4084.602512568681
느타리버섯(일반),2024-07-02,5988.214336611088,3400.6023574909195
느타리버섯(일반),2024-07-09,5409.097062406931,4586.012454067975
느타리버섯(일반),2024-07-16,3362.3548922056384,4232.808989824197
느타리버섯(일반),2024-07-23,3301.6006002250842,3457.0273708214354
느타리버섯(일반),2024-07-30,3361.5756274325595,3569.8135259994647
느타리버섯(일반),2024-08-06,3820.3444034440345,3697.5603512905577
느타리버섯(일반),2024-08-13,5462.533121356651,4007.679750552691
느타리버섯(일반),2024-08-20,5811.814592776722,4793.611845157888
느타리버섯(일반),2024-08-27,6559.214116790977,4919.667814181405
느타리버섯(일반),2024-09-03,8751.760438153497,5316.884254170699
느타리버섯(일반),2024-09-10,6568.375025422005,6653.816933227392
느타리버섯(일반),2024-09-17,5285.2355608121425,5636.010875958865
느타리버섯(일반),2024-09-24,3527.359641985354,5074.597638766502
느타리버섯(일반),2024-10-01,4065.1192778852355,4064.020466392058
느타리버섯(일반),2024-10-08,3944.581715495941,4317.865735104121
느타리버섯(일반),2024-10-15,6118.331053351573,4128.513030979877
느타리버섯(일반),2024-10-22,8610.40676175383,5999.850387454214
느타리버섯(일반),2024-10-29,7926.758471715944,7507.547053588925
느타리버섯(일반),2024-11-05,6249.715844510116,6855.011680420338
느타리버섯(일반),2024-11-12,6256.921292941006,5876.344487948029
느타리버섯(일반),2024-11-19,7033.1776849348735,6377.707095760027
느타리버섯(일반),2024-11-26,4801.287162546987,7446.824003584334
느타리버섯(일반),2024-12-03,5584.525879363381,5153.471389962246
느타리버섯(일반),2024-12-10,6776.21935809957,6110.54629455328
느타리버섯(일반),2024-12-17,5969.839220748739,7650.040835737515
느타리버섯(일반),2024-12-24,5282.051282051282,6408.49231666615
느타리버섯(일반),2024-12-31,4546.283008036739,5628.32499089098
단호박,2024-01-02,2372.9606209246895,2780.5862823064294
단호박,2024-01-09,2879.9397859054416,2504.35655017124
단호박,2024-01-16,3108.588371479052,2949.3160967961867
단호박,2024-01-23,2189.182194616977,2981.898134750887
단호박,2024-02-20,1746.774193548387,1646.803324196252
단호박,2024-02-27,1544.4444444444443,1876.2927262227643
단호박,2024-03-19,1396.6887417218543,1698.614468335752
단호박,2024-04-02,696.7391304347826,2124.028936366691
단호박,2024-05-21,5125.714285714285,2240.3249897292594
단호박,2024-05-28,1048.3333333333333,4115.9129082695
단호박,2024-06-04,3455.223880597015,2691.7868050848824
단호박,2024-06-11,2282.85835814547,2482.4470790334176
단호박,2024-06-18,1388.3709773126113,1896.8609135336064
단호박,2024-06-25,1367.1751396206912,1223.5459761056713
단호박,2024-07-02,1303.4144228686928,1219.2068751127306
단호박,2024-07-09,1309.9113915077621,1273.3539176547895
단호박,2024-07-16,1296.1780673181324,1254.142548959091
단호박,2024-07-23,1333.3855843090878,1483.3178836241266
단호박,2024-07-30,1445.9610272938605,1522.8823866272553
단호박,2024-08-06,1569.5652365936173,1547.197164455752
단호박,2024-08-13,1478.0351612874927,1645.0406295975915
단호박,2024-08-20,1483.8339836690054,1611.8913375368097
단호박,2024-08-27,1620.1309963856636,1673.4817860533633
단호박,2024-09-03,1702.2735685624177,1737.7191737915641
단호박,2024-09-10,1905.6029949943213,1801.3695165715365
단호박,2024-09-17,1701.408700799053,1946.1441639711556
단호박,2024-09-24,1584.049905355312,1734.6678269857575
단호박,2024-10-01,1616.6091267720817,1663.8727340421121
단호박,2024-10-08,1552.931642354671,1708.5256904752696
단호박,2024-10-15,1605.666111713242,1612.5236195360858
단호박,2024-10-22,1696.1057303049304,1696.9318497668387
단호박,2024-10-29,1782.0925081593998,1792.6315024911048
단호박,2024-11-05,1887.5118560228595,1871.1677942887097
단호박,2024-11-12,1939.8387543572105,1911.862627418127
단호박,2024-11-19,1805.1042185942174,1977.2870320067118
단호박,2024-11-26,1746.2731645253539,1945.1406324420088
단호박,2024-12-03,1929.9920662037653,1858.4150592982971
단호박,2024-12-10,1798.126969575431,2035.404027785504
단호박,2024-12-17,1877.4174555303323,2024.935717860762
단호박,2024-12-24,2247.711080391323,2038.2922811389928
단호박,2024-12-31,1784.7533249104304,2277.352754852534
당근(일반),2024-01-02,870.3503262354085,1012.5120944429133
당근(일반),2024-01-09,1088.384507143888,941.0600067142793
당근(일반),2024-01-16,1270.1222772881727,1129.799100719886
당근(일반),2024-01-23,1595.717809035965,1232.1274277975497
당근(일반),2024-01-30,1743.6905541222227,1632.0920448912345
당근(일반),2024-02-06,1500.6365470163112,1754.5990314273488
당근(일반),2024-02-13,2010.9812157231354,1598.2624600984293
당근(일반),2024-02-20,2022.2501360178146,2001.925976004983
당근(일반),2024-02-27,2081.3189299178453,1834.9202501559048
당근(일반),2024-03-05,2247.062184896789,2000.0612187651013
당근(일반),2024-03-12,2443.860434068809,2087.3693548903684
당근(일반),2024-03-19,3108.0664605572733,2318.0090628973703
당근(일반),2024-03-26,3437.6484105706627,2875.2688345559513
당근(일반),2024-04-02,3192.3130450748185,2962.2337449643487
당근(일반),2024-04-09,3636.0388339333776,2886.247972384157
당근(일반),2024-04-16,3114.7592686893245,3203.9472146455623
당근(일반),2024-04-23,2585.518919705326,2799.4074010740383
당근(일반),2024-04-30,2316.0535211267606,2303.588141139536
당근(일반),2024-05-07,2458.6745298980036,2262.261639700943
당근(일반),2024-05-14,2821.952944201594,2384.532256375117
당근(일반),2024-05-21,2955.682020076397,2569.945660166351
당근(일반),2024-05-28,3190.4904242937255,2738.211716500978
당근(일반),2024-06-04,3152.0449227889567,2884.1592260936345
당근(일반),2024-06-11,2813.2158944658945,2874.606199792257
당근(일반),2024-06-18,3165.1690559913445,2502.109561994474
당근(일반),2024-06-25,3274.0080515297905,3043.6922673242807
당근(일반),2024-07-02,3120.952947171734,3002.8825308105356
당근(일반),2024-07-09,3417.0439343800604,3015.3127349810443
당근(일반),2024-07-16,3285.1961329809433,3188.9179917338442
당근(일반),2024-07-23,3224.531156480681,3248.489683325647
당근(일반),2024-07-30,3071.361451722226,3111.9621567220406
당근(일반),2024-08-06,3263.3530062707487,3240.0624091898817
당근(일반),2024-08-13,4391.543267868593,3087.782703686368
당근(일반),2024-08-20,3754.822909845012,3936.5511718091875
당근(일반),2024-08-27,3936.8604243038762,3682.137626663248
당근(일반),2024-09-03,3942.9804298172758,3561.7216248271297
당근(일반),2024-09-10,4746.487312030075,3515.539280910648
당근(일반),2024-09-17,3334.361941215718,3928.9935084263084
당근(일반),2024-09-24,2969.675077013349,3030.543731852809
당근(일반),2024-10-01,3286.7003635435935,2767.7665407424497
당근(일반),2024-10-08,3959.954582039784,2990.1635710890378
당근(일반),2024-10-15,3149.49565961609,3554.348150950932
당근(일반),2024-10-22,3051.774762786392,2730.012146359144
당근(일반),2024-10-29,2721.953003350163,2700.9492787861354
당근(일반),2024-11-05,2370.5271587939415,2584.336687501531
당근(일반),2024-11-12,2834.6020445418035,2356.885615913695
당근(일반),2024-11-19,3195.2932259311,2635.66601585068
당근(일반),2024-11-26,2638.550013504997,2900.616452014601
당근(일반),2024-12-03,2322.1927162367224,2506.2741401649473
당근(일반),2024-12-10,2655.0340570455514,2435.0847330522747
당근(일반),2024-12-17,2288.2838849825644,2849.0392194786327
당근(일반),2024-12-24,2601.850945243654,2366.272356691743
당근(일반),2024-12-31,2803.624622148942,2752.432212413699
대추방울,2024-01-02,6053.5715953561785,5950.768786944455
대추방울,2024-01-09,6732.846715328467,6423.093203553616
대추방울,2024-01-16,7874.178665609879,5922.001782081703
대추방울,2024-01-23,7845.34242431294,6610.273285044978
대추방울,2024-01-30,6489.276956723441,6610.537833005073
대추방울,2024-02-06,5745.053141577537,5777.820771297119
대추방울,2024-02-13,6883.145547152339,5742.835510944039
대추방울,2024-02-20,9803.343138217855,7431.350328057739
대추방울,2024-02-27,8530.04380116351,8360.359805589842
대추방울,2024-03-05,7169.502397577186,6525.286533885322
대추방울,2024-03-12,7040.165863165016,6065.037738662163
대추방울,2024-03-19,8472.856525217789,6529.861551569332
대추방울,2024-03-26,10737.261001916286,7605.226225486987
대추방울,2024-04-02,7203.0110523243775,7712.897698660232
대추방울,2024-04-09,5631.019797857441,5734.40080635184
대추방울,2024-04-16,5585.493850773674,4822.165417477932
대추방울,2024-04-23,6607.561991269013,4905.694305769047
대추방울,2024-04-30,5478.285969122509,5373.76305905247
대추방울,2024-05-07,5047.332501156447,4769.365886210998
대추방울,2024-05-14,4224.894362325443,4615.643834158776
대추방울,2024-05-21,3957.6481094711676,3938.2789176036354
대추방울,2024-05-28,4116.858969390279,3867.9780351804166
대추방울,2024-06-04,3313.10620452346,3969.9846971019015
대추방울,2024-06-11,2599.5374911925423,3341.4124073021026
대추방울,2024-06-18,2411.8335591237988,2596.944233548099
대추방울,2024-06-25,2880.9837429373633,2644.6337952287467
대추방울,2024-07-02,3473.7442166967207,3145.6608428853824
대추방울,2024-07-09,3238.951386914673,3789.985778866703
대추방울,2024-07-16,3878.0688292734612,3529.708710778754
대추방울,2024-07-23,4550.534862200152,4471.551868425602
대추방울,2024-07-30,4019.463841813737,5097.575464101299
대추방울,2024-08-06,4121.820232774582,4499.608164715689
대추방울,2024-08-13,4749.665349088207,4665.92165168746
대추방울,2024-08-20,5543.777701574523,5378.143434592847
대추방울,2024-08-27,6436.369708001412,5761.728233673916
대추방울,2024-09-03,5642.772639020737,6344.800367069194
대추방울,2024-09-10,6534.361068524315,5642.216845818265
대추방울,2024-09-17,7241.506721059319,6326.054508683068
대추방울,2024-09-24,8208.220676623965,6716.710851653169
대추방울,2024-10-01,8223.747990305474,7359.958861886953
대추방울,2024-10-08,8871.867245292782,7753.672313735061
대추방울,2024-10-15,6996.169359767277,7662.311942285051
대추방울,2024-10-22,6582.895281298371,6337.943822162903
대추방울,2024-10-29,6960.188819875776,5817.700363159892
대추방울,2024-11-05,6838.628507396235,6339.456328899893
대추방울,2024-11-12,6517.6593196526865,6259.221891273741
대추방울,2024-11-19,6902.001972386588,6125.818314686925
대추방울,2024-11-26,7694.83704376695,6976.567186557554
대추방울,2024-12-03,7243.637430331475,7170.379567893694
대추방울,2024-12-10,6660.9210944021825,7342.151745932984
대추방울,2024-12-17,6211.527841367689,6859.628464217451
대추방울,2024-12-24,4950.046488039895,6474.8447299099735
대추방울,2024-12-31,4431.855968401231,5863.875505478623
대파(일반),2024-01-02,2370.082089991837,3048.9828005290165
대파(일반),2024-01-09,2381.9643781936848,2755.93945720496
대파(일반),2024-01-16,2963.195177377794,2695.8486420378417
대파(일반),2024-01-23,3089.191147182961,3069.2827353124176
대파(일반),2024-01-30,3394.7305549099683,3109.6045030847217
대파(일반),2024-02-06,2545.7306173124907,3345.8007954288382
대파(일반),2024-02-13,2813.1665958233607,2507.818242957453
대파(일반),2024-02-20,3208.8704973883723,2865.9786762283725
대파(일반),2024-02-27,2521.469196880806,2952.662675601726
대파(일반),2024-03-05,2331.326455703351,2435.7468804728205
대파(일반),2024-03-12,2013.6433308275357,2193.3492637787913
대파(일반),2024-03-19,1999.9995811899857,1879.7863814011826
대파(일반),2024-03-26,1850.2990352812508,1760.0804631806661
대파(일반),2024-04-02,1588.735594420318,1726.2428198205905
대파(일반),2024-04-09,1797.7596802663659,1572.9273503362429
대파(일반),2024-04-16,1869.1690698837683,1711.8327448174748
대파(일반),2024-04-23,2092.1398547055846,1801.9249292231536
대파(일반),2024-04-30,1712.163803047781,1929.7045156299796
대파(일반),2024-05-07,1553.128048780488,1657.003476204425
대파(일반),2024-05-14,1495.4237383831883,1516.809588439925
대파(일반),2024-05-21,1386.2624177378332,1511.5446771158104
대파(일반),2024-05-28,1204.7690515472452,1437.7476505845352
대파(일반),2024-06-04,1182.2348402251912,1272.1017656547524
대파(일반),2024-06-11,1485.7195478751394,1259.8367797316807
대파(일반),2024-06-18,1413.5257226849583,1502.37998437318
대파(일반),2024-06-25,1223.8111934578264,1436.167490047156
대파(일반),2024-07-02,1145.7362597989857,1313.0209477769797
대파(일반),2024-07-09,1196.59346490471,1245.1854945069676
대파(일반),2024-07-16,1348.3695941137169,1331.6738007813085
대파(일반),2024-07-23,1442.2226512999052,1606.9985546386133
대파(일반),2024-07-30,1777.2955850571163,1619.4991774337695
대파(일반),2024-08-06,1483.4260364343015,1879.470200681918
대파(일반),2024-08-13,1437.3482860406723,1585.107924131159
대파(일반),2024-08-20,1306.6863154478176,1560.245938380775
대파(일반),2024-08-27,1571.916102123265,1479.5550971275547
대파(일반),2024-09-03,1728.0658356442127,1601.1904995333607
대파(일반),2024-09-10,2681.913136866582,1752.7437851419072
대파(일반),2024-09-17,1789.4681492161026,2420.5976919621107
대파(일반),2024-09-24,1635.7559602903693,1694.8594365762654
대파(일반),2024-10-01,1699.6727267593647,1785.6322143746825
대파(일반),2024-10-08,1733.2175180843315,1837.1861324694687
대파(일반),2024-10-15,1840.5074474776766,1790.013532824073
대파(일반),2024-10-22,1600.6381434703394,1858.4360462655088
대파(일반),2024-10-29,1712.9806412690527,1648.101358065839
대파(일반),2024-11-05,1764.4146247222848,1806.9177020553866
대파(일반),2024-11-12,2304.001406958037,1835.5066101329512
대파(일반),2024-11-19,2436.587699556007,2262.290228105967
대파(일반),2024-11-26,2171.2920145089,2373.367801673838
대파(일반),2024-12-03,1773.8080578574104,2223.292711187199
대파(일반),2024-12-10,1890.0110298792943,1919.780722437191
대파(일반),2024-12-17,1621.6841882552071,1946.752224753578
대파(일반),2024-12-24,1929.4733296441545,1739.286616177784
대파(일반),2024-12-31,1886.9597321634726,1929.6841560492003
돌미나리,2024-01-02,10098.926617814015,9695.859860056282
돌미나리,2024-01-09,8750.089813800658,8516.989321270734
돌미나리,2024-01-16,6058.38594148355,7770.197142291611
돌미나리,2024-01-23,9053.287614980289,5518.399115511592
돌미나리,2024-01-30,5370.200342608841,6990.346746760874
돌미나리,2024-02-06,4158.201312002489,4578.586840755765
돌미나리,2024-02-13,3787.1107019682076,3978.689285071907
돌미나리,2024-02-20,4161.641833270464,3949.3936382541788
돌미나리,2024-02-27,4833.163285099119,3652.742301732674
돌미나리,2024-03-05,5370.689029753969,4082.8753880776476
돌미나리,2024-03-12,4127.477233649621,4003.965873337547
돌미나리,2024-03-19,2419.791943273173,3369.477159200637
돌미나리,2024-03-26,2719.0212468924506,2145.982557646472
돌미나리,2024-04-02,1830.994677482843,2440.1814027908417
돌미나리,2024-04-09,1641.0195097878975,1902.098508205729
돌미나리,2024-04-16,1748.0326879574409,1836.7932044409333
돌미나리,2024-04-23,1780.6224381896104,1995.117349820315
돌미나리,2024-04-30,2761.558893398926,2049.1281279262985
돌미나리,2024-05-07,2636.7573043292814,2672.2977763261397
돌미나리,2024-05-14,1670.128552803129,2503.510653305923
돌미나리,2024-05-21,1798.8353531038515,1849.0064534652936
돌미나리,2024-05-28,912.6359333621322,2068.452274468288
돌미나리,2024-06-04,735.8032744438027,998.7088883521533
돌미나리,2024-06-11,972.1285591388825,1065.931219063647
돌미나리,2024-06-18,1602.5587664681466,1173.4628417225722
돌미나리,2024-06-25,2169.640000969368,2041.8394909687318
돌미나리,2024-07-02,4088.092345078979,2973.2382293171404
돌미나리,2024-07-09,4210.676104751085,3503.350141529049
돌미나리,2024-07-16,4578.706265008967,4731.179842867774
돌미나리,2024-07-23,5223.451082396376,5389.36539382292
돌미나리,2024-07-30,4679.5923571876965,5752.190191871138
돌미나리,2024-08-06,5987.8829385627905,5038.512298488307
돌미나리,2024-08-13,8878.307654451848,5684.772719818579
돌미나리,2024-08-20,12134.707410972089,7843.721973417934
돌미나리,2024-08-27,9964.420438957475,9180.283857212522
돌미나리,2024-09-03,10077.586934044406,6123.030456001152
돌미나리,2024-09-10,12143.130899037087,5383.24067879112
돌미나리,2024-09-17,5981.469771947739,6983.109754005722
돌미나리,2024-09-24,5223.110345958354,5405.394837214249
돌미나리,2024-10-01,6583.265278158399,4803.4734744438
돌미나리,2024-10-08,6249.747342261494,5645.175277044166
돌미나리,2024-10-15,6326.740115873612,4904.487016042114
돌미나리,2024-10-22,3594.7332982640714,4884.171615003597
돌미나리,2024-10-29,3135.378927468951,3346.9646044804063
돌미나리,2024-11-05,3553.8145817562454,3623.1584024663907
돌미나리,2024-11-12,3407.346704946531,3970.8293855938214
돌미나리,2024-11-19,5808.996953872933,3863.9191812107015
돌미나리,2024-11-26,6662.288535312245,5601.748843043431
돌미나리,2024-12-03,6588.0574621460355,6268.022379690466
돌미나리,2024-12-10,8025.234174472483,6720.204956983023
돌미나리,2024-12-17,10227.594835351816,8442.48324943197
돌미나리,2024-12-24,9271.602583553688,10195.773860669538
돌미나리,2024-12-31,8830.97926480096,8561.51950143939
레드치커리,2024-01-02,6853.434929850024,8148.038566840294
레드치커리,2024-01-09,5632.234798047049,6891.738787642467
레드치커리,2024-01-16,5582.397426981919,5702.273207484903
레드치커리,2024-01-23,5729.643779595351,5580.301974910851
레드치커리,2024-01-30,5174.225545551656,4908.084903637769
레드치커리,2024-02-06,4574.317645737392,4829.538767616194
레드치커리,2024-02-13,4912.837198296261,4576.722111263169
레드치커리,2024-02-20,5875.539798134662,4962.951952696566
레드치커리,2024-02-27,5463.694989106753,5075.894289231462
레드치커리,2024-03-05,5270.139147720213,5071.989489278238
레드치커리,2024-03-12,5623.508480607283,5183.072899942061
레드치커리,2024-03-19,4381.051831051831,5300.9015281579095
레드치커리,2024-03-26,3558.3509364878187,4441.064740409809
레드치커리,2024-04-02,3969.056603773585,3888.9943606799625
레드치커리,2024-04-09,3950.568392437909,4263.984750189046
레드치커리,2024-04-16,4988.899900891972,4198.380594442998
레드치커리,2024-04-23,5060.851978718752,5345.417420494677
레드치커리,2024-04-30,3598.641263662225,5047.750923517818
레드치커리,2024-05-07,4783.631875071765,4020.796945670378
레드치커리,2024-05-14,5001.189387008234,4899.771930042456
레드치커리,2024-05-21,3652.171589584143,4940.495739677967
레드치커리,2024-05-28,3521.5555555555557,4032.6706899021997
레드치커리,2024-06-04,3039.1204188481674,3925.587636016727
레드치커리,2024-06-11,3534.992652461425,3626.1450426535125
레드치커리,2024-06-18,4639.907889467361,4039.188346045683
레드치커리,2024-06-25,4192.96810046821,4848.936203301458
레드치커리,2024-07-02,4171.4032600992205,4337.526321947543
레드치커리,2024-07-09,4231.276801029159,4288.625764978318
레드치커리,2024-07-16,3888.496732026144,4364.1718405092015
레드치커리,2024-07-23,5555.998186293561,4681.825917471997
레드치커리,2024-07-30,5983.956886724013,5970.345445274054
레드치커리,2024-08-06,4895.410770440251,6130.5690776035535
레드치커리,2024-08-13,5610.134486071085,5107.661650639075
레드치커리,2024-08-20,5303.758878332257,5605.190517983457
레드치커리,2024-08-27,6292.497984683595,5319.296386578692
레드치커리,2024-09-03,7146.686960933536,5851.033435395396
레드치커리,2024-09-10,9353.153772158857,6570.215138223456
레드치커리,2024-09-17,6439.235421166307,7879.778202494695
레드치커리,2024-09-24,6511.361130600381,6164.328371480312
레드치커리,2024-10-01,5731.219081272085,6208.378717364164
레드치커리,2024-10-08,5462.331274307939,5443.002499408144
레드치커리,2024-10-15,6777.449656188605,5453.269543981935
레드치커리,2024-10-22,5530.788336933046,6057.258943647262
레드치커리,2024-10-29,5243.80272185356,4937.7138700598325
레드치커리,2024-11-05,3874.7364259356877,5085.308210258872
레드치커리,2024-11-12,3630.3235230469595,3962.2688669651416
레드치커리,2024-11-19,4035.6877323420076,3853.623755897264
레드치커리,2024-11-26,4864.598915482424,4482.653880236317
레드치커리,2024-12-03,4815.855018587361,5261.8952875942105
레드치커리,2024-12-10,5666.794908330959,5676.170230630894
레드치커리,2024-12-17,5810.854338799648,5913.907295641034
레드치커리,2024-12-24,5468.251319048132,5718.879140625235
레드치커리,2024-12-31,3643.947396218443,5474.853779362571
마늘,2024-01-02,4298.130889805547,4623.251011493395
마늘,2024-01-09,4442.248453432068,4571.992644568246
마늘,2024-01-16,4185.76862850131,4658.651394699056
마늘,2024-01-23,4630.065762546611,4381.314803344453
마늘,2024-01-30,4408.974809487886,4800.988070562333
마늘,2024-02-06,4493.744476730816,4468.456520052018
마늘,2024-02-13,4211.931266828361,4732.703447946732
마늘,2024-02-20,4242.023580827892,4469.072202656193
마늘,2024-02-27,4354.8417457044825,4195.440063198449
마늘,2024-03-05,4336.924765350059,4494.809684417986
마늘,2024-03-12,3745.603857055184,4475.540415565272
마늘,2024-03-19,4531.225757966883,3909.1026205817134
마늘,2024-03-26,4194.412380362531,4502.474681384753
마늘,2024-04-02,4890.147592182317,4351.540101554077
마늘,2024-04-09,4683.653612811302,4949.05100097293
마늘,2024-04-16,4727.462367249207,4802.227925563554
마늘,2024-04-23,4738.282473366726,4867.987296398035
마늘,2024-04-30,4460.459802071723,4733.959883650566
마늘,2024-05-07,4877.331030640014,4382.593625050354
마늘,2024-05-14,4999.30790973643,4883.32600102745
마늘,2024-05-21,4864.511175537805,4886.055906665799
마늘,2024-05-28,4790.804562218573,4948.304322709671
마늘,2024-06-04,4796.130434043656,4887.299747000402
마늘,2024-06-11,4749.90042824552,4965.50896556347
마늘,2024-06-18,5325.491427399044,4688.102773713761
마늘,2024-06-25,4984.53385270195,5178.3449178137225
마늘,2024-07-02,5171.642699956493,4972.301756921231
마늘,2024-07-09,5390.048389070884,5192.789445705443
마늘,2024-07-16,5343.206624905088,5380.937716092842
마늘,2024-07-23,5161.06957654403,5382.985808499247
마늘,2024-07-30,5340.456567214429,5260.5366823941
마늘,2024-08-06,5345.722625495637,4988.805415224789
마늘,2024-08-13,5659.2200779922005,5332.145844656143
마늘,2024-08-20,5514.525496759663,5200.120352835827
마늘,2024-08-27,5616.9152419061475,5394.145432244064
마늘,2024-09-03,5520.918219463391,5395.455758248281
마늘,2024-09-10,5515.4876373626375,5424.877895625274
마늘,2024-09-17,5277.252121908224,5495.636447588065
마늘,2024-09-24,5376.775429442192,5269.940126103202
마늘,2024-10-01,5447.236862131527,5229.181154255443
마늘,2024-10-08,5504.15651142876,5429.994491808972
마늘,2024-10-15,5676.424199703903,5441.854431988192
마늘,2024-10-22,5547.586474258826,5398.011917161196
마늘,2024-10-29,5613.567492137878,5328.914222053256
마늘,2024-11-05,5757.408530422478,5321.765310402901
마늘,2024-11-12,5766.221851542952,5474.812244518795
마늘,2024-11-19,5707.8672632363905,5482.021776404467
마늘,2024-11-26,5530.128205128205,5474.450795344657
마늘,2024-12-03,5640.902366863906,5422.35913278957
마늘,2024-12-10,5544.18371886121,5666.588522278617
마늘,2024-12-17,5652.608440797187,5693.379693985776
마늘,2024-12-24,5687.508497620666,5586.493497473981
마늘,2024-12-31,5672.866127583109,5620.787560294532
만생양파,2024-01-02,1005.5217503574452,1037.9086102253154
만생양파,2024-01-09,962.0333287430464,962.8241980207042
만생양파,2024-01-16,1035.297414226302,937.9064344224298
만생양파,2024-01-23,1046.6155338887995,1004.5327120708437
만생양파,2024-01-30,1009.7890072506319,990.668107792971
만생양파,2024-02-06,1112.217731802955,987.3540740811064
만생양파,2024-02-13,1105.4191282433662,1067.283690977425
만생양파,2024-02-20,1138.8972445367674,1073.675554763602
만생양파,2024-02-27,1097.0632222183276,1068.1127232360059
만생양파,2024-03-05,1366.137880214907,1050.6914927634402
만생양파,2024-03-12,1294.7082881103524,1281.0846154309565
만생양파,2024-03-19,1158.3242165101856,1258.0811453917836
만생양파,2024-03-26,1522.5931854562086,1170.3177907755855
만생양파,2024-04-02,1255.4258487194759,1445.079397043007
만생양파,2024-04-23,2266.6666666666665,970.7358498676664
만생양파,2024-04-30,2266.6666666666665,1896.416401017317
만생양파,2024-05-14,814.7198624595469,962.2255320263301
만생양파,2024-05-21,786.4505191023328,839.0707306444572
만생양파,2024-05-28,829.4841351040938,797.2816252667868
만생양파,2024-06-04,815.5556370977888,873.1964907445077
만생양파,2024-06-11,845.1796931473381,822.6174767644632
만생양파,2024-06-18,841.0819948187785,841.9924885111121
만생양파,2024-06-25,860.7834615660479,879.5319665216213
만생양파,2024-07-02,813.8369179653859,915.7198612183142
만생양파,2024-07-09,915.7607700647945,890.060562687622
만생양파,2024-07-16,832.045503719996,984.2957696353145
만생양파,2024-07-23,876.268332349851,896.0826561948102
만생양파,2024-07-30,880.4342766874238,937.189899995558
만생양파,2024-08-06,843.3784664884643,907.7336210397414
만생양파,2024-08-13,949.0401646365366,871.9377148292
만생양파,2024-08-20,918.3825928722332,995.5821791701146
만생양파,2024-08-27,872.9843890348035,947.3192857432023
만생양파,2024-09-03,1000.4494931531211,914.2695185605609
만생양파,2024-09-10,1000.4197434431444,998.4020945215616
만생양파,2024-09-17,1066.0298826324847,1025.7012611777855
만생양파,2024-09-24,966.1596292314208,1079.1672945046334
만생양파,2024-10-01,1014.749670277773,1018.7076186166264
만생양파,2024-10-08,965.4368896772592,1058.0639011593025
만생양파,2024-10-15,972.9503371369294,990.5893122193398
만생양파,2024-10-22,971.3062714520961,997.1272461289133
만생양파,2024-10-29,1114.7571733929285,984.9591414180269
만생양파,2024-11-05,1066.8177877535509,1101.0614416841004
만생양파,2024-11-12,1031.8997209616277,1090.1738479353426
만생양파,2024-11-19,1054.8842430390691,1035.7636157151596
만생양파,2024-11-26,1100.1455882543676,1030.360685343968
만생양파,2024-12-03,1056.1156324802062,1084.2872368747048
만생양파,2024-12-10,1112.4376420898384,1069.5790540665962
만생양파,2024-12-17,1150.4452155582476,1107.924740912635
만생양파,2024-12-24,1411.387716064066,1171.2654644532472
만생양파,2024-12-31,1349.9422041030175,1415.306716384791
맛느타리버섯,2024-01-02,4224.311766882113,3880.012582733108
맛느타리버섯,2024-01-09,3863.2867290562635,4308.050708896028
맛느타리버섯,2024-01-16,3425.312140942168,4005.05380016077
맛느타리버섯,2024-01-23,4879.446448764203,3481.1639800011712
맛느타리버섯,2024-01-30,4831.7582528180355,4254.7061528307995
맛느타리버섯,2024-02-06,3127.972083119751,4205.130134909092
맛느타리버섯,2024-02-13,2649.730586710373,3257.310593209537
맛느타리버섯,2024-02-20,4062.294522160991,2848.058761848449
맛느타리버섯,2024-02-27,3058.1015706806284,3575.521467162531
맛느타리버섯,2024-03-05,3681.5527884206044,2995.3981224844556
맛느타리버섯,2024-03-12,3451.552360480208,3469.3424765652003
맛느타리버섯,2024-03-19,3002.6839742338475,3318.630762210598
맛느타리버섯,2024-03-26,3087.0060373216247,3020.6687175273178
맛느타리버섯,2024-04-02,2885.932435665963,3139.7175230441626
맛느타리버섯,2024-04-09,2657.099226279354,2958.995780322975
맛느타리버섯,2024-04-16,2942.5444244141127,2720.4884766714954
맛느타리버섯,2024-04-23,2796.094703160609,2917.6777150207263
맛느타리버섯,2024-04-30,3345.738490899781,2688.4835225904653
맛느타리버섯,2024-05-07,2762.8188613903203,3087.9958838135262
맛느타리버섯,2024-05-14,2212.343952749564,2566.4366521071893
맛느타리버섯,2024-05-21,2319.084907108859,2201.9192993475203
맛느타리버섯,2024-05-28,2266.5406763689666,2320.622432932136
맛느타리버섯,2024-06-04,1782.6854752244203,2285.6223306561105
맛느타리버섯,2024-06-11,1928.659519226465,2008.919340189258
맛느타리버섯,2024-06-18,2867.519554716426,2068.0661216688204
맛느타리버섯,2024-06-25,3097.2209922863603,2774.9852730314283
맛느타리버섯,2024-07-02,1999.306150231649,2821.499409918754
맛느타리버섯,2024-07-09,1661.116660644832,2192.661892485032
맛느타리버섯,2024-07-16,2361.981863845487,2119.236882767324
맛느타리버섯,2024-07-23,3244.375456537619,2605.526071950329
맛느타리버섯,2024-07-30,2409.0386672432237,3283.8437244141037
맛느타리버섯,2024-08-06,3593.063294934906,2654.5283307820314
맛느타리버섯,2024-08-13,2936.275239706712,3757.13010194097
맛느타리버섯,2024-08-20,3153.602390115455,3496.6145359686802
맛느타리버섯,2024-08-27,3697.872637037863,3578.7516305114505
맛느타리버섯,2024-09-03,6839.7060507418255,3903.2920069658862
맛느타리버섯,2024-09-10,4081.156394836634,5333.451994652756
맛느타리버섯,2024-09-17,3622.046709513895,4108.400869633236
맛느타리버섯,2024-09-24,3731.1123309429818,3954.97881436812
맛느타리버섯,2024-10-01,4565.443792559082,3868.9874920872912
맛느타리버섯,2024-10-08,3481.742679608496,4399.550159846454
맛느타리버섯,2024-10-15,2764.1227332164253,3656.03850674199
맛느타리버섯,2024-10-22,3563.4872640645044,2845.8404897799205
맛느타리버섯,2024-10-29,3827.720798328287,3516.7934269247694
맛느타리버섯,2024-11-05,3208.6320803562185,3807.0313995255933
맛느타리버섯,2024-11-12,2498.1201334816465,3287.6355417575824
맛느타리버섯,2024-11-19,2340.6985125483257,2619.3754925376757
맛느타리버섯,2024-11-26,3513.850056844499,2635.780969815065
맛느타리버섯,2024-12-03,3274.607820429134,3854.1630051398747
맛느타리버섯,2024-12-10,3596.635491315438,3796.0349469729545
맛느타리버섯,2024-12-17,3654.2428284270445,4367.917311303872
맛느타리버섯,2024-12-24,3837.557953842984,4018.304288941266
맛느타리버섯,2024-12-31,3316.091200185178,4203.8068379793995
미나리(일반),2024-01-02,5718.419539511512,7905.249065330233
미나리(일반),2024-01-09,6396.19716490305,5995.84597419647
미나리(일반),2024-01-16,6619.549645520332,6175.621624880832
미나리(일반),2024-01-23,8244.116090331687,6213.649328962359
미나리(일반),2024-01-30,10204.673711320684,7647.661388819563
미나리(일반),2024-02-06,5960.8727695022,8077.4129124670435
미나리(일반),2024-02-13,4212.051572579909,5758.056068026697
미나리(일반),2024-02-20,5469.464620224084,4523.11852354583
미나리(일반),2024-02-27,6068.028627093611,5260.662847427843
미나리(일반),2024-03-05,6647.849394001047,5794.6801459530325
미나리(일반),2024-03-12,6257.934217127463,5502.602744561271
미나리(일반),2024-03-19,5123.586410158064,5378.100012336478
미나리(일반),2024-03-26,5098.110498506777,4510.742306564309
미나리(일반),2024-04-02,4078.6677537002465,4599.461093051066
미나리(일반),2024-04-09,2919.099037190579,4024.821028502149
미나리(일반),2024-04-16,2788.0590276914922,3208.4923898515403
미나리(일반),2024-04-23,3025.0610230169777,3222.6740507991117
미나리(일반),2024-04-30,4149.473977526045,3243.5684964413417
미나리(일반),2024-05-07,3567.769341235224,4166.7940395177675
미나리(일반),2024-05-14,2447.4281852725803,3610.7820839050187
미나리(일반),2024-05-21,2412.2741404430576,2689.05773676844
미나리(일반),2024-05-28,2646.037888414,2835.6926868524706
미나리(일반),2024-06-04,1518.948796274539,2678.7201497932283
미나리(일반),2024-06-11,1623.297718882179,1755.9958257482415
미나리(일반),2024-06-18,1608.4960301180104,1842.2713055566376
미나리(일반),2024-06-25,2004.8474156770847,2054.5275243216697
미나리(일반),2024-07-02,3716.4430774937405,2472.046894127015
미나리(일반),2024-07-09,4679.519480519481,3758.5741353914896
미나리(일반),2024-07-16,5613.794081703911,5419.018280939913
미나리(일반),2024-07-23,6298.008248667136,6362.238632357896
미나리(일반),2024-07-30,5131.252163378332,7395.239851299002
미나리(일반),2024-08-06,6095.278246205734,5844.983193849744
미나리(일반),2024-08-13,9877.850947638934,6884.691544342902
미나리(일반),2024-08-20,13343.672069825436,10005.37126711069
미나리(일반),2024-08-27,11780.72557959065,11585.930614028324
미나리(일반),2024-09-03,16442.733108386143,8267.98673298485
미나리(일반),2024-09-10,14100.104384133612,11603.258718927696
미나리(일반),2024-09-17,7949.473446048789,9422.298081077877
미나리(일반),2024-09-24,6375.70135933562,6455.118353051693
미나리(일반),2024-10-01,7287.045151059923,6103.970904215956
미나리(일반),2024-10-08,7035.281473520365,6676.279382174818
미나리(일반),2024-10-15,8269.10905281729,6593.737239262553
미나리(일반),2024-10-22,7556.0254735467015,7201.8395799505215
미나리(일반),2024-10-29,8450.688038481445,6833.62327581628
미나리(일반),2024-11-05,9555.959834132856,8104.232780502889
미나리(일반),2024-11-12,7113.697657913413,8171.264657398322
미나리(일반),2024-11-19,8014.4389453025005,6912.497706035864
미나리(일반),2024-11-26,6822.820646896243,7149.675298766575
미나리(일반),2024-12-03,5636.59111159935,6410.547866438872
미나리(일반),2024-12-10,5762.779960489223,5624.511566019902
미나리(일반),2024-12-17,6156.772407137195,6133.20253856084
미나리(일반),2024-12-24,7574.327138119843,6386.289989771474
미나리(일반),2024-12-31,5669.841409580823,7573.180559842742
밤고구마,2024-01-02,1969.9961729812476,1936.3915316485218
밤고구마,2024-01-09,1936.219195849546,1920.8588693625359
밤고구마,2024-01-16,1930.956873315364,1860.7995158801994
밤고구마,2024-01-23,2122.585448626935,1849.1300871135836
밤고구마,2024-01-30,1661.0958366064415,2059.5441017556514
밤고구마,2024-02-06,2027.299331103679,1704.7393484561042
밤고구마,2024-02-13,1980.0548947849954,1960.128957610842
밤고구마,2024-02-20,2077.7236283603206,1996.1450910808935
밤고구마,2024-02-27,2213.065159574468,1941.7202114131444
밤고구마,2024-03-05,2141.5722150259066,2146.656600564273
밤고구마,2024-03-12,2203.9811066126854,2123.7647732705386
밤고구마,2024-03-19,2029.9714642411273,2121.108486869156
밤고구마,2024-03-26,2360.2880970432147,1968.2560998139654
밤고구마,2024-04-02,2387.9895561357703,2210.218809978049
밤고구마,2024-04-09,1986.7617783676178,2365.296790280252
밤고구마,2024-04-16,2512.116991643454,2006.0165578216652
밤고구마,2024-04-23,3016.4367269267364,2403.1468860636805
밤고구마,2024-04-30,2739.2073170731705,2804.55551707957
밤고구마,2024-05-07,2777.5510204081634,2494.547865605798
밤고구마,2024-05-14,2663.95498392283,2608.407018703446
밤고구마,2024-05-21,2387.0531400966183,2473.184812784575
밤고구마,2024-05-28,1969.9926362297497,2295.1097115083508
밤고구마,2024-06-04,2424.330248416951,1957.8639238197645
밤고구마,2024-06-11,2158.4275184275184,2208.447375322397
밤고구마,2024-06-18,2102.1586931155193,2208.870325603676
밤고구마,2024-06-25,1501.265337423313,2154.684965613911
밤고구마,2024-07-02,1535.637381567614,1646.2250499810782
밤고구마,2024-07-09,1603.0097817908202,1652.6522555832341
밤고구마,2024-07-16,1461.5268709191362,1807.1592944519423
밤고구마,2024-07-23,1350.604670558799,1568.7920138055342
밤고구마,2024-07-30,1787.7914469830112,1661.7362554288252
밤고구마,2024-08-06,1789.701327526985,1862.1220309974697
밤고구마,2024-08-13,1711.8879499942122,1803.7679480402421
밤고구마,2024-08-20,2056.3803680981596,1758.502668751316
밤고구마,2024-08-27,1835.4412306558586,1930.3956230719189
밤고구마,2024-09-03,1272.9414239141865,1789.1482703278257
밤고구마,2024-09-10,1707.5363113181693,1304.938203023378
밤고구마,2024-09-17,2077.7331189710612,1732.3074247197726
밤고구마,2024-09-24,1792.9036100421476,1860.4578956464256
밤고구마,2024-10-01,1733.4205783918305,1756.3523620107349
밤고구마,2024-10-08,1597.4597651152676,1642.3655949411016
밤고구마,2024-10-15,1636.0116422649496,1571.7578841696286
밤고구마,2024-10-22,1578.8267496779733,1578.8296139307815
밤고구마,2024-10-29,1861.2613179074447,1534.3735717387065
밤고구마,2024-11-05,1541.3328239275188,1853.323084872425
밤고구마,2024-11-12,1566.195970380575,1548.6025882023098
밤고구마,2024-11-19,1791.987431264729,1600.2158903539307
밤고구마,2024-11-26,1677.3628400184416,1781.9709646357076
밤고구마,2024-12-03,1666.6322478157267,1722.4296693129538
밤고구마,2024-12-10,1664.319754907523,1757.2971416348687
밤고구마,2024-12-17,1755.4585152838429,1722.1697280678
밤고구마,2024-12-24,1820.619076426699,1802.2864080523896
밤고구마,2024-12-31,1897.2105742935278,1909.6537734428696
방울토마토,2024-01-02,6121.229675722821,5349.349443025296
방울토마토,2024-01-09,7470.93453761341,5893.743311318921
방울토마토,2024-01-16,7803.951009833363,6395.668892186192
방울토마토,2024-01-23,7922.143035266633,5880.343761245572
방울토마토,2024-01-30,5030.770602925437,5987.5082026352575
방울토마토,2024-02-06,4611.796866472847,3941.458088356761
방울토마토,2024-02-13,6221.738356164384,4700.559145545472
방울토마토,2024-02-20,10019.591792333527,6046.181224273054
방울토마토,2024-02-27,8304.628632938644,6933.160511247644
방울토마토,2024-03-05,6124.1810124820195,6171.323069875143
방울토마토,2024-03-12,6648.866952480455,5101.360006062072
방울토마토,2024-03-19,8284.639680824537,5821.64701434239
방울토마토,2024-03-26,9031.990659661413,7267.084506912877
방울토마토,2024-04-02,5221.2799437043695,6023.154537274779
방울토마토,2024-04-09,4898.777830240076,3681.6902319737305
방울토마토,2024-04-16,5066.617940427874,3992.282594756429
방울토마토,2024-04-23,5854.181004068192,3903.6907827406794
방울토마토,2024-04-30,4633.838593025664,4133.8374568377985
방울토마토,2024-05-07,3876.175202565969,3565.583090169702
방울토마토,2024-05-14,2593.8554130730085,3205.72055884233
방울토마토,2024-05-21,2808.575624487207,2532.4652208233083
방울토마토,2024-05-28,2964.085147161409,2863.86909483113
방울토마토,2024-06-04,2474.7118509818915,3016.0832155162493
방울토마토,2024-06-11,1652.5601497000007,2559.230595933429
방울토마토,2024-06-18,1567.09668739536,2104.6346825146684
방울토마토,2024-06-25,2489.916412365663,2199.145745999103
방울토마토,2024-07-02,2468.1630490389534,2693.5814805031823
방울토마토,2024-07-09,2400.796845143717,3097.9340254932113
방울토마토,2024-07-16,2993.1397006414827,3144.324885927069
방울토마토,2024-07-23,2809.4021504648626,3785.9357623404103
방울토마토,2024-07-30,3562.6462115499876,3612.1380491485393
방울토마토,2024-08-06,3119.518929290093,4135.196051064642
방울토마토,2024-08-13,3307.7909270216965,3745.0311182430078
방울토마토,2024-08-20,4298.191850918394,4073.370225113664
방울토마토,2024-08-27,4983.033512397485,4832.751218521745
방울토마토,2024-09-03,3443.162583518931,5278.57622958107
방울토마토,2024-09-10,1851.6862643752422,3806.4540705097857
방울토마토,2024-09-17,4081.937819276701,2369.2912976968078
방울토마토,2024-09-24,4346.844669809452,3622.916405735077
방울토마토,2024-10-01,8228.121937172245,4560.208219009591
방울토마토,2024-10-08,11931.244064577399,7784.990545629886
방울토마토,2024-10-15,7782.16972261401,8792.988561975373
방울토마토,2024-10-22,4831.00147275405,5324.296219358013
방울토마토,2024-10-29,3522.8887900715526,3952.8138836881894
방울토마토,2024-11-05,4694.695058920819,3892.1421888853492
방울토마토,2024-11-12,4749.479904480511,5131.62830960268
방울토마토,2024-11-19,5615.144665461121,4884.748966261215
방울토마토,2024-11-26,8530.807700066893,5123.053607763377
방울토마토,2024-12-03,7320.0557133613365,7218.266204620991
방울토마토,2024-12-10,7169.188537761114,6459.05138784186
방울토마토,2024-12-17,5996.436575074196,6847.357976405092
방울토마토,2024-12-24,3351.0397929188784,5746.534326070324
방울토마토,2024-12-31,2859.5806575552992,3988.665516554878
백다다기,2024-01-02,3858.1554157402134,4210.613226541068
백다다기,2024-01-09,4973.817525097017,4253.990791390539
백다다기,2024-01-16,5244.448389519424,5515.751557469377
백다다기,2024-01-23,5551.525017975722,4922.161426856774
백다다기,2024-01-30,5751.140558941734,4857.891001548342
백다다기,2024-02-06,3682.0305115710757,4736.365114456776
백다다기,2024-02-13,5340.315311715915,3817.882942043514
백다다기,2024-02-20,6077.009165970975,4721.936424084959
백다다기,2024-02-27,4521.584672589785,4714.655055666358
백다다기,2024-03-05,4307.943546359865,3510.6182698323714
백다다기,2024-03-12,3798.0827399975988,3505.1879825007495
백다다기,2024-03-19,3084.864445998515,3290.242675844279
백다다기,2024-03-26,3123.866984241797,2720.967726895474
백다다기,2024-04-02,2263.612214259673,2548.3135785331356
백다다기,2024-04-09,1834.3034023531898,2220.381506404558
백다다기,2024-04-16,2328.05846685235,1883.9664023014977
백다다기,2024-04-23,2039.5379113617892,2175.881150747844
백다다기,2024-04-30,1575.837617180632,1868.311114412647
백다다기,2024-05-07,1888.6726025739356,1671.5945937703652
백다다기,2024-05-14,1245.6662449055984,1814.2095876345786
백다다기,2024-05-21,1569.283033236628,1376.9220400373395
백다다기,2024-05-28,1269.096242052647,1655.1938994439042
백다다기,2024-06-04,1079.708159971887,1436.7382715561946
백다다기,2024-06-11,1162.1605816185936,1190.9294922176405
백다다기,2024-06-18,1779.890224442649,1272.0169707024897
백다다기,2024-06-25,1608.8221174527246,1844.0642271094848
백다다기,2024-07-02,2551.1637383769294,1823.6833086125018
백다다기,2024-07-09,2208.0330879311773,2390.4339534944047
백다다기,2024-07-16,2818.1988007054674,2331.390931774348
백다다기,2024-07-23,2829.5190567612176,2707.8138887115792
백다다기,2024-07-30,2499.46237001835,2646.821929674397
백다다기,2024-08-06,2693.4420900125497,2575.7507902508664
백다다기,2024-08-13,2869.413149090465,2805.533426111232
백다다기,2024-08-20,3918.9809054746147,2811.4037127264673
백다다기,2024-08-27,2574.811371372298,3443.2749900162235
백다다기,2024-09-03,2281.9235453698107,2522.5379695157367
백다다기,2024-09-10,2388.223943329814,2370.3930861161703
백다다기,2024-09-17,5280.41793611292,2637.946541335412
백다다기,2024-09-24,3632.8490624244105,3931.355957268314
백다다기,2024-10-01,3622.2946826129855,2985.4721359157215
백다다기,2024-10-08,2978.7487973470506,3152.374682757515
백다다기,2024-10-15,3368.8748054594394,2554.671091144056
백다다기,2024-10-22,4441.786256133511,2979.6787143519805
백다다기,2024-10-29,3124.9563605024678,3533.1710718806007
백다다기,2024-11-05,3807.2257441219253,2918.3328586537214
백다다기,2024-11-12,3453.120450690686,3535.446017868407
백다다기,2024-11-19,3838.3030796392813,3211.7741730102393
백다다기,2024-11-26,3552.5334033719105,3629.873984622096
백다다기,2024-12-03,3312.260726388759,3406.679601255831
백다다기,2024-12-10,3196.0933091761885,3731.4689797816013
백다다기,2024-12-17,3191.6673629320517,3596.046830537639
백다다기,2024-12-24,3378.4480332604126,3427.9461758945017
백다다기,2024-12-31,4268.986488861807,3698.9078911520082
브로코리(국산),2024-01-02,2522.0355997355728,2425.8388434982567
브로코리(국산),2024-01-09,2616.124490736703,2727.3720226678397
브로코리(국산),2024-01-16,2391.550271406477,2653.389207468711
브로코리(국산),2024-01-23,2796.061030958267,2352.258464767276
브로코리(국산),2024-01-30,2436.6778863030954,2825.978688027136
브로코리(국산),2024-02-06,2799.9776422115046,2387.776629523154
브로코리(국산),2024-02-13,3024.160925817021,2818.1605522257328
브로코리(국산),2024-02-20,3366.112208369337,3046.7211443519964
브로코리(국산),2024-02-27,3671.1342969668226,3342.127933785833
브로코리(국산),2024-03-05,4569.371653184459,3772.600180328024
브로코리(국산),2024-03-12,4831.842149548438,4315.868582383248
브로코리(국산),2024-03-19,4871.20232708468,4987.089442571093
브로코리(국산),2024-03-26,6014.830237027546,5073.26960493979
브로코리(국산),2024-04-02,8261.630476821923,5803.894649123438
브로코리(국산),2024-04-09,6376.760563380281,6916.832922346691
브로코리(국산),2024-04-16,5462.800409067667,5968.511682253734
브로코리(국산),2024-04-23,3829.8366976638695,5529.795026258239
브로코리(국산),2024-04-30,4072.0356938109126,3937.883618750502
브로코리(국산),2024-05-07,2871.548059309439,3925.3471135257173
브로코리(국산),2024-05-14,2349.3112803316103,2972.6428407851804
브로코리(국산),2024-05-21,2582.9659949622164,2377.6402886725227
브로코리(국산),2024-05-28,2455.0758264683855,2670.5078876836565
브로코리(국산),2024-06-04,2602.852101116218,2527.2070173374946
브로코리(국산),2024-06-11,2807.3884661760426,2627.0936644186204
브로코리(국산),2024-06-18,3715.762711864407,2933.5995730398276
브로코리(국산),2024-06-25,4125.633870196141,4009.9348234179333
브로코리(국산),2024-07-02,4484.445513057631,4300.023896906391
브로코리(국산),2024-07-09,4380.696842432727,4957.774111282976
브로코리(국산),2024-07-16,5819.940396998563,4707.454935495488
브로코리(국산),2024-07-23,7370.319799960518,6021.267044390948
브로코리(국산),2024-07-30,6576.088957055214,7426.680924629316
브로코리(국산),2024-08-06,6478.949834755586,6296.897786967041
브로코리(국산),2024-08-13,6023.359861883106,6071.009495467895
브로코리(국산),2024-08-20,9664.330391195379,5918.051727172104
브로코리(국산),2024-08-27,9531.769208645826,8550.548329056735
브로코리(국산),2024-09-03,9700.09824060016,7174.967737792612
브로코리(국산),2024-09-10,9294.040503934299,7423.816553422541
브로코리(국산),2024-09-17,10357.947304976753,6062.142423853104
브로코리(국산),2024-09-24,7775.262947676741,7228.967472978027
브로코리(국산),2024-10-01,7180.818142256177,5442.380834021941
브로코리(국산),2024-10-08,4435.418035094304,5598.134343822125
브로코리(국산),2024-10-15,5055.395954272582,3758.5424365414756
브로코리(국산),2024-10-22,4602.283743623158,4043.542236788584
브로코리(국산),2024-10-29,4095.5803118661256,3722.6461733504234
브로코리(국산),2024-11-05,3414.4039775351926,3643.7121085201647
브로코리(국산),2024-11-12,3180.963797038983,3146.9529944440756
브로코리(국산),2024-11-19,3305.385327296831,3041.539688293344
브로코리(국산),2024-11-26,2981.4485387547647,3114.6376782121847
브로코리(국산),2024-12-03,3417.4006095647887,3015.652675101901
브로코리(국산),2024-12-10,3707.4270959902797,3725.7178828379588
브로코리(국산),2024-12-17,4108.0714458609,4099.43921754827
브로코리(국산),2024-12-24,3987.279526197475,4229.232358648822
브로코리(국산),2024-12-31,3837.550399078417,3867.6426521476005
빨강파프리카,2024-01-02,6039.4179041574735,5860.131642169229
빨강파프리카,2024-01-09,7495.984034387473,6701.993426089447
빨강파프리카,2024-01-16,7080.758434979062,7188.86189082617
빨강파프리카,2024-01-23,8418.25280624695,7182.039746032296
빨강파프리카,2024-01-30,7788.256247259974,8768.154199472112
빨강파프리카,2024-02-06,7945.217137103323,7604.96259064377
빨강파프리카,2024-02-13,7550.063968282979,7456.6425611069235
빨강파프리카,2024-02-20,8234.471987505507,7459.344994254161
빨강파프리카,2024-02-27,8573.0787820203,7453.095049287746
빨강파프리카,2024-03-05,7248.327576908513,7513.861599757159
빨강파프리카,2024-03-12,7539.7868217054265,6475.0076031314
빨강파프리카,2024-03-19,6741.501600614134,6347.1402481032965
빨강파프리카,2024-03-26,5997.121671384553,5300.048009059629
빨강파프리카,2024-04-02,4856.159686614795,5233.562250131409
빨강파프리카,2024-04-09,5900.25505050505,4520.09020166017
빨강파프리카,2024-04-16,4532.603914285116,5108.418642183859
빨강파프리카,2024-04-23,3867.6181455958717,3589.69234357917
빨강파프리카,2024-04-30,3248.333608439249,3549.7710913021965
빨강파프리카,2024-05-07,3322.0815431828146,3169.1172757308195
빨강파프리카,2024-05-14,3684.15845708454,3457.1042918200974
빨강파프리카,2024-05-21,2698.3498944550274,3603.908283020861
빨강파프리카,2024-05-28,2382.8971750809883,2604.766241320422
빨강파프리카,2024-06-04,2339.370210727969,2590.515934093555
빨강파프리카,2024-06-11,2325.1317564121455,2505.9543696393466
빨강파프리카,2024-06-18,2125.1969610184697,2420.515007847296
빨강파프리카,2024-06-25,1365.071796383242,2394.8316154061013
빨강파프리카,2024-07-02,2045.5181226586585,1562.7402272157076
빨강파프리카,2024-07-09,1555.7100210723484,2131.294771937755
빨강파프리카,2024-07-16,2110.406942932554,1927.876189071584
빨강파프리카,2024-07-23,3738.221180583141,2730.117525718966
빨강파프리카,2024-07-30,4482.121708454076,4207.385139264571
빨강파프리카,2024-08-06,5547.897543715707,4595.867794685876
빨강파프리카,2024-08-13,7790.865106050032,5604.415866147872
빨강파프리카,2024-08-20,4790.170380078637,6850.282381544292
빨강파프리카,2024-08-27,6247.075047176659,4851.477520622171
빨강파프리카,2024-09-03,7619.629434477989,6287.826549919054
빨강파프리카,2024-09-10,3967.392195176659,6992.214704873472
빨강파프리카,2024-09-17,3633.645542801974,4000.410214665282
빨강파프리카,2024-09-24,4333.634680506957,3520.7731583909463
빨강파프리카,2024-10-01,7041.966039111467,4347.88169617916
빨강파프리카,2024-10-08,4998.909178117611,6444.444166515281
빨강파프리카,2024-10-15,3901.0219231146048,4372.903292218778
빨강파프리카,2024-10-22,4608.759698393618,3579.3394286765742
빨강파프리카,2024-10-29,4279.459141382712,4009.1847962510496
빨강파프리카,2024-11-05,4942.570726279673,3915.2920653622286
빨강파프리카,2024-11-12,4364.48059894896,4384.6120003889055
빨강파프리카,2024-11-19,4491.426494190592,3690.8510781080736
빨강파프리카,2024-11-26,4712.7407609646225,4411.933647508663
빨강파프리카,2024-12-03,5003.588501667026,4298.882487683433
빨강파프리카,2024-12-10,7915.704651682555,5135.011051680414
빨강파프리카,2024-12-17,6470.713999744101,7402.7166564032
빨강파프리카,2024-12-24,5421.216077828981,6113.682494696229
빨강파프리카,2024-12-31,6338.283162421436,6263.046571424149
새송이(일반),2024-01-02,2554.618736188525,2879.179952789977
새송이(일반),2024-01-09,2979.931742971922,2896.654279596258
새송이(일반),2024-01-16,3000.458547403111,2991.5203208645225
새송이(일반),2024-01-23,3605.590898083995,2805.7136909728742
새송이(일반),2024-01-30,3603.8593877206185,3215.4734627407934
새송이(일반),2024-02-06,2431.4175613140105,3132.9491852086694
새송이(일반),2024-02-13,2351.5245438077145,2452.1633201812256
새송이(일반),2024-02-20,2862.653424229527,2520.6643557476837
새송이(일반),2024-02-27,3021.1291780132337,2745.1417409380297
새송이(일반),2024-03-05,2770.4829489950903,2743.8876553297514
새송이(일반),2024-03-12,2733.8727384625586,2573.191028939098
새송이(일반),2024-03-19,2572.095399634227,2567.1156601551706
새송이(일반),2024-03-26,2411.6958732202093,2459.651337008432
새송이(일반),2024-04-02,2218.995899160225,2309.038497713845
새송이(일반),2024-04-09,2225.30400489276,2201.7548155187337
새송이(일반),2024-04-16,2127.3034336158016,2212.586223892409
새송이(일반),2024-04-23,2124.5574230217117,2159.373277443299
새송이(일반),2024-04-30,2226.9649342192,2119.099422557307
새송이(일반),2024-05-07,2262.7945634307707,2168.572056361602
새송이(일반),2024-05-14,2029.522160274821,2168.5963149051845
새송이(일반),2024-05-21,1685.8568249336256,1967.400062983623
새송이(일반),2024-05-28,1586.4939303650203,1780.2022771128288
새송이(일반),2024-06-04,1397.9302205502693,1713.5228514053867
새송이(일반),2024-06-11,1394.202146031717,1569.5918273770899
새송이(일반),2024-06-18,1816.91820271444,1525.52396758701
새송이(일반),2024-06-25,1914.7723306575026,1801.8412409519397
새송이(일반),2024-07-02,1738.4847820745256,1873.2358655573883
새송이(일반),2024-07-09,1666.9261073420003,1810.387444184092
새송이(일반),2024-07-16,1631.608746048472,1762.572171431755
새송이(일반),2024-07-23,1879.670403318542,1904.8299770095196
새송이(일반),2024-07-30,1854.4618583414308,2056.0348886801894
새송이(일반),2024-08-06,2144.434248393045,2117.390416717022
새송이(일반),2024-08-13,1965.1492369537552,2324.5762226117868
새송이(일반),2024-08-20,2125.8439941750307,2184.9138778540673
새송이(일반),2024-08-27,2568.3379309117445,2343.544052295496
새송이(일반),2024-09-03,2368.6200390173017,2694.2273852475582
새송이(일반),2024-09-10,2335.3113658528787,2393.1746257810187
새송이(일반),2024-09-17,2208.9780037102178,2345.122299749227
새송이(일반),2024-09-24,2649.6229551102947,2286.436325404008
새송이(일반),2024-10-01,2887.107750071593,2627.198830280725
새송이(일반),2024-10-08,2575.0340138893525,2857.332926073178
새송이(일반),2024-10-15,2524.5997829635344,2524.692519969507
새송이(일반),2024-10-22,2671.0365611163647,2481.7225124099796
새송이(일반),2024-10-29,2759.1463743800027,2577.1281683574557
새송이(일반),2024-11-05,2529.9121590383725,2706.2895247230113
새송이(일반),2024-11-12,2258.8378310966896,2443.259523094697
새송이(일반),2024-11-19,2122.1582224210565,2312.3633962398526
새송이(일반),2024-11-26,2173.341355158753,2255.078781259121
새송이(일반),2024-12-03,2347.740041185566,2371.3808988510355
새송이(일반),2024-12-10,2793.8051481903644,2545.110096025701
새송이(일반),2024-12-17,3128.565552937802,3000.9072105301816
새송이(일반),2024-12-24,3189.7137705084574,3303.3781353627487
새송이(일반),2024-12-31,2894.884954084814,3257.781758580415
수미,2024-01-02,1474.8294624005198,2084.7953053314914
수미,2024-01-09,1512.8271028037384,1569.304346492421
수미,2024-01-16,2278.889990089197,1624.6482562021636
수미,2024-01-23,1827.876578381902,2474.2779259606887
수미,2024-01-30,2444.3282615733247,1895.9980989877856
수미,2024-02-06,2088.4245742092457,2568.602718624391
수미,2024-02-13,1676.2034570995875,2137.616061003705
수미,2024-02-20,2854.245885372851,1922.7037692068811
수미,2024-02-27,2631.661865073249,2564.465643672303
수미,2024-03-05,2517.9424367028437,2436.459970033582
수미,2024-03-12,2498.8211089292586,2548.2503400663595
수미,2024-03-19,2764.8387357084234,2537.2512255467773
수미,2024-03-26,2820.4410474877836,2691.1900396938195
수미,2024-04-02,2469.791741882687,2650.4925188589227
수미,2024-04-09,2430.1537616694122,2482.778416906806
수미,2024-04-16,2538.0420077702233,2473.364257611136
수미,2024-04-23,2586.8358340205073,2465.2078595679877
수미,2024-04-30,2203.1310771844333,2364.7293653410375
수미,2024-05-07,1850.3739793607463,2139.2699734280936
수미,2024-05-14,1468.0875995283775,1720.5211590496342
수미,2024-05-21,1407.465582370477,1451.9462303946025
수미,2024-05-28,1053.9299425116656,1456.8016387194427
수미,2024-06-04,896.6575812680478,1075.3980603133407
수미,2024-06-11,865.1612450597507,922.1995173196481
수미,2024-06-18,997.3169868565491,905.1869935596387
수미,2024-06-25,927.3285182225305,1026.4334730029304
수미,2024-07-02,808.4541879835948,985.5308352770411
수미,2024-07-09,982.6045716990244,955.363326742909
수미,2024-07-16,945.995082815735,1072.111074366384
수미,2024-07-23,1175.4598619314934,1038.366291541994
수미,2024-07-30,1057.1902491642795,1248.352337694688
수미,2024-08-06,1085.3260500425818,1120.2142589711143
수미,2024-08-13,1060.073607812896,1110.8610895737181
수미,2024-08-20,1067.299529981484,1104.3896373081343
수미,2024-08-27,1011.6671056096918,1087.555787854482
수미,2024-09-03,1001.6661235131172,1090.799445487927
수미,2024-09-10,1214.491821438462,1056.640676785139
수미,2024-09-17,1140.3268157734328,1401.886989668776
수미,2024-09-24,1029.26233322991,1136.635023468998
수미,2024-10-01,1159.7948266180688,1069.157632063809
수미,2024-10-08,1014.695025094524,1199.4998942946663
수미,2024-10-15,1102.2246166597597,1060.3174531430534
수미,2024-10-22,1144.9450386947306,1103.3609254554879
수미,2024-10-29,1129.717087953489,1222.6047961288218
수미,2024-11-05,1165.9145763296267,1138.8072227006485
수미,2024-11-12,1124.562802620336,1278.4782204914625
수미,2024-11-19,1072.7066470443954,1175.6333246505114
수미,2024-11-26,971.4662518598675,1163.865741888732
수미,2024-12-03,1150.551495207301,1010.3700912289067
수미,2024-12-10,1136.6709093480413,1317.9167109692712
수미,2024-12-17,1506.1970007101384,1195.8504156194103
수미,2024-12-24,1506.1737742489972,1558.4998001536073
수미,2024-12-31,1631.1073523744274,1610.692560435531
시금치(일반),2024-01-02,2810.727066923794,2950.828649700169
시금치(일반),2024-01-09,3687.0001187005473,2840.8726097662293
시금치(일반),2024-01-16,4792.079595458634,3567.463155698264
시금치(일반),2024-01-23,4994.008267548176,4103.197615433384
시금치(일반),2024-01-30,5343.582253223838,4163.888550834054
시금치(일반),2024-02-06,3885.93629770553,4207.856297383945
시금치(일반),2024-02-13,2713.700206921395,3344.266506363852
시금치(일반),2024-02-20,3679.559946656258,2554.028870119718
시금치(일반),2024-02-27,3737.765623934108,3336.3440505026206
시금치(일반),2024-03-05,4348.155837768527,3280.9330341174086
시금치(일반),2024-03-12,4186.474346042633,3645.451740716212
시금치(일반),2024-03-19,4104.052232541767,3513.10013669912
시금치(일반),2024-03-26,3104.869957700798,3658.527816052959
시금치(일반),2024-04-02,2443.2620945658127,3060.3371829187845
시금치(일반),2024-04-09,2442.497937356404,2475.740028989664
시금치(일반),2024-04-16,2223.2113323774865,2626.8196558182076
시금치(일반),2024-04-23,2608.611417918891,2371.81817880628
시금치(일반),2024-04-30,2466.8562628087748,2823.1940765211225
시금치(일반),2024-05-07,2726.5056213996522,2593.8322925616453
시금치(일반),2024-05-14,2921.1931748635216,2878.9946427461477
시금치(일반),2024-05-21,2369.6814567611614,2988.5921277725074
시금치(일반),2024-05-28,2794.439825902374,2521.047011941
시금치(일반),2024-06-04,2797.7137653625427,3082.908541636314
시금치(일반),2024-06-11,4143.813877691054,3007.890490012241
시금치(일반),2024-06-18,4946.947604024968,4422.679936697465
시금치(일반),2024-06-25,5036.465652608372,5805.239099300281
시금치(일반),2024-07-02,5831.250117215234,5751.172816075127
시금치(일반),2024-07-09,6510.38178383463,7081.686626204284
시금치(일반),2024-07-16,5531.538941142939,7507.772228257477
시금치(일반),2024-07-23,7677.388997523139,6856.402583712134
시금치(일반),2024-07-30,9762.191916026946,8840.656924369925
시금치(일반),2024-08-06,16103.210280373833,10296.295672613847
시금치(일반),2024-08-13,23970.84349098001,15621.632732595572
시금치(일반),2024-08-20,22824.380938924016,15919.769086722805
시금치(일반),2024-08-27,21036.775122905325,16014.928731032664
시금치(일반),2024-09-03,14869.443391878744,15459.57543851644
시금치(일반),2024-09-10,7603.739054127224,10963.49427180178
시금치(일반),2024-09-17,10773.563015803074,6642.817060498379
시금치(일반),2024-09-24,8075.296359499431,9001.878942166877
시금치(일반),2024-10-01,5983.019484346051,6882.652372228871
시금치(일반),2024-10-08,4565.004212996379,5306.348658857013
시금치(일반),2024-10-15,4236.258791967853,3216.016422281874
시금치(일반),2024-10-22,4723.74557375196,3171.2829642815477
시금치(일반),2024-10-29,3621.665804688646,3520.3029500860457
시금치(일반),2024-11-05,2833.1294734728704,3244.9141587424115
시금치(일반),2024-11-12,2599.3452639792067,2574.9974112503774
시금치(일반),2024-11-19,2363.407783117558,2514.7022526513033
시금치(일반),2024-11-26,2449.96802088201,2252.2037428039184
시금치(일반),2024-12-03,2431.079785841761,2503.271963677022
시금치(일반),2024-12-10,3150.3669577738438,2660.224194155869
시금치(일반),2024-12-17,3075.720889457429,3487.580811100759
시금치(일반),2024-12-24,3753.992296448713,3366.2292046061243
시금치(일반),2024-12-31,3938.6159797580503,3935.327186955659
애호박,2024-01-02,4116.561058887003,3769.101392800888
애호박,2024-01-09,4530.729850212046,4176.5129326792485
애호박,2024-01-16,5342.0553374150795,4358.697441468198
애호박,2024-01-23,5377.95933931192,4465.656450932678
애호박,2024-01-30,5633.943924795599,4399.050529637444
애호박,2024-02-06,4522.600042412761,4775.549350360439
애호박,2024-02-13,4539.096158685854,4206.360287139029
애호박,2024-02-20,5345.69992200021,4342.395955366668
애호박,2024-02-27,5594.407424653575,4365.368768634932
애호박,2024-03-05,4672.115397095279,4188.012284788425
애호박,2024-03-12,4043.7134847703596,3612.8240131234948
애호박,2024-03-19,3906.4789975165622,3434.2175087036453
애호박,2024-03-26,3523.8160796381894,3407.243673752233
애호박,2024-04-02,2740.903317995562,3080.2827567928257
애호박,2024-04-09,2096.63738261133,2433.0421474468058
애호박,2024-04-16,2334.197645841672,2100.3400927882103
애호박,2024-04-23,1817.7554435760064,2212.184881503935
애호박,2024-04-30,1787.692537831995,2013.044285670901
애호박,2024-05-07,1741.6801520710255,1818.9435558040564
애호박,2024-05-14,1292.7007304720812,1785.302269121527
애호박,2024-05-21,1282.0403577334225,1428.3374578508842
애호박,2024-05-28,1205.845823706249,1353.1803117745387
애호박,2024-06-04,1261.3018191518909,1330.5200089931843
애호박,2024-06-11,1178.4753099276459,1336.8190158550378
애호박,2024-06-18,1446.0726550812453,1320.0535428629405
애호박,2024-06-25,1239.8095868365244,1564.1333689811424
애호박,2024-07-02,1885.2628926284194,1397.2335159529987
애호박,2024-07-09,1628.1613711402324,2030.5389598275444
애호박,2024-07-16,2075.0228136251267,1730.071566288654
애호박,2024-07-23,3004.613616626239,2291.614303795629
애호박,2024-07-30,2634.757043372417,2719.3156515812548
애호박,2024-08-06,1347.5779162348683,2449.6582958653153
애호박,2024-08-13,1427.2985447431133,1547.3448140656744
애호박,2024-08-20,3008.8677748025684,1774.8387912885778
애호박,2024-08-27,2935.3009273007847,2608.8141669400065
애호박,2024-09-03,3045.02671044124,2592.3227410028917
애호박,2024-09-10,1874.6887502448033,2592.3299321564655
애호박,2024-09-17,2988.8389504204306,2129.422025841507
애호박,2024-09-24,3406.2613464946676,2721.6846058518163
애호박,2024-10-01,2884.0081191605072,3049.254816397461
애호박,2024-10-08,2890.240762825765,2759.6982977777548
애호박,2024-10-15,4438.53354938614,2761.849537606007
애호박,2024-10-22,4136.088948908904,3498.514768777724
애호박,2024-10-29,3254.0224912931258,3601.8277129544445
애호박,2024-11-05,2261.7193839705556,2829.6401343678544
애호박,2024-11-12,2302.5385229059625,2230.9951153204634
애호박,2024-11-19,2282.212301639621,2344.6924425176867
애호박,2024-11-26,2509.779982767271,2408.997743161715
애호박,2024-12-03,2661.83341176762,2702.6697160726308
애호박,2024-12-10,3540.371796377608,3078.352437424437
애호박,2024-12-17,3387.5407377818356,3911.512175902366
애호박,2024-12-24,3267.790940713392,3682.9431470245286
애호박,2024-12-31,4237.782425730174,3445.8743556356453
양배추(일반),2024-01-02,488.0565446722243,587.4627891805491
양배추(일반),2024-01-09,558.3695304542928,582.0664336256696
양배추(일반),2024-01-16,533.0922577002698,553.7914740223465
양배추(일반),2024-01-23,613.3735770371289,534.1929729545417
양배추(일반),2024-01-30,657.8327137577461,654.947185098237
양배추(일반),2024-02-06,625.4938829094423,677.1404822832556
양배추(일반),2024-02-13,632.8060702401121,668.1017190880177
양배추(일반),2024-02-20,626.1759760310617,699.5087867009415
양배추(일반),2024-02-27,962.2787609486641,642.4901166537692
양배추(일반),2024-03-05,878.5803992897665,854.2234153730759
양배추(일반),2024-03-12,826.7535414999086,807.94917648608
양배추(일반),2024-03-19,1378.3770834305253,785.6657614547878
양배추(일반),2024-03-26,1378.3108501770269,1251.188388560005
양배추(일반),2024-04-02,1844.9157007376186,1291.7527820482833
양배추(일반),2024-04-09,1755.210123580694,1699.0090795822418
양배추(일반),2024-04-16,1577.8824312122797,1461.4021129997266
양배추(일반),2024-04-23,1877.9267967445332,1459.3735614442721
양배추(일반),2024-04-30,1695.8800472601204,1625.0461021263814
양배추(일반),2024-05-07,1682.3543940264217,1471.680858507421
양배추(일반),2024-05-14,2197.2047970988892,1514.2550653533417
양배추(일반),2024-05-21,1275.6980123725114,1886.9894956238195
양배추(일반),2024-05-28,868.0432084622141,1176.0436433161913
양배추(일반),2024-06-04,553.957039895122,841.790910149843
양배추(일반),2024-06-11,587.8850543180073,543.2467243468843
양배추(일반),2024-06-18,528.6900668161143,629.1233822147946
양배추(일반),2024-06-25,379.20992782574024,549.9152181859697
양배추(일반),2024-07-02,399.65542278314354,442.0658353338381
양배추(일반),2024-07-09,387.6853709186818,467.7668708347181
양배추(일반),2024-07-16,429.5829735993093,461.7069636774959
양배추(일반),2024-07-23,744.3052250823179,536.6780556703997
양배추(일반),2024-07-30,702.9351358896133,778.1538805312273
양배추(일반),2024-08-06,764.1047077068056,741.3499431449826
양배추(일반),2024-08-13,706.1821501031382,826.7515357061196
양배추(일반),2024-08-20,743.1736622651827,758.052740722435
양배추(일반),2024-08-27,685.0954947766545,787.8919512465961
양배추(일반),2024-09-03,775.2161563451597,765.2836218494465
양배추(일반),2024-09-10,762.4579099069978,827.7791221491755
양배추(일반),2024-09-17,801.5223480013279,834.5348337134046
양배추(일반),2024-09-24,927.6628681125679,788.5185137140004
양배추(일반),2024-10-01,1043.3432041788922,907.9108944513033
양배추(일반),2024-10-08,1005.177358427778,959.2712478630922
양배추(일반),2024-10-15,1033.502231137403,965.6117451411936
양배추(일반),2024-10-22,1118.848709919097,981.7078836139372
양배추(일반),2024-10-29,1000.6372524696183,959.277001269741
양배추(일반),2024-11-05,960.5193803646212,955.1578582848477
양배추(일반),2024-11-12,972.7653144111708,905.0809456362201
양배추(일반),2024-11-19,1061.9498616474978,962.9070690023374
양배추(일반),2024-11-26,890.6450891015335,1004.1952904943146
양배추(일반),2024-12-03,1123.2355509451058,869.8003370947231
양배추(일반),2024-12-10,1189.8959255757175,1084.664302640775
양배추(일반),2024-12-17,1064.0173632295075,1174.4260713788442
양배추(일반),2024-12-24,1458.7728203263366,1021.3274034331141
양배추(일반),2024-12-31,1352.8680904467196,1281.9962196962674
양상추(일반),2024-01-02,1712.1123271347487,1935.2052368354514
양상추(일반),2024-01-09,1884.443446365746,1883.0393353488687
양상추(일반),2024-01-16,1709.0016088745879,1900.7628497545952
양상추(일반),2024-01-23,1742.9334083141807,1788.9186113483108
양상추(일반),2024-01-30,1582.7946135475272,1756.2469834773676
양상추(일반),2024-02-06,1726.2117508007348,1614.0134877470127
양상추(일반),2024-02-13,1672.7463460901165,1792.4751429275962
양상추(일반),2024-02-20,2179.8022904912746,1763.1786615770498
양상추(일반),2024-02-27,1872.4128094095618,2034.4196497804526
양상추(일반),2024-03-05,1867.8250930547078,1778.2113365579974
양상추(일반),2024-03-12,1920.681999822396,1791.7185796643182
양상추(일반),2024-03-19,1633.1938942294373,1781.950412663422
양상추(일반),2024-03-26,1455.4670761319812,1589.2866044690795
양상추(일반),2024-04-02,1406.656156510297,1423.6580931461526
양상추(일반),2024-04-09,1657.2426402319702,1419.1047773954588
양상추(일반),2024-04-16,1646.9554641202806,1604.7708742504894
양상추(일반),2024-04-23,1711.2439824181959,1592.6233816099113
양상추(일반),2024-04-30,1123.1953034086898,1666.700791615336
양상추(일반),2024-05-07,1139.6230980973412,1127.8813693548873
양상추(일반),2024-05-14,858.5350081862334,1169.474968966836
양상추(일반),2024-05-21,743.4015241464538,915.0481840984038
양상추(일반),2024-05-28,666.5444480903942,930.1010830336156
양상추(일반),2024-06-04,797.0662781344382,915.8699853529632
양상추(일반),2024-06-11,1325.063466811089,935.9431151024864
양상추(일반),2024-06-18,1376.7881471389646,1398.1019614070578
양상추(일반),2024-06-25,1526.0600366636113,1548.0050488301736
양상추(일반),2024-07-02,1683.2206989766364,1595.6425645053785
양상추(일반),2024-07-09,1723.8106605736111,1951.437471377004
양상추(일반),2024-07-16,1705.1431510372022,1933.1215282717926
양상추(일반),2024-07-23,2064.8020546229013,1978.5478719651708
양상추(일반),2024-07-30,2444.691371440991,2225.5488344518412
양상추(일반),2024-08-06,2452.718069368695,2504.999214444793
양상추(일반),2024-08-13,2596.193190691863,2434.3898060762713
양상추(일반),2024-08-20,2470.957092022278,2597.6908297298523
양상추(일반),2024-08-27,2194.806344708948,2356.458508926059
양상추(일반),2024-09-03,2116.3467806185267,2253.683560032369
양상추(일반),2024-09-10,3475.5082508250825,2095.515390103125
양상추(일반),2024-09-17,2604.14976838949,3140.1207810861797
양상추(일반),2024-09-24,2872.2133509371347,2199.9242330533175
양상추(일반),2024-10-01,2542.3679654652965,2723.0366069866477
양상추(일반),2024-10-08,2263.074540995976,2349.1239953245376
양상추(일반),2024-10-15,1597.2205449467886,2167.8273926658835
양상추(일반),2024-10-22,1583.2410215833663,1546.269003003196
양상추(일반),2024-10-29,1557.7818181818182,1503.771750645024
양상추(일반),2024-11-05,2149.6027053380635,1594.8596526562283
양상추(일반),2024-11-12,2151.6076033133286,2079.020365637406
양상추(일반),2024-11-19,1982.6165038200468,2044.2431214210344
양상추(일반),2024-11-26,2320.443677718133,1986.9825488847516
양상추(일반),2024-12-03,2519.069368492293,2214.0828835698894
양상추(일반),2024-12-10,2753.234935848341,2600.1703785694076
양상추(일반),2024-12-17,2425.6726241473893,2786.661137577827
양상추(일반),2024-12-24,1908.427994494275,2365.688176379232
양상추(일반),2024-12-31,1265.761517947998,2039.885626892116
양송이(일반),2024-01-02,5262.638673505905,6525.928781033603
양송이(일반),2024-01-09,5189.723613823554,6183.573628793377
양송이(일반),2024-01-16,5288.493709466737,5882.369348170113
양송이(일반),2024-01-23,6588.195885200554,5859.021268402972
양송이(일반),2024-01-30,6392.914207454267,6582.403868318559
양송이(일반),2024-02-06,5973.820028302672,6594.525391484754
양송이(일반),2024-02-13,6307.695243911749,6674.471511588347
양송이(일반),2024-02-20,8678.598385879348,6868.647139916235
양송이(일반),2024-02-27,8750.288814104175,8368.853928566261
양송이(일반),2024-03-05,8009.881728465047,8796.154743047286
양송이(일반),2024-03-12,6970.305760110579,7742.150193244802
양송이(일반),2024-03-19,6687.619803932307,7465.51045104616
양송이(일반),2024-03-26,7038.314477139421,6696.163359422364
양송이(일반),2024-04-02,7496.843215248672,7341.807849970796
양송이(일반),2024-04-09,7300.919191205894,7589.496562518485
양송이(일반),2024-04-16,6858.264706671316,7483.705371775742
양송이(일반),2024-04-23,6909.5446723724135,7413.8232623259655
양송이(일반),2024-04-30,6481.617734176915,7429.94174923848
양송이(일반),2024-05-07,6512.204274957493,6770.252681444646
양송이(일반),2024-05-14,5515.2057245080505,6707.5130081219795
양송이(일반),2024-05-21,5700.569262217152,5915.95597057404
양송이(일반),2024-05-28,6735.996028633065,6054.84756661835
양송이(일반),2024-06-04,6217.786128817429,6860.139061944619
양송이(일반),2024-06-11,5135.937461498657,6716.979010452317
양송이(일반),2024-06-18,6533.704614494431,5620.658093715677
양송이(일반),2024-06-25,6275.497563795524,6780.327188123696
양송이(일반),2024-07-02,5687.7696241939075,6669.713805952265
양송이(일반),2024-07-09,5218.3558052434455,6112.868501359754
양송이(일반),2024-07-16,5235.722804750782,5586.345637497902
양송이(일반),2024-07-23,6145.3370293116695,6337.611612128074
양송이(일반),2024-07-30,6296.503794434829,7178.015888556409
양송이(일반),2024-08-06,9393.66592109955,6713.176096796619
양송이(일반),2024-08-13,9129.981529161536,9169.699782577754
양송이(일반),2024-08-20,10513.171999785603,8855.913804762333
양송이(일반),2024-08-27,12434.192937506963,10129.957517476425
양송이(일반),2024-09-03,9509.0657966804,10344.71200950793
양송이(일반),2024-09-10,9061.16179824884,8709.331850549635
양송이(일반),2024-09-17,8682.127873563219,9171.145427954021
양송이(일반),2024-09-24,12064.93262431093,8675.60667434095
양송이(일반),2024-10-01,11858.65879625886,10524.143173076858
양송이(일반),2024-10-08,10886.780344701137,10181.098419013622
양송이(일반),2024-10-15,11269.418265935572,10016.7901159698
양송이(일반),2024-10-22,11120.133867500488,10822.866970386445
양송이(일반),2024-10-29,11085.667314661483,9528.56479175849
양송이(일반),2024-11-05,9015.625759121605,9808.521448349182
양송이(일반),2024-11-12,7386.55180289491,8174.065471928494
양송이(일반),2024-11-19,7220.196904726699,7445.221037332666
양송이(일반),2024-11-26,7551.20508269671,7321.22248298187
양송이(일반),2024-12-03,7884.58832692646,7571.4428003741405
양송이(일반),2024-12-10,8933.94950405771,8283.268977024081
양송이(일반),2024-12-17,13163.392062276143,9643.951468905807
양송이(일반),2024-12-24,8649.188239305478,13714.359200659515
양송이(일반),2024-12-31,6483.1404486355195,8061.868850027225
영양부추,2024-01-02,39759.66315073154,20970.11261402457
영양부추,2024-01-09,23708.58465922584,20872.85066052492
영양부추,2024-01-16,18921.573251942285,19485.101410773234
영양부추,2024-01-23,11840.490858505564,17279.28324659705
영양부추,2024-01-30,9287.666928515318,10241.628037394054
영양부추,2024-02-06,7308.088954056696,8869.864917388351
영양부추,2024-02-13,8329.616306954436,8538.841387465354
영양부추,2024-02-20,24144.45882352941,9778.261565516606
영양부추,2024-02-27,18531.72116702565,17543.775677353657
영양부추,2024-03-05,20683.667292840742,18679.97758866146
영양부추,2024-03-12,13808.414615265521,17265.018262006917
영양부추,2024-03-19,8159.3047527296085,12572.713346059825
영양부추,2024-03-26,6266.764423589634,7226.1336872373095
영양부추,2024-04-02,7086.147420527496,6214.045249349894
영양부추,2024-04-09,3687.217304713432,6615.852904196931
영양부추,2024-04-16,2561.9836151298587,3636.6813081185333
영양부추,2024-04-23,2876.649352401511,2910.7907709783385
영양부추,2024-04-30,3673.5026841163467,3238.388711024427
영양부추,2024-05-07,3533.9813657080626,3820.980464877423
영양부추,2024-05-14,4671.155673826269,3702.465220790449
영양부추,2024-05-21,5348.476001979218,4629.512838377362
영양부추,2024-05-28,6372.276291641177,5112.731066440159
영양부추,2024-06-04,4075.0501352485776,5324.680438654172
영양부추,2024-06-11,3842.0758616837047,4233.366463371173
영양부추,2024-06-18,3728.098040083175,4108.931482615517
영양부추,2024-06-25,2965.9010729223496,3918.706598198501
영양부추,2024-07-02,2574.8893805309735,3375.1807219676343
영양부추,2024-07-09,4008.152780880054,3361.4527032964183
영양부추,2024-07-16,3323.98929055792,4631.624074737975
영양부추,2024-07-23,4262.389168463935,4445.832661085571
영양부추,2024-07-30,6752.66273352999,5837.500907472018
영양부추,2024-08-06,8117.6283677246865,7310.212760515582
영양부추,2024-08-13,9255.2323551263,8800.210225632693
영양부추,2024-08-20,7386.46237751895,8442.68538214948
영양부추,2024-08-27,7887.119359178183,6875.942036564228
영양부추,2024-09-03,5403.558748109672,7683.216158376129
영양부추,2024-09-10,10464.298997830354,5775.509641351408
영양부추,2024-09-17,4318.333248885286,9830.58709784738
영양부추,2024-09-24,6113.342948080366,5140.023269078754
영양부추,2024-10-01,7378.167330677291,7353.233955147772
영양부추,2024-10-08,6736.077035257785,10240.237117525705
영양부추,2024-10-15,11100.613953488371,8628.14713565144
영양부추,2024-10-22,12197.319525839104,12320.313294866572
영양부추,2024-10-29,21459.312620734065,13162.640795879695
영양부추,2024-11-05,31333.87293830177,24265.083688477665
영양부추,2024-11-12,28807.99444554652,24911.87356981763
영양부추,2024-11-19,31681.984453589394,23632.115456190844
영양부추,2024-11-26,25730.2356267672,23311.783365985175
영양부추,2024-12-03,15795.119778261731,21522.18215805926
영양부추,2024-12-10,25817.34832992502,17399.44553784015
영양부추,2024-12-17,31136.30242825607,23949.48377521713
영양부추,2024-12-24,40091.35253772291,24313.714076764263
영양부추,2024-12-31,32064.336340206184,22045.51929310846
오이맛고추,2024-01-02,7307.006779850955,6117.244409309702
오이맛고추,2024-01-09,7994.939221901013,7656.030803361294
오이맛고추,2024-01-16,7332.063625787299,7595.525525549914
오이맛고추,2024-01-23,8052.27213260825,7100.298507977495
오이맛고추,2024-01-30,8796.802531454834,7179.5531497336615
오이맛고추,2024-02-06,9815.051694871663,8728.540240477681
오이맛고추,2024-02-13,7375.702907208283,9231.255233689335
오이맛고추,2024-02-20,8661.5104547261,7044.472127028476
오이맛고추,2024-02-27,8408.847569635664,7477.416735426929
오이맛고추,2024-03-05,9551.975034619578,7657.695139723168
오이맛고추,2024-03-12,10379.341416238147,6935.120973439458
오이맛고추,2024-03-19,5138.1273668265585,7323.701456669167
오이맛고추,2024-03-26,4605.518498238394,3744.270939602344
오이맛고추,2024-04-02,3682.385692291167,3907.7983452310013
오이맛고추,2024-04-09,5009.560232400025,3959.8315042773534
오이맛고추,2024-04-16,5108.7668632014775,4413.657151992366
오이맛고추,2024-04-23,3767.9284896575227,3883.521463687216
오이맛고추,2024-04-30,2769.7269516847664,3278.3954855038
오이맛고추,2024-05-07,3926.9444500120258,2948.594692062699
오이맛고추,2024-05-14,3715.0512909435424,3716.951046367158
오이맛고추,2024-05-21,2800.2754372068016,3351.7583338788354
오이맛고추,2024-05-28,2389.7585777975355,2796.4427714249464
오이맛고추,2024-06-04,2165.1485467943444,2613.215174070923
오이맛고추,2024-06-11,3202.9368842490744,2565.2617710314
오이맛고추,2024-06-18,3366.2375187992097,3273.422979955452
오이맛고추,2024-06-25,3194.990730906158,3247.556695519968
오이맛고추,2024-07-02,4344.5657750626715,3018.784500563174
오이맛고추,2024-07-09,3280.8467131172374,3611.4141428495013
오이맛고추,2024-07-16,4088.0860859569275,3203.279173168347
오이맛고추,2024-07-23,3601.3356326407024,3605.1310970671816
오이맛고추,2024-07-30,2776.8745431509187,3154.5620026879983
오이맛고추,2024-08-06,5172.129363673913,2582.3447418008127
오이맛고추,2024-08-13,5283.88658923013,4293.305155406905
오이맛고추,2024-08-20,3156.0689762687025,4128.991015305757
오이맛고추,2024-08-27,4090.683449794199,2916.4016122161865
오이맛고추,2024-09-03,5004.982553393529,3718.764447813993
오이맛고추,2024-09-10,4284.583150906297,4170.159657437089
오이맛고추,2024-09-17,3360.4419651173052,3792.867285899037
오이맛고추,2024-09-24,3605.265541909491,3386.989944091763
오이맛고추,2024-10-01,5224.020382899847,3602.852003307777
오이맛고추,2024-10-08,6129.185593575838,4514.098688597924
오이맛고추,2024-10-15,5373.097851832669,5115.677187533882
오이맛고추,2024-10-22,3900.5635673184906,4186.9313742131335
오이맛고추,2024-10-29,2976.953238283326,3513.2013871784607
오이맛고추,2024-11-05,4537.509985227335,2978.761471802885
오이맛고추,2024-11-12,3768.1629550701473,4009.2322958716954
오이맛고추,2024-11-19,3285.938904605995,3581.022493056178
오이맛고추,2024-11-26,3059.1589336589336,3238.797331738903
오이맛고추,2024-12-03,3222.7633341864002,3205.0572699120753
오이맛고추,2024-12-10,3916.422457926327,3898.0320674746035
오이맛고추,2024-12-17,3573.011452776906,4636.922244581132
오이맛고추,2024-12-24,4126.708817191428,4123.0898489786305
오이맛고추,2024-12-31,3485.623274010433,4665.657909340154
완숙토마토,2024-01-02,3772.8097141100525,3204.8376420734044
완숙토마토,2024-01-09,4779.4656557451035,3722.157725238927
완숙토마토,2024-01-16,5365.288169868554,4684.9172986281965
완숙토마토,2024-01-23,4747.739449196353,4488.191439461192
완숙토마토,2024-01-30,4251.232044844097,4268.636064008657
완숙토마토,2024-02-06,3309.307097385174,3825.565705474167
완숙토마토,2024-02-13,4886.9712351945855,3261.153166679579
완숙토마토,2024-02-20,5710.4563515250675,4581.9248685515895
완숙토마토,2024-02-27,5156.212848241782,4410.759058548273
완숙토마토,2024-03-05,4799.096934548467,4091.343126465748
완숙토마토,2024-03-12,5064.1313334120705,4008.661818040034
완숙토마토,2024-03-19,5314.855286473716,4040.4699731505484
완숙토마토,2024-03-26,5232.971708147203,4087.139341917324
완숙토마토,2024-04-02,4640.6930612905835,4019.6913328346004
완숙토마토,2024-04-09,3266.8913226621735,3747.6427371158757
완숙토마토,2024-04-16,3525.272780890593,2873.3465315140566
완숙토마토,2024-04-23,2817.618677905945,3154.7864320453455
완숙토마토,2024-04-30,2568.886796893387,2561.1548021509398
완숙토마토,2024-05-07,3395.8544691271645,2444.499564995669
완숙토마토,2024-05-14,2937.2447948251465,3055.1445448281715
완숙토마토,2024-05-21,1574.664091367148,2711.979317700851
완숙토마토,2024-05-28,1764.0516300109186,1451.8887244852208
완숙토마토,2024-06-04,1772.8703940090204,1914.00024175934
완숙토마토,2024-06-11,1390.5535231973743,2012.6033364216182
완숙토마토,2024-06-18,1127.463475814379,1545.0057244754414
완숙토마토,2024-06-25,1692.8026713595957,1312.1861749985649
완숙토마토,2024-07-02,1583.8196708277014,1979.1016690393199
완숙토마토,2024-07-09,1326.4685400622645,1878.4728953842891
완숙토마토,2024-07-16,1497.903610862429,1599.6401504793112
완숙토마토,2024-07-23,1597.264354121798,1907.5468213429747
완숙토마토,2024-07-30,2319.305108145421,1967.043316724475
완숙토마토,2024-08-06,3392.7632796594485,2600.9930358299735
완숙토마토,2024-08-13,3126.2575521010117,3332.5138268770193
완숙토마토,2024-08-20,2737.1123963486866,3175.816967659903
완숙토마토,2024-08-27,5369.36846627524,2865.3211223495464
완숙토마토,2024-09-03,4414.305979921432,4592.747334248019
완숙토마토,2024-09-10,2044.3528441879637,3798.1286067907386
완숙토마토,2024-09-17,2607.381858036232,2536.892775613796
완숙토마토,2024-09-24,6891.589242053789,2812.1281187761406
완숙토마토,2024-10-01,8901.613626176602,5360.520581558267
완숙토마토,2024-10-08,5945.847217080094,5664.999201599412
완숙토마토,2024-10-15,3805.68129753505,4882.143288975358
완숙토마토,2024-10-22,3608.823758671759,3432.5162484888124
완숙토마토,2024-10-29,4450.657318141981,3573.2858314782707
완숙토마토,2024-11-05,5708.4539357571475,4107.035908303675
완숙토마토,2024-11-12,4526.5867731913,4485.606033926391
완숙토마토,2024-11-19,4178.442863122646,3954.589074813593
완숙토마토,2024-11-26,4241.809921414539,4137.181781570533
완숙토마토,2024-12-03,3499.009985491167,4275.288678836586
완숙토마토,2024-12-10,3139.299873471109,4132.5317529574195
완숙토마토,2024-12-17,2802.7687882056816,3590.9993577333985
완숙토마토,2024-12-24,2367.5268913056398,3052.804505901607
완숙토마토,2024-12-31,2357.712631197973,2857.7130944688465
일반부추,2024-01-02,4992.691630706337,5696.819576774791
일반부추,2024-01-09,6088.603699017671,5843.90377383782
일반부추,2024-01-16,6835.208403728212,6342.509306971538
일반부추,2024-01-23,7933.460991423867,6549.881806767742
일반부추,2024-01-30,9054.472922428742,6669.5285268534635
일반부추,2024-02-06,7329.2196383657765,7381.969853508165
일반부추,2024-02-13,6436.92528402504,6111.170729158731
일반부추,2024-02-20,6500.621937946446,6046.92685395484
일반부추,2024-02-27,7663.615139354307,5656.821476637324
일반부추,2024-03-05,8458.321023449671,6086.126598322029
일반부추,2024-03-12,7802.382823470953,6274.445458150957
일반부추,2024-03-19,4703.960184204092,5742.528160890098
일반부추,2024-03-26,3925.8041112997853,3866.646009997775
일반부추,2024-04-02,3547.768692750766,3681.339532198129
일반부추,2024-04-09,2943.509967407577,3408.0384655441517
일반부추,2024-04-16,2266.896594288939,2845.529827957351
일반부추,2024-04-23,2330.5121064342165,2392.888184465123
일반부추,2024-04-30,2282.48920835827,2374.864747986073
일반부추,2024-05-07,2503.2584020135223,2397.4525540041736
일반부추,2024-05-14,1936.1310189324245,2671.455211861856
일반부추,2024-05-21,1447.8563225210837,1935.4682926453443
일반부추,2024-05-28,1465.4155465033064,1664.4876410187392
일반부추,2024-06-04,1395.2778527357168,1652.0842066789817
일반부추,2024-06-11,1681.8309740744244,1616.5096923651442
일반부추,2024-06-18,2078.5351677602825,1830.2588459961178
일반부추,2024-06-25,1694.8298279383343,2310.867257340107
일반부추,2024-07-02,1761.5428518112662,2029.1719167244323
일반부추,2024-07-09,1860.0846667669878,2091.411669248795
일반부추,2024-07-16,1855.4919446781073,2232.1751578791714
일반부추,2024-07-23,2706.9077147089097,2623.1955077833236
일반부추,2024-07-30,4929.459391233545,3410.266636776582
일반부추,2024-08-06,5403.422103861518,5000.6672062558855
일반부추,2024-08-13,5510.077976647408,4855.132920477599
일반부추,2024-08-20,4844.62679879407,4596.611457269373
일반부추,2024-08-27,4020.1174440071964,4103.08678501688
일반부추,2024-09-03,3808.1831531683915,3632.035696113397
일반부추,2024-09-10,3182.699049719036,3731.762290260627
일반부추,2024-09-17,2363.1545295604815,3050.5821756209853
일반부추,2024-09-24,3440.0064777593034,2710.6483481558635
일반부추,2024-10-01,3834.0516872593676,3886.170951498311
일반부추,2024-10-08,3650.4963108706347,4191.326920339484
일반부추,2024-10-15,3664.900098068034,4039.1464541456853
일반부추,2024-10-22,4059.9990774421426,3934.5251253829006
일반부추,2024-10-29,4302.052329277886,4012.047368917081
일반부추,2024-11-05,6168.3488132415305,4501.6268456129
일반부추,2024-11-12,6520.190331417351,6095.570815967985
일반부추,2024-11-19,7683.0854778917965,6408.67899994288
일반부추,2024-11-26,9842.815152917568,7145.423686659628
일반부추,2024-12-03,7794.177082367895,8888.69998357377
일반부추,2024-12-10,7408.488606195028,6940.646594018188
일반부추,2024-12-17,6307.890369833978,7998.570169615204
일반부추,2024-12-24,7430.595230017641,6232.816114057099
일반부추,2024-12-31,5603.969078065213,7334.40555888073
자주양파,2024-01-02,1231.7059914316771,1309.2009521442765
자주양파,2024-01-09,652.7009222661396,1198.9978475262906
자주양파,2024-01-16,1443.1269950965873,799.637080631723
자주양파,2024-01-23,1112.4285067687117,1163.8222743549777
자주양파,2024-01-30,1442.347507564899,1198.2909578971435
자주양파,2024-02-06,1878.2290413156838,1355.3024809077194
자주양파,2024-02-13,2112.70041131537,1821.6602834425669
자주양파,2024-02-20,1503.4968754155032,2190.186499114839
자주양파,2024-02-27,2902.2333115183246,1362.857071743062
자주양파,2024-03-05,2643.1266149870803,2503.1736897443598
자주양파,2024-03-12,941.3709941137998,2389.5863201978723
자주양파,2024-03-19,873.3537206931702,1093.0057751212148
자주양파,2024-03-26,1153.5493827160494,949.9744523730823
자주양파,2024-04-02,1092.1144859813085,1228.601080779707
자주양파,2024-04-09,1226.5750528541225,1214.6143430318884
자주양파,2024-04-16,1385.557268279606,1219.9113682717655
자주양파,2024-04-23,1229.1400879420326,1263.1740912939765
자주양파,2024-04-30,1300.2094351597207,1138.9533649175853
자주양파,2024-05-07,1011.6088698535507,1277.1551348389871
자주양파,2024-05-14,1201.7930285901532,1024.6766053315569
자주양파,2024-05-21,952.6557498239032,1170.7625383896705
자주양파,2024-05-28,664.8244977300968,881.5367529637816
자주양파,2024-06-04,1043.3006605582782,763.8907653970408
자주양파,2024-06-11,1062.048766149238,1044.7274009792345
자주양파,2024-06-18,1146.0006178726376,1016.740273712255
자주양파,2024-06-25,1113.490745008092,1106.189385310651
자주양파,2024-07-02,778.8526443980516,1095.235975175251
자주양파,2024-07-09,1103.4187896550613,852.6697930956092
자주양파,2024-07-16,1144.4331093970309,1121.983457358056
자주양파,2024-07-23,1561.4989066557332,1138.5003604519948
자주양파,2024-07-30,1143.6470288191788,1540.3752226913327
자주양파,2024-08-06,780.3757621676227,1153.2324948686262
자주양파,2024-08-13,1145.844772180723,862.9296400768998
자주양파,2024-08-20,1024.5699684839917,1180.0390463081842
자주양파,2024-08-27,1160.3156654888103,1066.6261548230857
자주양파,2024-09-03,1146.8302881556222,1283.7203291874227
자주양파,2024-09-10,1564.6755921730175,1074.339660234267
자주양파,2024-09-17,1363.4607130232794,1549.6017355751537
자주양파,2024-09-24,1131.1774023231258,1210.0007232408263
자주양파,2024-10-01,1175.9752414174502,1210.0757404364213
자주양파,2024-10-08,1051.3301850506432,1184.9567998556738
자주양파,2024-10-15,1055.3393397074447,1090.6015657926282
자주양파,2024-10-22,1347.5942350332593,1037.0006053428513
자주양파,2024-10-29,1452.9434795984002,1328.4022137719596
자주양파,2024-11-05,1206.8231952594472,1415.2879193750803
자주양파,2024-11-12,1304.6501356552465,1204.1680078311645
자주양파,2024-11-19,1353.9707211676257,1396.2823553143717
자주양파,2024-11-26,1347.722243297926,1328.6793611200308
자주양파,2024-12-03,1344.6621287488729,1451.311774596324
자주양파,2024-12-10,1521.2774494783687,1404.6626457570553
자주양파,2024-12-17,1683.9554794520548,1647.2203672500748
자주양파,2024-12-24,1891.3149234511375,1684.8520887568625
자주양파,2024-12-31,1587.413990825688,2017.2040925874157
적채(일반),2024-01-02,1146.125421149875,1183.9513731602856
적채(일반),2024-01-09,1098.1081298200513,1210.6060693349802
적채(일반),2024-01-16,1524.070684677253,1097.743354309933
적채(일반),2024-01-23,1201.7781179360304,1477.026413832297
적채(일반),2024-01-30,1973.8281042628869,1207.5808226631136
적채(일반),2024-02-06,1347.6384273080605,1824.220738889104
적채(일반),2024-02-13,1104.1020600287961,1243.2327775448862
적채(일반),2024-02-20,1292.017908069116,1156.611264191078
적채(일반),2024-02-27,1180.2350075099828,1243.3004623338118
적채(일반),2024-03-05,1151.1130835781912,1237.8681051545643
적채(일반),2024-03-12,1673.7839122170383,1204.0053376213596
적채(일반),2024-03-19,1915.2741726151849,1533.4738757331686
적채(일반),2024-03-26,1670.2220077220077,1710.6541713004772
적채(일반),2024-04-02,1481.1802099452134,1601.9106984220864
적채(일반),2024-04-09,2035.359567513201,1489.9363714645942
적채(일반),2024-04-16,1990.9706640073132,1746.6710431309664
적채(일반),2024-04-23,2289.009397718541,1774.7553063479468
적채(일반),2024-04-30,2094.310207336523,2029.9229280224024
적채(일반),2024-05-07,1528.8714774822229,1851.4851997311744
적채(일반),2024-05-14,1630.472046413502,1516.5328791765698
적채(일반),2024-05-21,1348.7388326997764,1525.7598028376974
적채(일반),2024-05-28,951.6363961852684,1243.9907379631966
적채(일반),2024-06-04,1010.1638563567095,992.3353402305167
적채(일반),2024-06-11,982.4938634299078,1016.845540248453
적채(일반),2024-06-18,961.2777189435512,1022.1194343797769
적채(일반),2024-06-25,860.7008129217363,1050.7714937108892
적채(일반),2024-07-02,1135.7499719321881,1015.993016390593
적채(일반),2024-07-09,1307.0525138382998,1261.783616154171
적채(일반),2024-07-16,1303.7569634804138,1446.5333963578698
적채(일반),2024-07-23,1530.4982170659434,1491.4815251984585
적채(일반),2024-07-30,1350.9336191471646,1686.6793476962546
적채(일반),2024-08-06,1627.142173288655,1392.412186440941
적채(일반),2024-08-13,1269.9302198658975,1661.005489436288
적채(일반),2024-08-20,1363.3362119807903,1358.0709295009583
적채(일반),2024-08-27,1319.0413249892101,1420.2924159915246
적채(일반),2024-09-03,1553.1458531935177,1385.8674447815556
적채(일반),2024-09-10,2172.8371995695325,1531.8340275168714
적채(일반),2024-09-17,1630.8146330060777,2222.6253779152808
적채(일반),2024-09-24,1720.6760481042259,1626.1410286019516
적채(일반),2024-10-01,1845.9589759614312,1698.6020411232064
적채(일반),2024-10-08,2014.7995123272826,1813.6618274241252
적채(일반),2024-10-15,2383.735072976559,1868.9352326586666
적채(일반),2024-10-22,1934.2302606910978,2127.7303690869244
적채(일반),2024-10-29,1862.3920945024988,1738.4205479220047
적채(일반),2024-11-05,2009.367255530546,1812.2207773642863
적채(일반),2024-11-12,1743.207599555767,1906.3052784303466
적채(일반),2024-11-19,1304.473326747345,1677.2888961725655
적채(일반),2024-11-26,1208.5082932049224,1390.1515047289276
적채(일반),2024-12-03,1390.6052657145633,1281.0739963432345
적채(일반),2024-12-10,1783.9276552077988,1486.7078609970304
적채(일반),2024-12-17,2486.1374234916934,1812.895368078225
적채(일반),2024-12-24,2779.977525118985,2375.4384159779274
적채(일반),2024-12-31,2490.421666178909,2609.148680481956
쥬키니호박,2024-01-02,1811.994710492331,1479.46718267724
쥬키니호박,2024-01-09,1966.3312727432153,1968.0652757343614
쥬키니호박,2024-01-16,3182.965463027034,1971.7537661253978
쥬키니호박,2024-01-23,2360.200125540007,2561.280913020005
쥬키니호박,2024-01-30,2136.820402928619,2041.9870883998442
쥬키니호박,2024-02-06,2064.9245388485188,2195.539097812174
쥬키니호박,2024-02-13,4130.259085683969,1901.9755417387414
쥬키니호박,2024-02-20,5622.80931043067,3596.9163904232096
쥬키니호박,2024-02-27,5190.365094498346,3512.8193008030494
쥬키니호박,2024-03-05,3110.456475583864,3317.657254337385
쥬키니호박,2024-03-12,2185.076454012103,2315.7624386307134
쥬키니호박,2024-03-19,2267.426997245179,1949.1501306798655
쥬키니호박,2024-03-26,2337.511131942817,2181.14799938568
쥬키니호박,2024-04-02,1334.7617696086857,2027.4061322934092
쥬키니호박,2024-04-09,943.7514758091577,1158.6859116126884
쥬키니호박,2024-04-16,917.6977582749597,860.6592700757303
쥬키니호박,2024-04-23,727.696729521404,907.5613217755961
쥬키니호박,2024-04-30,940.6838266766258,839.1138278367218
쥬키니호박,2024-05-07,719.2198177676538,986.9810254491251
쥬키니호박,2024-05-14,618.4929577464789,822.8873563583131
쥬키니호박,2024-05-21,705.7215877693866,704.0348772857609
쥬키니호박,2024-05-28,571.2880993624,921.9811270011901
쥬키니호박,2024-06-04,428.91704661930515,638.6920118593874
쥬키니호박,2024-06-11,606.7229610450747,575.8701814724409
쥬키니호박,2024-06-18,1020.5434840638513,832.3563556327833
쥬키니호박,2024-06-25,747.2487906772208,1170.7713013307427
쥬키니호박,2024-07-02,1063.2759401903036,1032.5464784586197
쥬키니호박,2024-07-09,922.631115028647,1423.6755240389448
쥬키니호박,2024-07-16,942.1828710940407,1205.5736347808254
쥬키니호박,2024-07-23,3080.298095401355,1450.3290741298063
쥬키니호박,2024-07-30,3632.1172373091276,2713.003122791114
쥬키니호박,2024-08-06,1087.7722645659624,2995.149931886868
쥬키니호박,2024-08-13,805.4994853756757,1084.4869388082134
쥬키니호박,2024-08-20,1595.6573615849068,827.5566742608091
쥬키니호박,2024-08-27,1644.4073650013497,1776.7022533341556
쥬키니호박,2024-09-03,869.9118236751004,1552.8371300427855
쥬키니호박,2024-09-10,3130.157940554657,1059.2276306457975
쥬키니호박,2024-09-17,5057.222354143652,2774.910111233973
쥬키니호박,2024-09-24,4155.816516550754,3368.3595535442314
쥬키니호박,2024-10-01,1917.3816781252492,2615.9458834720667
쥬키니호박,2024-10-08,1436.776371308017,1477.704758575169
쥬키니호박,2024-10-15,2193.1110786615295,1296.9674846822932
쥬키니호박,2024-10-22,2078.4720016936594,2102.3120307807753
쥬키니호박,2024-10-29,2145.4776872675757,1759.2110133225326
쥬키니호박,2024-11-05,1427.1866952789699,1735.8996430080401
쥬키니호박,2024-11-12,1301.5687015687015,1240.263929922629
쥬키니호박,2024-11-19,1216.9299381383973,1435.4542432874734
쥬키니호박,2024-11-26,1385.8270603187018,1318.7670772407014
쥬키니호박,2024-12-03,1573.5333678220384,1502.9129026999767
쥬키니호박,2024-12-10,2417.2287512865314,1681.4607343215903
쥬키니호박,2024-12-17,1906.088259329883,2263.2204187191905
쥬키니호박,2024-12-24,1291.9513083183263,1886.6564568411839
쥬키니호박,2024-12-31,1493.4528301886792,1427.344107125386
쪽파(일반),2024-01-02,6363.14253647587,6156.234261288556
쪽파(일반),2024-01-09,6847.58163803717,5847.0845915767295
쪽파(일반),2024-01-16,6907.954545454545,6183.308686260024
쪽파(일반),2024-01-23,8379.083684881782,5778.116410745856
쪽파(일반),2024-01-30,9139.308167615553,6440.098408777746
쪽파(일반),2024-02-06,6170.607950487979,6403.787569642747
쪽파(일반),2024-02-13,4601.992482351862,5170.491625745246
쪽파(일반),2024-02-20,4368.367510413329,3918.2615857033593
쪽파(일반),2024-02-27,4916.811306719564,3307.391932422784
쪽파(일반),2024-03-05,5153.397898207294,4085.940558390715
쪽파(일반),2024-03-12,4199.056040487902,4088.3513564837904
쪽파(일반),2024-03-19,3590.5280299819306,3475.493827251962
쪽파(일반),2024-03-26,3073.9649967276796,3353.618443930925
쪽파(일반),2024-04-02,3032.2694958836623,2991.30301019268
쪽파(일반),2024-04-09,3607.9129321382843,2861.5189426065313
쪽파(일반),2024-04-16,3653.2548429050585,3468.1856682098955
쪽파(일반),2024-04-23,5168.899218254806,3728.694677723872
쪽파(일반),2024-04-30,4471.641791044776,4447.355847934164
쪽파(일반),2024-05-07,3826.81307004339,3707.276160333085
쪽파(일반),2024-05-14,4379.514022281983,3740.244112334184
쪽파(일반),2024-05-21,5670.335954253038,3900.2057590481454
쪽파(일반),2024-05-28,5562.971874222186,4566.420988029348
쪽파(일반),2024-06-04,5341.05312837109,4500.667029858983
쪽파(일반),2024-06-11,5748.738051028127,4391.497233414135
쪽파(일반),2024-06-18,5503.666282360339,4563.423135923396
쪽파(일반),2024-06-25,5574.135451191295,4574.510156306269
쪽파(일반),2024-07-02,4730.16501650165,4456.80030584553
쪽파(일반),2024-07-09,5261.448602304188,4315.243992044337
쪽파(일반),2024-07-16,4404.656232967375,4493.03114853509
쪽파(일반),2024-07-23,4558.252178370067,4699.898021286287
쪽파(일반),2024-07-30,5324.130434782609,4612.347646531196
쪽파(일반),2024-08-06,6055.271238485158,4899.099587001168
쪽파(일반),2024-08-13,6823.526519574703,5412.130212614844
쪽파(일반),2024-08-20,9295.814106789716,6110.266241821215
쪽파(일반),2024-08-27,7363.756182892991,7472.495145397179
쪽파(일반),2024-09-03,6943.755955260419,6434.60191842408
쪽파(일반),2024-09-10,6108.843816469158,6059.110337181916
쪽파(일반),2024-09-17,5743.370810888977,4966.426778209081
쪽파(일반),2024-09-24,6237.123649918756,4442.701921000091
쪽파(일반),2024-10-01,5190.398104705719,5432.788888955531
쪽파(일반),2024-10-08,3040.5153158902363,4969.102614845166
쪽파(일반),2024-10-15,3815.951972555746,3392.7091637893614
쪽파(일반),2024-10-22,3993.396538419138,3968.327348086283
쪽파(일반),2024-10-29,4210.420683955767,4161.633718893839
쪽파(일반),2024-11-05,5867.077938380976,4552.7957495760165
쪽파(일반),2024-11-12,4755.998092450379,5447.02792281126
쪽파(일반),2024-11-19,7478.007181328546,4973.911578630681
쪽파(일반),2024-11-26,5783.227659996037,7071.120619878223
쪽파(일반),2024-12-03,6598.734041411865,5857.082130447491
쪽파(일반),2024-12-10,6997.573919636088,6736.339707293664
쪽파(일반),2024-12-17,8104.907612712491,7825.260043059688
쪽파(일반),2024-12-24,9763.8670528203,8829.952268336143
쪽파(일반),2024-12-31,6939.872384626799,10104.665949331955
청고추,2024-01-02,7672.768612037841,5955.074189141408
청고추,2024-01-09,7384.685707456979,7297.589793101102
청고추,2024-01-16,7389.826211106735,7102.899277462486
청고추,2024-01-23,8907.147695127296,7615.994197188429
청고추,2024-01-30,9256.72314328777,8443.30736587052
청고추,2024-02-06,9277.720613882108,8851.154997606096
청고추,2024-02-13,7093.787624825893,8501.399873571285
청고추,2024-02-20,8228.530980035548,6863.19008121684
청고추,2024-02-27,9048.719939944604,7160.124443756969
청고추,2024-03-05,9626.229888870459,7555.253183781523
청고추,2024-03-12,10070.298520882974,7300.022609476408
청고추,2024-03-19,4846.855020398222,6838.733941519536
청고추,2024-03-26,4747.896692761017,3824.297485699498
청고추,2024-04-02,4390.257609754032,4106.354310392113
청고추,2024-04-09,5276.541870992079,4245.434612754279
청고추,2024-04-16,4827.260829849278,4233.40013474677
청고추,2024-04-23,3992.5409246985546,3751.0590875044336
청고추,2024-04-30,3009.0449206878297,3876.238848471484
청고추,2024-05-07,3932.383823261648,3305.126243553409
청고추,2024-05-14,3407.6186401120276,3932.84169220214
청고추,2024-05-21,2803.344590601307,3413.4905500249965
청고추,2024-05-28,2420.2536469503875,3118.8959880687926
청고추,2024-06-04,2866.4316908762935,2861.1908048687114
청고추,2024-06-11,3295.930132758715,3356.2685562108463
청고추,2024-06-18,3503.9842055185536,3460.7934376708986
청고추,2024-06-25,3409.125769671542,3464.0766372686444
청고추,2024-07-02,4894.905492887609,3243.1699473935214
청고추,2024-07-09,3569.7486482250606,3898.013906783147
청고추,2024-07-16,6318.262375571698,3722.5425189232683
청고추,2024-07-23,3877.264581466586,4922.286560738798
청고추,2024-07-30,3841.2807317825977,4390.883816463272
청고추,2024-08-06,7475.264444444444,4286.083021735479
청고추,2024-08-13,5709.809409248864,6310.991353604653
청고추,2024-08-20,4592.444650550503,4398.273778157085
청고추,2024-08-27,6539.781621756503,4705.673085675829
청고추,2024-09-03,6184.448763038041,5605.426542908202
청고추,2024-09-10,3617.4647412043164,5243.750666818408
청고추,2024-09-17,3534.256287248227,3844.7211611211023
청고추,2024-09-24,5108.808567255065,3713.201490983241
청고추,2024-10-01,8132.350402404333,4779.841266892177
청고추,2024-10-08,7523.908043308277,6939.227162333678
청고추,2024-10-15,5901.98196542472,6128.990148186277
청고추,2024-10-22,4589.149095781953,4951.277742414195
청고추,2024-10-29,3409.621379830068,3935.9406739871915
청고추,2024-11-05,5994.336627556579,3770.880661749
청고추,2024-11-12,4529.662941509748,5739.091627616562
청고추,2024-11-19,4191.55843620026,4530.038439773047
청고추,2024-11-26,3646.545463564661,4350.8687557605635
청고추,2024-12-03,4146.738377975398,3893.828835779771
청고추,2024-12-10,4640.739847205468,4704.454602422099
청고추,2024-12-17,3771.4895227471916,5186.198331913827
청고추,2024-12-24,4455.675583719644,4501.227120635527
청고추,2024-12-31,3894.9035245690766,4971.083470399552
청양,2024-01-02,6778.537568698768,6360.897712619355
청양,2024-01-09,9896.0226210981,7072.335365985812
청양,2024-01-16,10101.58894504642,10221.14674014208
청양,2024-01-23,11832.658954986984,9823.206560331288
청양,2024-01-30,11420.330342075658,10893.699069956336
청양,2024-02-06,14277.096475482713,10362.929769452749
청양,2024-02-13,14270.733529080131,11316.372887954774
청양,2024-02-20,15864.535229503259,11690.775733565262
청양,2024-02-27,15425.519735417782,10405.569835412445
청양,2024-03-05,14756.57290812306,10387.218561755777
청양,2024-03-12,15087.834194102736,10127.896930444114
청양,2024-03-19,9372.438355763818,9320.893584786774
청양,2024-03-26,6503.379905580438,6147.230086487065
청양,2024-04-02,4852.173209773236,5156.1822210328455
청양,2024-04-09,5377.07899326701,4331.721641695801
청양,2024-04-16,4926.841304023272,4661.629073890636
청양,2024-04-23,4298.165633201928,4410.64745480442
청양,2024-04-30,3397.422613464175,3885.131025392667
청양,2024-05-07,3431.8244401539177,3316.8242501891937
청양,2024-05-14,3608.195815254613,3468.679602973289
청양,2024-05-21,3235.1366664988986,3717.8999947350085
청양,2024-05-28,3107.623001132383,3291.420314179742
청양,2024-06-04,2452.9444098223976,3361.84315216555
청양,2024-06-11,2758.2764243417,2619.5554754994837
청양,2024-06-18,2824.0755351583157,2900.7938484579026
청양,2024-06-25,3365.057527055319,2946.858804758357
청양,2024-07-02,4712.631950531309,3356.342232623051
청양,2024-07-09,5092.759332166612,4106.28269873996
청양,2024-07-16,4377.860429899466,4307.873584005591
청양,2024-07-23,3873.380825441122,3634.8777295943496
청양,2024-07-30,2971.2988008295015,3663.2970846820467
청양,2024-08-06,3770.5141667741536,2994.6370088115577
청양,2024-08-13,5093.713517694347,3662.5039102119804
청양,2024-08-20,4156.717300945149,4547.4332178915265
청양,2024-08-27,5302.771786204832,3967.725532828877
청양,2024-09-03,6094.908004770214,5002.140445939253
청양,2024-09-10,5177.108147153676,5668.180456493575
청양,2024-09-17,3465.513299885428,4659.031036586533
청양,2024-09-24,4073.8946237343243,3602.578183227652
청양,2024-10-01,4209.542301243629,4173.350586122735
청양,2024-10-08,5927.087186414512,4440.7477963963765
청양,2024-10-15,6545.735283726167,5740.275894723761
청양,2024-10-22,6847.266163747435,6083.645765091131
청양,2024-10-29,5578.334006761412,6094.391337306564
청양,2024-11-05,5437.223361242512,4844.979089639257
청양,2024-11-12,4236.213367455792,5183.32416235957
청양,2024-11-19,4277.333971137203,4492.998019620309
청양,2024-11-26,4005.3754312553574,4544.582904857535
청양,2024-12-03,4479.829480139692,4328.983610517899
청양,2024-12-10,5359.331399854989,4868.2021451342625
청양,2024-12-17,4529.113031641024,5617.906721010088
청양,2024-12-24,5204.45252241382,4683.440039355324
청양,2024-12-31,4648.133564809033,5763.742147402554
청초(일반),2024-01-02,5655.421686746988,5788.39751713014
청초(일반),2024-01-09,5785.148514851485,5251.573453211246
청초(일반),2024-01-16,5327.027027027027,5708.012300018132
청초(일반),2024-01-23,6346.546546546547,4978.725277608347
청초(일반),2024-01-30,5103.603603603604,5747.598357003513
청초(일반),2024-02-06,6877.133105802048,5011.811599758505
청초(일반),2024-02-13,6907.621247113164,6456.200748117223
청초(일반),2024-02-20,7785.310734463277,6683.335370082206
청초(일반),2024-02-27,6401.559454191033,6498.181274833911
청초(일반),2024-03-05,6286.863905325444,5302.372843735364
청초(일반),2024-03-12,7409.302325581395,4958.346118788779
청초(일반),2024-03-19,6559.342758884219,5961.44707420372
청초(일반),2024-03-26,4793.050699300699,4450.460045927859
청초(일반),2024-04-02,5305.445544554455,4286.265669196829
청초(일반),2024-04-09,5637.493246893571,4582.1899330072465
청초(일반),2024-04-16,5544.6848541862655,4597.479714621387
청초(일반),2024-04-23,4811.756220699604,4385.896789524194
청초(일반),2024-04-30,4681.464174454829,4093.467811759352
청초(일반),2024-05-07,3848.371596369461,4032.2400337441536
청초(일반),2024-05-14,4442.959427207637,3512.4266069226537
청초(일반),2024-05-21,3333.4107626790556,3655.6723059378255
청초(일반),2024-05-28,2686.0254083484574,3518.8663218186693
청초(일반),2024-06-04,2637.548039969254,2925.349078676737
청초(일반),2024-06-11,3266.6975881261596,2776.71742236006
청초(일반),2024-06-18,3245.0301204819275,3416.3076180707717
청초(일반),2024-06-25,3747.2904945217647,3162.8029539844297
청초(일반),2024-07-02,3260.021023125438,3191.1586860901243
청초(일반),2024-07-09,2504.540736896731,2965.327532945465
청초(일반),2024-07-16,2383.5187057633975,2434.3341931139316
청초(일반),2024-07-23,2305.268340718858,2327.6918145844907
청초(일반),2024-07-30,1682.7470174365249,2203.2007630280123
청초(일반),2024-08-06,2776.9881556683586,1989.0842201754715
청초(일반),2024-08-13,3740.086473131563,2537.485041109201
청초(일반),2024-08-20,3107.2195121951218,3385.2911463046344
청초(일반),2024-08-27,4652.73492286115,3041.69796804052
청초(일반),2024-09-03,2692.1364985163204,3711.383985365775
청초(일반),2024-09-10,2721.594360086768,2609.289221463639
청초(일반),2024-09-17,1426.608187134503,2632.360886349037
청초(일반),2024-09-24,1769.7071171531388,1775.1641740522632
청초(일반),2024-10-01,2086.6130363036305,2226.0667540795102
청초(일반),2024-10-08,2144.8131066659516,2143.1315221481495
청초(일반),2024-10-15,1616.7073515653894,2202.3380518386034
청초(일반),2024-10-22,1823.341886703753,1959.752184642798
청초(일반),2024-10-29,1777.3713744844838,2005.4583143012176
청초(일반),2024-11-05,2187.4988631195997,2055.0956790105156
청초(일반),2024-11-12,2281.657963446475,2202.3619206354497
청초(일반),2024-11-19,3373.5637663885577,2262.3366364575895
청초(일반),2024-11-26,3987.599364069952,3380.69643722318
청초(일반),2024-12-03,3722.5854383358096,3963.724951134692
청초(일반),2024-12-10,4946.581196581196,4513.285963106079
청초(일반),2024-12-17,4750.0,5061.052346804684
청초(일반),2024-12-24,3913.40206185567,5056.218167316573
청초(일반),2024-12-31,4534.722222222223,4129.189341025665
청피망,2024-01-02,5704.840456449807,6348.710926105475
청피망,2024-01-09,10959.469087250778,6578.707249643368
청피망,2024-01-16,11864.014381741441,10457.605950859257
청피망,2024-01-23,11471.582373002251,10296.65386158118
청피망,2024-01-30,7920.911167550833,10088.898111756145
청피망,2024-02-06,8702.49046027527,7054.369185271142
청피망,2024-02-13,8253.97494911539,8250.805504757307
청피망,2024-02-20,9501.138928173803,7989.343652235053
청피망,2024-02-27,7558.878241324489,7391.087115468817
청피망,2024-03-05,5656.994018147647,5783.342079111196
청피망,2024-03-12,4933.718833929562,4619.4790193691915
청피망,2024-03-19,5028.0282835806265,4752.721595384464
청피망,2024-03-26,5620.571924231058,4570.431080764738
청피망,2024-04-02,3131.0132003426165,4435.42919149329
청피망,2024-04-09,2322.278786228111,2947.1948484139098
청피망,2024-04-16,2243.245080595905,2460.466107722636
청피망,2024-04-23,2519.480286060239,2540.048522500846
청피망,2024-04-30,1952.7967487533933,2462.1799001999434
청피망,2024-05-07,1628.0727245785038,2017.4077039745484
청피망,2024-05-14,2030.0471419600933,1823.4149077571751
청피망,2024-05-21,2466.182164144091,2115.46226789535
청피망,2024-05-28,2610.6990266816692,2517.3918375432654
청피망,2024-06-04,1729.0586506552675,2499.606114384891
청피망,2024-06-11,2203.5417368107533,1820.071060373161
청피망,2024-06-18,3353.8947566246948,2438.326768750907
청피망,2024-06-25,2283.4040336894623,3180.654157920597
청피망,2024-07-02,1392.6893868366774,1838.6155073813434
청피망,2024-07-09,958.8863923419531,1462.8972865917324
청피망,2024-07-16,1183.796826753151,1153.2498922755212
청피망,2024-07-23,2235.072272682879,1774.2432344779836
청피망,2024-07-30,1976.3691338675815,2811.134183928944
청피망,2024-08-06,1733.8529846367037,2429.9175837870316
청피망,2024-08-13,3198.9777764144724,2466.3137227686207
청피망,2024-08-20,3554.6324799646704,3130.0436026369284
청피망,2024-08-27,4075.1834727496826,3464.8839203094776
청피망,2024-09-03,4685.099004895225,3954.456470878058
청피망,2024-09-10,4569.660963001174,4210.048852432317
청피망,2024-09-17,4909.352482960078,4458.487843215164
청피망,2024-09-24,4849.331675939585,5109.4234563475065
청피망,2024-10-01,3668.6887738096207,4390.767443249148
청피망,2024-10-08,5761.336261642676,3839.2514744327354
청피망,2024-10-15,7685.272463008411,5043.390204885015
청피망,2024-10-22,7301.145820635853,6483.150783415295
청피망,2024-10-29,5287.090253538414,5637.946258169036
청피망,2024-11-05,4196.53973443383,4314.697549984462
청피망,2024-11-12,3824.3102725366875,3743.5553211560473
청피망,2024-11-19,3303.3970489913545,3702.4855933973445
청피망,2024-11-26,2751.656695812241,3438.7908911131753
청피망,2024-12-03,3110.153511720676,3072.4573878044844
청피망,2024-12-10,3646.7698797474845,4123.005990125085
청피망,2024-12-17,4101.430668139792,4906.175690359724
청피망,2024-12-24,4844.740161705781,4821.13631637325
청피망,2024-12-31,4633.39044262184,6026.325298170652
취청,2024-01-02,3982.2892685488105,4972.74849794212
취청,2024-01-09,4433.427609909781,4561.793341019571
취청,2024-01-16,6284.30526368458,4853.953340723309
취청,2024-01-23,5885.28526835369,5373.645247019253
취청,2024-01-30,6881.508282476025,5139.792914287732
취청,2024-02-06,4457.881042325187,5580.3121068999835
취청,2024-02-13,5148.802530848556,4078.252554463354
취청,2024-02-20,6683.3446760334045,4757.40207097286
취청,2024-02-27,5802.558653299571,4959.179784930776
취청,2024-03-05,4949.93683045503,4354.706968292008
취청,2024-03-12,3215.0829808005205,3725.79162005277
취청,2024-03-19,3374.601754687769,3129.1507448560365
취청,2024-03-26,4363.468834688347,3482.116345926322
취청,2024-04-02,3690.6494004100823,3848.7195544728957
취청,2024-04-09,2205.220154571081,3159.2376972927295
취청,2024-04-16,2243.0795746669783,2284.8108685118436
취청,2024-04-23,2275.9817942149375,2588.0787535390064
취청,2024-04-30,1956.8607093705484,2250.18529245261
취청,2024-05-07,1421.5597946446546,1882.9931635699684
취청,2024-05-14,1018.0197729462528,1817.5997036016709
취청,2024-05-21,981.5407492897727,1112.961123423422
취청,2024-05-28,1188.9340754354637,1065.9440360598503
취청,2024-06-04,934.6228056165855,1445.6584982841248
취청,2024-06-11,1457.586535499769,1083.1265448352428
취청,2024-06-18,2067.39000338251,1784.3048976467921
취청,2024-06-25,2230.7972491085075,2214.172623585981
취청,2024-07-02,3171.9441093687174,2197.8084111390244
취청,2024-07-09,2560.3405620627004,2499.2448903194954
취청,2024-07-16,2067.11150349821,2270.145218201409
취청,2024-07-23,2189.350409599631,2089.1781773137764
취청,2024-07-30,1839.547949116518,2224.824074150051
취청,2024-08-06,2071.8185306635037,1881.9493220694596
취청,2024-08-13,2073.9837250699316,2092.252790572807
취청,2024-08-20,3734.560734004547,2180.4764855082726
취청,2024-08-27,2296.614033323276,3394.3197147744204
취청,2024-09-03,2115.2172423245615,2038.8537861744794
취청,2024-09-10,2069.7476652854225,2230.9488979953817
취청,2024-09-17,5133.651321547348,2328.388729155421
취청,2024-09-24,4372.212046018498,4083.28202104828
취청,2024-10-01,2793.3469206187815,3218.9574513311272
취청,2024-10-08,2028.2111373510484,2512.36030468158
취청,2024-10-15,2331.6922443094036,1943.3466553472178
취청,2024-10-22,4068.1547586657234,2471.8784857351193
취청,2024-10-29,4608.947701725685,3552.524917992295
취청,2024-11-05,4699.658105310279,3833.011124245868
취청,2024-11-12,3989.54494712456,4342.521330581495
취청,2024-11-19,3879.3424521002453,4143.180889062636
취청,2024-11-26,4747.863222603145,3793.084848392947
취청,2024-12-03,3721.8116542391604,4528.719714318265
취청,2024-12-10,3852.1178585472726,4254.417342616293
취청,2024-12-17,3338.5812894698192,4599.50865423601
취청,2024-12-24,3170.8844405012755,3423.7720618154717
취청,2024-12-31,3335.391428943598,3425.0095399794454
치커리(일반),2024-01-02,7510.84651769695,6038.67098238512
치커리(일반),2024-01-09,7682.125711733839,5960.424763229924
치커리(일반),2024-01-16,5186.495564184688,4772.201102072332
치커리(일반),2024-01-23,3177.4818315679477,3412.857989969424
치커리(일반),2024-01-30,1201.8102546215557,2754.617660717471
치커리(일반),2024-02-06,1214.4482738130607,1381.1768189769891
치커리(일반),2024-02-13,1057.3048511328318,1514.2090622885087
치커리(일반),2024-02-20,1594.734833176164,1270.9978189544624
치커리(일반),2024-02-27,1723.3499007997382,1833.4799116409445
치커리(일반),2024-03-05,2057.306290636518,1883.0030942984617
치커리(일반),2024-03-12,1843.6124620343974,2067.258493789375
치커리(일반),2024-03-19,1688.9531300443166,2204.27019173615
치커리(일반),2024-03-26,1918.3936029234599,2091.99550026909
치커리(일반),2024-04-02,1952.752961418834,2131.5640195985893
치커리(일반),2024-04-09,1705.5399487730315,2106.3680578077215
치커리(일반),2024-04-16,2515.2792690141773,2095.6553704727366
치커리(일반),2024-04-23,2996.740355711423,2609.2348307265256
치커리(일반),2024-04-30,2338.5026912767767,2915.8610106928345
치커리(일반),2024-05-07,3003.65980481041,2369.904697839504
치커리(일반),2024-05-14,2385.682683755616,2946.4316576087904
치커리(일반),2024-05-21,1881.8890835069117,2170.9907986104067
치커리(일반),2024-05-28,2740.863117073682,2097.632514616343
치커리(일반),2024-06-04,2584.025587101297,2917.154277918043
치커리(일반),2024-06-11,4230.991261908576,2544.118259584776
치커리(일반),2024-06-18,3962.8939757855005,3769.0158618270825
치커리(일반),2024-06-25,2420.7841682127396,3678.6082251960584
치커리(일반),2024-07-02,3972.864037935025,2913.862537462448
치커리(일반),2024-07-09,5394.5056332249815,4661.869728498011
치커리(일반),2024-07-16,4973.570419784249,5942.983383635675
치커리(일반),2024-07-23,5487.186395304939,6059.478966148157
치커리(일반),2024-07-30,6373.256806910369,6096.0235166367565
치커리(일반),2024-08-06,6147.089327534292,5609.551870855797
치커리(일반),2024-08-13,7440.268065268066,5354.8851417252035
치커리(일반),2024-08-20,7977.075327944879,5676.339841955339
치커리(일반),2024-08-27,7672.17289650478,5554.270964730144
치커리(일반),2024-09-03,6018.3972230606705,5317.44338506744
치커리(일반),2024-09-10,6141.094877425716,4621.681132147659
치커리(일반),2024-09-17,6853.002479243542,4827.263008083217
치커리(일반),2024-09-24,7214.435238923667,5301.035822783196
치커리(일반),2024-10-01,3844.8428184281843,5064.7068389997
치커리(일반),2024-10-08,2208.587260743951,3001.786559907362
치커리(일반),2024-10-15,1941.2635551775463,2168.421589061676
치커리(일반),2024-10-22,2713.457306338028,1936.3315596376453
치커리(일반),2024-10-29,2153.057463561736,2592.796787559158
치커리(일반),2024-11-05,1622.516475469856,2126.7650325446416
치커리(일반),2024-11-12,961.0565140083618,1747.6952322008758
치커리(일반),2024-11-19,1374.70594385488,1406.193460730581
치커리(일반),2024-11-26,1436.663734813919,1772.4431076326466
치커리(일반),2024-12-03,2513.3829854445607,1853.6573535141129
치커리(일반),2024-12-10,3096.699478865084,3001.523993589451
치커리(일반),2024-12-17,2940.613656205486,3466.9802894506706
치커리(일반),2024-12-24,3089.0771904874773,3178.1298224212405
치커리(일반),2024-12-31,1593.6375929682217,2993.792418163411
치콘,2024-01-02,10347.629310344828,12118.413146071282
치콘,2024-01-09,10805.792682926829,7671.963033006183
치콘,2024-01-16,7165.833333333333,6743.814761858596
치콘,2024-01-23,5473.299319727891,6264.110158593961
치콘,2024-01-30,7735.606060606061,4810.9276864510875
치콘,2024-02-06,3249.1484184914843,6302.653335076902
치콘,2024-02-13,2539.1304347826085,3648.867669687615
치콘,2024-02-20,7281.309904153354,3234.6872661837147
치콘,2024-02-27,4814.861751152073,5934.230192823531
치콘,2024-03-05,4484.473684210527,4192.984056499422
치콘,2024-03-12,3858.0388692579504,4099.593652436024
치콘,2024-03-19,2173.4146341463415,3330.74807390654
치콘,2024-03-26,1544.8387096774193,2505.6675273162987
치콘,2024-04-02,2096.2755102040815,2309.6228252684764
치콘,2024-04-09,1554.655612244898,1977.6926951200676
치콘,2024-04-16,1661.447963800905,2447.5236164704324
치콘,2024-04-23,2185.9210526315787,2196.258920033061
치콘,2024-04-30,1542.382154882155,2155.546231851991
치콘,2024-05-07,1505.132275132275,1985.9356644421048
치콘,2024-05-14,1399.942857142857,2072.047436118965
치콘,2024-05-21,1735.6005788712012,1856.2814712041798
치콘,2024-05-28,1777.7535441657578,2077.1504421002023
치콘,2024-06-04,2278.0133928571427,2251.7029424986745
치콘,2024-06-11,2518.198992443325,2259.1704249414943
치콘,2024-06-18,2604.2527339003645,2407.4002345476365
치콘,2024-06-25,1958.9877835951133,2668.1357036379864
치콘,2024-07-02,3104.512067156348,2342.1542604930382
치콘,2024-07-09,3859.145775301764,2972.5820458768353
치콘,2024-07-16,3346.633529145956,3527.1432287952366
치콘,2024-07-23,6172.373141978473,3532.483723994467
치콘,2024-07-30,6421.9074598678,6850.616823320351
치콘,2024-08-06,5902.739726027397,6654.997823968139
치콘,2024-08-13,6452.984429065744,5550.191811202654
치콘,2024-08-20,6338.353702372394,6336.767192687941
치콘,2024-08-27,7756.770833333333,6509.740822308134
치콘,2024-09-03,8928.69529314616,7162.312021270391
치콘,2024-09-10,7039.371428571429,7569.927431140864
치콘,2024-09-17,10842.195367573011,6614.016391952475
치콘,2024-09-24,10368.524727577536,7612.789495822968
치콘,2024-10-01,7709.008097165992,5939.747545011389
치콘,2024-10-08,4774.225774225774,5331.433650418524
치콘,2024-10-15,8618.156424581006,4308.701457484619
치콘,2024-10-22,9514.197530864198,7057.74971777444
치콘,2024-10-29,8496.938775510203,6365.1623129544
치콘,2024-11-05,2971.9594594594596,6368.946631863594
치콘,2024-11-12,1841.5374677002585,2901.11488888451
치콘,2024-11-19,1525.9528130671506,2645.8415301805603
치콘,2024-11-26,2604.862385321101,2344.8897737324287
치콘,2024-12-03,4036.1979166666665,2784.166627570549
치콘,2024-12-10,5022.135922330097,4793.418105206337
치콘,2024-12-17,6808.108108108108,6002.160152858857
치콘,2024-12-24,5097.7040816326535,7162.84173990653
치콘,2024-12-31,4257.762557077625,5049.8473490718225
토마토(일반),2024-01-02,3816.1833657839907,3536.9941668331353
토마토(일반),2024-01-09,5241.2821384524905,3896.1146059564253
토마토(일반),2024-01-16,5612.576025163395,4388.095282996317
토마토(일반),2024-01-23,4962.084114173785,4349.818134284241
토마토(일반),2024-01-30,4245.489575634393,4076.451411880511
토마토(일반),2024-02-06,3633.1120349552452,3902.2569247142424
토마토(일반),2024-02-13,4978.924612943131,3557.3477303175064
토마토(일반),2024-02-20,5827.47874406699,4530.972175002672
토마토(일반),2024-02-27,5246.770713940355,4367.949310174908
토마토(일반),2024-03-05,4907.505675731571,3995.3164828365857
토마토(일반),2024-03-12,4850.1719902856485,3855.66108684309
토마토(일반),2024-03-19,4986.857718465955,3808.6772131314674
토마토(일반),2024-03-26,5148.218543439709,3743.8843026342156
토마토(일반),2024-04-02,4277.514891538107,3813.233865091538
토마토(일반),2024-04-09,3379.6113545501394,3280.287431721991
토마토(일반),2024-04-16,3414.910954508878,3136.671452286396
토마토(일반),2024-04-23,2905.867333862546,3198.9266374247604
토마토(일반),2024-04-30,2609.6348991328755,2677.103995505385
토마토(일반),2024-05-07,3505.313939410929,2258.0523933452773
토마토(일반),2024-05-14,2896.1271738996124,3248.3636919462124
토마토(일반),2024-05-21,1537.4342012809338,2745.422275752831
토마토(일반),2024-05-28,1862.9419555919872,1538.9148472686716
토마토(일반),2024-06-04,1836.0133803694803,1860.6309490527235
토마토(일반),2024-06-11,1443.673874077315,1826.3478972003693
토마토(일반),2024-06-18,1161.312756527303,1542.376520800965
토마토(일반),2024-06-25,1944.2811301011511,1359.0904488767571
토마토(일반),2024-07-02,1817.4508639961136,2081.27594833786
토마토(일반),2024-07-09,1577.1402475496948,2163.541410240065
토마토(일반),2024-07-16,1936.2012339321682,1911.0708146354718
토마토(일반),2024-07-23,1909.955846351936,2170.2429163688194
토마토(일반),2024-07-30,2165.3317199639177,2240.180026486043
토마토(일반),2024-08-06,3248.09374181723,2584.720009418106
토마토(일반),2024-08-13,2880.304716332699,3376.100249927166
토마토(일반),2024-08-20,2917.1622394077735,3201.4935447279668
토마토(일반),2024-08-27,5259.029985638816,3215.0844962406795
토마토(일반),2024-09-03,5344.479274669974,4623.951463088337
토마토(일반),2024-09-10,2038.0383569816079,4189.455401449602
토마토(일반),2024-09-17,2996.509771719494,2232.5236188890326
토마토(일반),2024-09-24,7272.862909666458,3176.9003838289664
토마토(일반),2024-10-01,9515.09510188508,5884.7424799464525
토마토(일반),2024-10-08,6015.4697733069015,7003.372670107222
토마토(일반),2024-10-15,3842.1890075960914,4752.403828296899
토마토(일반),2024-10-22,3826.3110367768945,3733.210979478124
토마토(일반),2024-10-29,4525.3119378694,3855.439420794034
토마토(일반),2024-11-05,5922.202366280503,4226.364740478329
토마토(일반),2024-11-12,4962.748379041925,4516.152609967882
토마토(일반),2024-11-19,3861.8700016102193,4191.338662061407
토마토(일반),2024-11-26,3931.9246630264615,4015.024467119301
토마토(일반),2024-12-03,3475.54502409316,3919.051702986281
토마토(일반),2024-12-10,3210.3790216405364,4218.566003170739
토마토(일반),2024-12-17,2916.5891186631757,3841.147960268395
토마토(일반),2024-12-24,2408.2415387492138,3511.4322915217654
토마토(일반),2024-12-31,2529.196317802743,2796.9544838763013
파프리카,2024-01-02,2338.6946567644595,1926.4487351198063
파프리카,2024-01-09,5119.235934050606,2968.4611688408986
파프리카,2024-01-16,6049.776457323933,6423.811167022902
파프리카,2024-01-23,4815.3082699019715,5429.458760767714
파프리카,2024-01-30,4940.845676824956,5325.617512505039
파프리카,2024-02-06,8060.489659485909,5327.070409908729
파프리카,2024-02-13,6674.198067246945,6027.424867260951
파프리카,2024-02-20,6975.198661466496,4913.1669921030525
파프리카,2024-02-27,5873.265443964519,5939.893833759002
파프리카,2024-03-05,4945.104056773286,4969.007224118296
파프리카,2024-03-12,4887.404928195704,4673.110848852246
파프리카,2024-03-19,10349.87247855321,4893.034577129215
파프리카,2024-03-26,6017.743089596349,6663.2307663899055
파프리카,2024-04-02,7266.913972796326,4355.918196353334
파프리카,2024-04-09,4013.1251946997177,5153.332917394622
파프리카,2024-04-16,7880.809428507894,3526.2148178530865
파프리카,2024-04-23,5649.6723996723995,5375.22826006971
파프리카,2024-04-30,4588.641293630448,4352.101777742912
파프리카,2024-05-07,2776.0254063946604,3548.408109557895
파프리카,2024-05-14,4853.337754199823,2879.9807656052026
파프리카,2024-05-21,4359.885622691113,4205.849068289963
파프리카,2024-05-28,2989.5613417780905,3547.382202830208
파프리카,2024-06-04,1687.732307446478,2713.145322807472
파프리카,2024-06-11,1198.058985786547,2058.474904398313
파프리카,2024-06-18,3823.16195737043,1369.7421419691238
파프리카,2024-06-25,1442.1928598653285,3378.8983342446068
파프리카,2024-07-02,1653.8432841011554,1685.0592644282995
파프리카,2024-07-09,2551.25284738041,2240.3005974617618
파프리카,2024-07-16,2035.0791717417783,2912.4955040230393
파프리카,2024-07-23,5365.346534653465,2934.5618828751026
파프리카,2024-07-30,7414.828897338403,5000.93110928381
파프리카,2024-08-06,8764.05451448041,7297.117246668419
파프리카,2024-08-13,11011.033274956217,7927.015908838831
파프리카,2024-08-20,9067.067473589212,8152.460596103395
파프리카,2024-08-27,10141.920095408468,6268.28184150598
파프리카,2024-09-03,8573.669251391468,7254.923936275138
파프리카,2024-09-10,11135.836177474403,5949.1101384228
파프리카,2024-09-17,5655.339511654878,7819.456048745179
파프리카,2024-09-24,4169.488935721813,4019.2437054471384
파프리카,2024-10-01,3658.1619719388755,3610.2215737404626
파프리카,2024-10-08,3235.007498771672,2967.723998437952
파프리카,2024-10-15,2083.443637858595,2599.0358908605044
파프리카,2024-10-22,1716.0628777644695,1663.1696917709075
파프리카,2024-10-29,1567.3255090299385,1479.4164737462615
파프리카,2024-11-05,1025.2176982382216,1457.8676452476884
파프리카,2024-11-12,683.2383184034403,917.6100354991576
파프리카,2024-11-19,643.8191676804506,760.0550929459952
파프리카,2024-11-26,626.1984447554898,732.5596488584354
파프리카,2024-12-03,1101.8822826644066,716.3965758818197
파프리카,2024-12-10,1960.8708222157265,1151.2731264169179
파프리카,2024-12-17,1560.548463209024,2234.8321374935413
파프리카,2024-12-24,2787.2624582367844,2029.2605281667727
파프리카,2024-12-31,2077.2184017237287,3081.358711247828
팽이,2024-01-02,1883.9763142390502,2125.092292728569
팽이,2024-01-09,1922.7927373810799,1972.9050154031052
팽이,2024-01-16,2198.760489440961,1895.4131231847186
팽이,2024-01-23,2573.132319637658,2189.6373607569026
팽이,2024-01-30,2681.747078778741,2479.0142575441
팽이,2024-02-06,1851.9274312636242,2612.114659988508
팽이,2024-02-13,1777.8498016973006,1890.1601592201241
팽이,2024-02-20,2780.7065217391305,1908.8296683813862
팽이,2024-02-27,2977.8945694855665,2534.8450262044394
팽이,2024-03-05,2856.208802742985,2672.2604680797194
팽이,2024-03-12,2864.582228301834,2657.6974272303205
팽이,2024-03-19,2747.209728707709,2637.4711170841365
팽이,2024-03-26,2833.6113573286448,2490.608202946765
팽이,2024-04-02,2547.3427114370847,2537.011437111996
팽이,2024-04-09,2285.449679554898,2300.680355025973
팽이,2024-04-16,2127.0300820934535,2183.539135213875
팽이,2024-04-23,2081.9707328097634,2132.7171132204717
팽이,2024-04-30,2397.0706659745506,1955.114714129806
팽이,2024-05-07,2659.751906426538,2239.6837192871126
팽이,2024-05-14,2017.2225865209473,2444.5969093468257
팽이,2024-05-21,1667.482349537037,1827.5045419534702
팽이,2024-05-28,1718.361644238547,1668.2367912274194
팽이,2024-06-04,1553.9548535463568,1675.272787075273
팽이,2024-06-11,1426.268551651317,1550.5386979150426
팽이,2024-06-18,1499.7685463508476,1499.1881761623822
팽이,2024-06-25,1745.790466645049,1624.218998467461
팽이,2024-07-02,1583.0249755423836,1760.6819089194391
팽이,2024-07-09,1247.975743205744,1668.3764336191048
팽이,2024-07-16,1316.8280976058402,1368.5092295062557
팽이,2024-07-23,1575.6052153399853,1647.1236237411113
팽이,2024-07-30,1337.1509612183643,1830.1207497665164
팽이,2024-08-06,1487.2420893389924,1604.7845319239627
팽이,2024-08-13,1550.5180760411063,1756.5355055396485
팽이,2024-08-20,1947.7899271943936,1764.551039206255
팽이,2024-08-27,2005.0746146165316,2036.1651015560572
팽이,2024-09-03,2452.9276467109153,2093.3838193572137
팽이,2024-09-10,3015.4762480065724,2517.5179369790826
팽이,2024-09-17,2105.3896190096907,2466.3137221196857
팽이,2024-09-24,2255.2258883632353,2112.9482210037677
팽이,2024-10-01,2452.1995387375073,2384.0888628518665
팽이,2024-10-08,2105.2477722387766,2525.9805657654
팽이,2024-10-15,1847.6304673661261,2216.3795626538413
팽이,2024-10-22,1939.2983170466885,1831.3185875106096
팽이,2024-10-29,1870.8796068796069,1780.8870223745757
팽이,2024-11-05,1885.2078024778139,1900.4954198171865
팽이,2024-11-12,1974.9342669126513,1882.2650089188232
팽이,2024-11-19,1900.378367614008,1947.389469991
팽이,2024-11-26,1934.511098827568,1908.7271692442343
팽이,2024-12-03,2262.069441187425,1962.3284644431326
팽이,2024-12-10,2476.325622897934,2429.267639176467
팽이,2024-12-17,2578.561393277489,2602.5477775350646
팽이,2024-12-24,2809.862569294665,2583.7061788991277
팽이,2024-12-31,2367.375289412755,2863.7366755815283
포장쪽파,2024-01-02,6090.317710530406,7117.104189132875
포장쪽파,2024-01-09,6556.574249750087,6076.311298312729
포장쪽파,2024-01-16,6399.751031176842,5913.791949353046
포장쪽파,2024-01-23,8370.730103871223,5396.696969608348
포장쪽파,2024-01-30,9588.857472147522,6767.188599544363
포장쪽파,2024-02-06,5770.199896732315,6236.587204696431
포장쪽파,2024-02-13,4239.027001862198,4575.5400842670815
포장쪽파,2024-02-20,4225.782031654954,4008.6916723228433
포장쪽파,2024-02-27,4788.765964904594,3547.971230500195
포장쪽파,2024-03-05,5043.685220729367,4148.544937144918
포장쪽파,2024-03-12,4029.1279448847968,3940.4977443800362
포장쪽파,2024-03-19,3704.843688732043,3370.6470120347676
포장쪽파,2024-03-26,2973.341056913129,3334.8202103495582
포장쪽파,2024-04-02,2976.8028452037634,3011.3312460876296
포장쪽파,2024-04-09,3800.7432980918757,3138.711961865655
포장쪽파,2024-04-16,3616.015940035106,3787.7776588275633
포장쪽파,2024-04-23,4738.051600169181,3989.036629807804
포장쪽파,2024-04-30,4028.95112889397,4604.618523574763
포장쪽파,2024-05-07,3887.858017135863,4143.714804377555
포장쪽파,2024-05-14,4441.218230563003,3927.643381371933
포장쪽파,2024-05-21,6010.278591193617,4360.895486200409
포장쪽파,2024-05-28,6559.715245667144,5654.515772179021
포장쪽파,2024-06-04,5980.506147785603,5759.627931098692
포장쪽파,2024-06-11,5395.677635829356,5732.419805639005
포장쪽파,2024-06-18,5480.657248913674,5076.076747300258
포장쪽파,2024-06-25,5686.093558012989,5146.549248748342
포장쪽파,2024-07-02,5060.332181895614,5102.23480018999
포장쪽파,2024-07-09,4913.185214410771,4742.184032971895
포장쪽파,2024-07-16,4527.4485834995385,4673.69096707882
포장쪽파,2024-07-23,4397.492394611038,4546.0870888805075
포장쪽파,2024-07-30,4906.590890165709,4407.685924611515
포장쪽파,2024-08-06,5471.036414565826,4729.980104243396
포장쪽파,2024-08-13,7165.78691341158,5069.820274198961
포장쪽파,2024-08-20,8949.797552836484,5855.713998151356
포장쪽파,2024-08-27,7761.433989282558,6896.158959100854
포장쪽파,2024-09-03,6725.668525610617,6122.305871203327
포장쪽파,2024-09-10,5783.548088946882,4996.145447104811
포장쪽파,2024-09-17,5488.857842926535,4633.733905012027
포장쪽파,2024-09-24,5882.937119209105,4471.596950173306
포장쪽파,2024-10-01,4938.212770646245,5040.775728961383
포장쪽파,2024-10-08,3014.6781804278494,4360.181799875194
포장쪽파,2024-10-15,4014.662685481304,3163.6612292379837
포장쪽파,2024-10-22,3937.4624619269425,3999.180008233001
포장쪽파,2024-10-29,3791.4921782441547,3883.499974798137
포장쪽파,2024-11-05,5665.810600691763,4009.432143174697
포장쪽파,2024-11-12,4723.354443251526,4808.839098544381
포장쪽파,2024-11-19,7027.430375046417,4699.289703502
포장쪽파,2024-11-26,5509.638641018516,6865.8617113932
포장쪽파,2024-12-03,6066.666666666667,5749.517499605114
포장쪽파,2024-12-10,6999.231847598564,6428.880595899346
포장쪽파,2024-12-17,7582.591578226635,7510.800321535723
포장쪽파,2024-12-24,9890.742635292883,8201.87129353755
포장쪽파,2024-12-31,7018.690898345154,9665.802049577213
표고버섯(일반),2024-01-02,6424.011407610448,6299.257633025112
표고버섯(일반),2024-01-09,6653.875015147702,6427.802590799649
표고버섯(일반),2024-01-16,6885.531668957232,6449.4211787714285
표고버섯(일반),2024-01-23,7989.736093907441,7084.310953694915
표고버섯(일반),2024-01-30,6475.525293766182,6979.951816558787
표고버섯(일반),2024-02-06,6430.130084194162,6319.959647150918
표고버섯(일반),2024-02-13,5543.1336386430985,6405.022939981774
표고버섯(일반),2024-02-20,5675.515204151656,5820.370104362821
표고버섯(일반),2024-02-27,6397.282521520611,5553.681833968557
표고버섯(일반),2024-03-05,6278.560109535734,6053.178875187476
표고버섯(일반),2024-03-12,5965.766628627323,6078.038550460096
표고버섯(일반),2024-03-19,5796.14696138501,5939.01581133111
표고버섯(일반),2024-03-26,5730.589516027059,5715.07205970245
표고버섯(일반),2024-04-02,5137.554425307287,5670.570697216276
표고버섯(일반),2024-04-09,4985.675036221832,5288.412808005133
표고버섯(일반),2024-04-16,5295.633662857436,5223.463542421418
표고버섯(일반),2024-04-23,5589.296964911249,5462.531026182466
표고버섯(일반),2024-04-30,5216.985445084495,5472.1710927665945
표고버섯(일반),2024-05-07,5579.259487126902,5271.194890478935
표고버섯(일반),2024-05-14,5418.399726838152,5537.641842641384
표고버섯(일반),2024-05-21,5759.827592711359,5498.556890838043
표고버섯(일반),2024-05-28,5958.325008491339,5698.212312411641
표고버섯(일반),2024-06-04,6011.846730599717,6016.977596482599
표고버섯(일반),2024-06-11,6055.4830499296,6202.534502965397
표고버섯(일반),2024-06-18,5655.503493589433,6121.185422773976
표고버섯(일반),2024-06-25,5737.394409373723,5701.999581185762
표고버섯(일반),2024-07-02,6004.386861050683,5945.012499465484
표고버섯(일반),2024-07-09,5957.031485160436,6361.379934306968
표고버섯(일반),2024-07-16,5630.272120745562,6283.53510726128
표고버섯(일반),2024-07-23,6151.70969091446,6204.473819100051
표고버섯(일반),2024-07-30,6435.233383259263,6735.097062981052
표고버섯(일반),2024-08-06,7230.894108570326,6608.707136645073
표고버섯(일반),2024-08-13,6894.694003374724,7223.056963280355
표고버섯(일반),2024-08-20,7787.206022050145,7149.418354877096
표고버섯(일반),2024-08-27,7162.050018946571,7411.206329424779
표고버섯(일반),2024-09-03,7078.750138620206,7022.9238854878295
표고버섯(일반),2024-09-10,6602.126852608239,6908.213128788098
표고버섯(일반),2024-09-17,7519.980453634434,6206.311251026885
표고버섯(일반),2024-09-24,6716.136217935713,6979.435889162854
표고버섯(일반),2024-10-01,5386.901905070373,6180.864543768522
표고버섯(일반),2024-10-08,4799.197254011766,5553.953414474461
표고버섯(일반),2024-10-15,4849.194926776211,5385.6543075490035
표고버섯(일반),2024-10-22,5615.25396950786,5262.244035421136
표고버섯(일반),2024-10-29,6054.3789365439825,5471.348938821007
표고버섯(일반),2024-11-05,6232.105244368284,6294.467279574084
표고버섯(일반),2024-11-12,5599.448631351194,6028.670458027025
표고버섯(일반),2024-11-19,6206.890068331256,5669.657485007839
표고버섯(일반),2024-11-26,6333.918032438859,6293.702263689318
표고버섯(일반),2024-12-03,6611.228993804486,6323.005163875277
표고버섯(일반),2024-12-10,6419.127664479889,6793.331920484796
표고버섯(일반),2024-12-17,6610.30237560437,6964.964214988168
표고버섯(일반),2024-12-24,6828.986918162458,6806.782339833903
표고버섯(일반),2024-12-31,7012.1307285371795,7220.491747881319
호박고구마,2024-01-02,2239.8792833040256,2477.958996563764
호박고구마,2024-01-09,2507.62139703973,2327.305041798473
호박고구마,2024-01-16,2668.7298946200776,2486.88867000629
호박고구마,2024-01-23,2619.9404640541534,2753.895087866427
호박고구마,2024-01-30,2537.01358863496,2533.419701004883
호박고구마,2024-02-06,2498.5248838381012,2529.0604116939107
호박고구마,2024-02-13,2618.6060736902705,2479.2803728066297
호박고구마,2024-02-20,2602.483897900763,2549.762699357701
호박고구마,2024-02-27,2717.518379703042,2412.4311848435345
호박고구마,2024-03-05,2794.051282051282,2679.828164229775
호박고구마,2024-03-12,2578.5509736540666,2766.967163919895
호박고구마,2024-03-19,2626.9419488597096,2523.074759912338
호박고구마,2024-03-26,2564.1482007881646,2607.4073383152986
호박고구마,2024-04-02,2855.121340357544,2523.6071568619845
호박고구마,2024-04-09,2794.04149751917,2791.6084154791783
호박고구마,2024-04-16,3188.197824380397,2799.451457457367
호박고구마,2024-04-23,4033.073523996563,3176.4147685989115
호박고구마,2024-04-30,3568.6134544667966,3880.6321900225657
호박고구마,2024-05-07,3647.326162702621,3522.94437666549
호박고구마,2024-05-14,4144.391153743672,3588.070396252955
호박고구마,2024-05-21,3676.2256881874105,4161.210916026857
호박고구마,2024-05-28,3086.782740348221,3672.7934066804005
호박고구마,2024-06-04,3185.475234270415,3111.8825156939993
호박고구마,2024-06-11,2630.3482587064677,3172.9546285434394
호박고구마,2024-06-18,2225.5745590593265,2587.4586214321826
호박고구마,2024-06-25,1723.4216745442268,2296.5771786040714
호박고구마,2024-07-02,1504.319577324004,1847.535778779166
호박고구마,2024-07-09,1580.6936936936936,1809.9219792042281
호박고구마,2024-07-16,2317.593659942363,1889.8490255183788
호박고구마,2024-07-23,2812.0142857142855,2410.668183526869
호박고구마,2024-07-30,2424.092036995263,2780.760244525549
호박고구마,2024-08-06,2205.5483241132442,2563.474450264815
호박고구마,2024-08-13,2252.731318091146,2510.9493351112014
호박고구마,2024-08-20,2075.635120546959,2399.6140937439122
호박고구마,2024-08-27,1754.3060171109382,2065.5805948020266
호박고구마,2024-09-03,1478.9619279819956,1841.2870371970707
호박고구마,2024-09-10,1799.1082381806173,1704.679100463631
호박고구마,2024-09-17,2232.903883935318,1914.2264966445491
호박고구마,2024-09-24,2308.2540051079636,2209.010740170296
호박고구마,2024-10-01,1914.8294577270387,2274.2616643208275
호박고구마,2024-10-08,1773.8115505500261,1926.309754228317
호박고구마,2024-10-15,1831.0190859744353,1867.3362264619534
호박고구마,2024-10-22,1922.4874371859296,1852.9135661467953
호박고구마,2024-10-29,1947.142731741573,1866.7313920824517
호박고구마,2024-11-05,1836.384865036017,1994.1516815919556
호박고구마,2024-11-12,2162.2259969263123,1954.3474765892029
호박고구마,2024-11-19,2095.911360799001,2219.328183205757
호박고구마,2024-11-26,2088.0309829716603,2179.146448180818
호박고구마,2024-12-03,1909.539786537039,2162.320834608623
호박고구마,2024-12-10,1958.4221974640564,2011.7935838112826
호박고구마,2024-12-17,2159.4940022848436,2050.91376934509
호박고구마,2024-12-24,2411.6011693933774,2206.2841624193793
호박고구마,2024-12-31,2107.5405597030485,2519.7119114124757
홍고추(일반),2024-01-02,4113.601804123711,4980.248247901625
홍고추(일반),2024-01-09,4097.008974743936,5040.661854500913
홍고추(일반),2024-01-16,5130.685344040883,4624.149414925258
홍고추(일반),2024-01-23,5307.339647854111,5391.644773945994
홍고추(일반),2024-01-30,5790.088113459243,5257.833547677552
홍고추(일반),2024-02-06,6640.879855567153,5877.8002865838225
홍고추(일반),2024-02-13,8134.204652759893,7073.524145919969
홍고추(일반),2024-02-20,12519.50581938134,9302.558140748382
홍고추(일반),2024-02-27,9982.610195477195,10954.168063736828
홍고추(일반),2024-03-05,10460.400191199511,10231.714636056266
홍고추(일반),2024-03-12,12220.566159727883,10878.5411547288
홍고추(일반),2024-03-19,15085.768278378731,11487.081121608158
홍고추(일반),2024-03-26,18795.776445776446,11603.884071138902
홍고추(일반),2024-04-02,16501.284015549965,14096.186803942166
홍고추(일반),2024-04-09,16667.73386415195,14566.654811827937
홍고추(일반),2024-04-16,18538.743607185144,13466.392011636064
홍고추(일반),2024-04-23,16435.64452095703,12513.341632865913
홍고추(일반),2024-04-30,6252.435587451681,11097.069381668734
홍고추(일반),2024-05-07,7114.275904388989,5654.4546781184945
홍고추(일반),2024-05-14,10194.837444040173,7789.876431126861
홍고추(일반),2024-05-21,9211.154831753322,8762.79513337246
홍고추(일반),2024-05-28,6049.884803686282,6799.142436649727
홍고추(일반),2024-06-04,5838.78155535051,6486.0433620786935
홍고추(일반),2024-06-11,6459.988670694864,6056.118622361673
홍고추(일반),2024-06-18,5088.571681121441,6427.267027589369
홍고추(일반),2024-06-25,3439.0106470260944,5133.945146139034
홍고추(일반),2024-07-02,3250.681260419795,3694.699120615297
홍고추(일반),2024-07-09,3446.6204603757087,3797.8488266628115
홍고추(일반),2024-07-16,3317.1851818140444,3887.381475683178
홍고추(일반),2024-07-23,3820.8231572752684,3716.8954118606134
홍고추(일반),2024-07-30,3310.8580943395414,4263.9752048560895
홍고추(일반),2024-08-06,3079.992999492912,3329.379527543357
홍고추(일반),2024-08-13,3404.2711866772756,3242.743948468615
홍고추(일반),2024-08-20,3702.3501387237416,3641.845395903758
홍고추(일반),2024-08-27,4015.421112242664,3826.4085096327117
홍고추(일반),2024-09-03,5267.141460314357,4310.4825957195035
홍고추(일반),2024-09-10,8129.169236099082,5121.016335689005
홍고추(일반),2024-09-17,5217.929092062706,7853.956911574425
홍고추(일반),2024-09-24,7131.372687947494,5469.625910959822
홍고추(일반),2024-10-01,6897.22448283216,6859.13656371469
홍고추(일반),2024-10-08,7647.345876859766,7314.2918038917605
홍고추(일반),2024-10-15,5126.7758392000815,7418.912394141563
홍고추(일반),2024-10-22,5539.924271750701,5037.79189823735
홍고추(일반),2024-10-29,6583.058190037227,5395.151542890226
홍고추(일반),2024-11-05,6659.952761627907,6443.049235770325
홍고추(일반),2024-11-12,7986.541244573083,6206.812677802098
홍고추(일반),2024-11-19,10304.688885902433,7007.601244144638
홍고추(일반),2024-11-26,13972.112876864763,9385.660238584167
홍고추(일반),2024-12-03,18011.671275744124,12887.490058398569
홍고추(일반),2024-12-10,19893.303106449617,17015.333434540596
홍고추(일반),2024-12-17,14847.260806916427,17662.5755018324
홍고추(일반),2024-12-24,11947.455603861175,12809.054999875187
홍고추(일반),2024-12-31,7638.209067468844,10299.634324321718
홍청양,2024-01-02,3686.0708440495673,4391.106042604841
홍청양,2024-01-09,4020.2635893555303,4104.779974768143
홍청양,2024-01-16,4530.161370820163,4174.7090741183965
홍청양,2024-01-23,5243.531802965089,4482.294128861181
홍청양,2024-01-30,4428.401360544218,5201.8774342075485
홍청양,2024-02-06,5484.146880991004,4570.633539779716
홍청양,2024-02-13,5069.630071599046,5886.648713563216
홍청양,2024-02-20,8035.403307458657,5363.4721101929235
홍청양,2024-02-27,9987.22169587873,7620.836062620087
홍청양,2024-03-05,10945.442430703624,9440.824352127964
홍청양,2024-03-12,12859.778449144009,8665.23341891587
홍청양,2024-03-19,14403.897849462366,9903.219425840049
홍청양,2024-03-26,13797.393675027262,12266.94781655528
홍청양,2024-04-02,10873.111697118102,12189.195365691836
홍청양,2024-04-09,11536.201803482587,8401.086343874205
홍청양,2024-04-16,10504.79305740988,9000.67117408714
홍청양,2024-04-23,7735.595849898186,7568.236834890943
홍청양,2024-04-30,4580.444514751246,6039.330494318857
홍청양,2024-05-07,4657.41154770555,3907.4560574081333
홍청양,2024-05-14,5053.052604957005,4650.249090051347
홍청양,2024-05-21,4867.244234670641,4953.241373226798
홍청양,2024-05-28,4617.291420467975,4788.614934592166
홍청양,2024-06-04,4172.199671930784,4746.614259864902
홍청양,2024-06-11,3797.23683461429,4331.94119017985
홍청양,2024-06-18,2795.862689251986,4040.9373573265016
홍청양,2024-06-25,2206.3981879155144,2907.5346241219277
홍청양,2024-07-02,2647.8493653759424,2420.3768080515924
홍청양,2024-07-09,2474.4622638262726,2829.2483231400574
홍청양,2024-07-16,4173.2065424115635,2689.9454818013724
홍청양,2024-07-23,4277.7104058108325,4508.833613296188
홍청양,2024-07-30,6358.7791974446,4936.671122216628
홍청양,2024-08-06,4720.377832172221,5599.583383914244
홍청양,2024-08-13,4335.8941001939975,4464.264912356144
홍청양,2024-08-20,3227.268785099879,4086.640533014234
홍청양,2024-08-27,2766.261894736842,3244.4017624006756
홍청양,2024-09-03,2594.664749236024,2723.732585103913
홍청양,2024-09-10,2580.6007332894615,2796.118060905196
홍청양,2024-09-17,2548.346332654551,2886.1553694188187
홍청양,2024-09-24,2671.967026942356,2753.4240110823575
홍청양,2024-10-01,2941.550412175016,2999.880563726351
홍청양,2024-10-08,2735.0698293061405,3276.598188461003
홍청양,2024-10-15,3321.7937254901963,3047.197188000463
홍청양,2024-10-22,3542.8233782915863,3587.195955669494
홍청양,2024-10-29,4520.303199197414,3649.3970916099743
홍청양,2024-11-05,7076.925046223866,4630.341872370438
홍청양,2024-11-12,8560.395528804815,7992.33237684552
홍청양,2024-11-19,7487.390569804946,9557.452515996061
홍청양,2024-11-26,7269.35512212265,7900.698709088708
홍청양,2024-12-03,9301.587018544937,6870.67264629889
홍청양,2024-12-10,7693.156424581006,8052.231598740164
홍청양,2024-12-17,5931.743508214096,6578.548390777497
홍청양,2024-12-24,7310.39440450748,4982.328829422233
홍청양,2024-12-31,5693.475084027474,7336.852801408963
홍피망,2024-01-02,4782.299686341603,4333.268064823957
홍피망,2024-01-09,5430.591623301167,5618.221911714537
홍피망,2024-01-16,5422.285532135315,5453.773371852311
홍피망,2024-01-23,5306.7512085292365,5181.0757109297265
홍피망,2024-01-30,5792.992468816192,4829.3879790231085
홍피망,2024-02-06,6900.6169766366775,5543.857064704314
홍피망,2024-02-13,4720.2395818208215,6830.152696418105
홍피망,2024-02-20,6567.0347003154575,5052.621662855077
홍피망,2024-02-27,7188.083443286774,6126.241573112142
홍피망,2024-03-05,6066.4586846543,6604.036319678552
홍피망,2024-03-12,6878.2441685687245,5980.4378579618715
홍피망,2024-03-19,7247.624149568757,6752.83106958768
홍피망,2024-03-26,7844.362118889457,6452.6616467069425
홍피망,2024-04-02,6161.999707217098,6721.914072551592
홍피망,2024-04-09,8292.860914911875,5643.757939968767
홍피망,2024-04-16,7531.4499683566555,7267.607691622874
홍피망,2024-04-23,5333.429384185851,6802.45573609733
홍피망,2024-04-30,3661.6438356164385,4564.703572964217
홍피망,2024-05-07,2362.9529960531036,3561.5734191519364
홍피망,2024-05-14,2224.8187211601844,2366.9344662609783
홍피망,2024-05-21,2588.211738002594,2616.782223512936
홍피망,2024-05-28,1485.5700479295986,2643.222307295049
홍피망,2024-06-04,1131.403447675431,2036.69491361463
홍피망,2024-06-11,2844.9061858692467,1579.5390741945591
홍피망,2024-06-18,2833.0801614513257,2687.1667951315685
홍피망,2024-06-25,2107.4232199421567,2942.9684185835486
홍피망,2024-07-02,2226.7397191258897,2405.530402176392
홍피망,2024-07-09,3483.0871341048332,2585.121404803823
홍피망,2024-07-16,3705.8091591812695,3863.7421446337307
홍피망,2024-07-23,5998.643851824884,3849.547013079251
홍피망,2024-07-30,5697.381967122378,6073.658359524909
홍피망,2024-08-06,3479.1117731949166,4820.843486983584
홍피망,2024-08-13,4720.084787755327,3135.789854968888
홍피망,2024-08-20,4402.878234578081,4424.275126081436
홍피망,2024-08-27,2529.5888797267053,4181.964740120509
홍피망,2024-09-03,4018.4665681146234,2433.5629300223
홍피망,2024-09-10,3347.1576500422652,4180.248220224774
홍피망,2024-09-17,3061.519355639925,3641.9209585223707
홍피망,2024-09-24,2490.2023023531406,3186.438127312223
홍피망,2024-10-01,3013.950226569805,2570.416731852275
홍피망,2024-10-08,4394.430717730044,3198.669644226221
홍피망,2024-10-15,4048.2546481954064,4384.436091670823
홍피망,2024-10-22,6477.68210966208,4222.66528408578
홍피망,2024-10-29,6283.235445059018,6480.13038461216
홍피망,2024-11-05,7949.990599736792,5862.847595851263
홍피망,2024-11-12,8568.477069964001,6886.33203190849
홍피망,2024-11-19,11569.382791121921,7117.379270849508
홍피망,2024-11-26,9592.16421407817,10381.076665909655
홍피망,2024-12-03,8432.242316653723,8079.914244615043
홍피망,2024-12-10,11607.127192982456,8215.976162854378
홍피망,2024-12-17,8211.964695752009,9458.214058569467
홍피망,2024-12-24,7471.747711430251,6505.009781913513
홍피망,2024-12-31,4857.475805463678,6948.801041191529
