item,week,y_true,y_pred
기타,2020-01-07,5245.935580509284,4904.435261211524
기타,2020-01-14,4673.677551186111,4629.672243619022
기타,2020-01-21,4457.169070960533,4224.729816466923
기타,2020-01-28,5113.205322004744,3565.1785634393354
기타,2020-02-04,5025.928395361054,3626.6479112758598
기타,2020-02-11,2944.6410993616296,3644.578998865163
기타,2020-02-18,2083.724237449416,2567.2763800126036
기타,2020-02-25,2200.766386482361,2064.748931717388
기타,2020-03-03,3186.022860713401,2367.9816448441447
기타,2020-03-10,2964.484491255194,2958.1003298955266
기타,2020-03-17,3145.055673808174,2791.2529406916246
기타,2020-03-24,2095.713387462752,2982.26147970421
기타,2020-03-31,2558.731010840185,2003.3082274578924
기타,2020-04-07,2593.86236533315,2236.1332489275906
기타,2020-04-14,2191.588194478862,2203.602179679113
기타,2020-04-21,3569.280490584019,1738.4740856899402
기타,2020-04-28,2206.233217433214,3153.7848187451095
기타,2020-05-05,1772.5757862921325,1769.688412610162
기타,2020-05-12,1670.5603361282865,1730.286475200318
기타,2020-05-19,1304.9925788497217,1461.0501461197957
기타,2020-05-26,1273.3114351278355,1168.0170173345343
기타,2020-06-02,1350.9047714790634,1213.4701176750643
기타,2020-06-09,1440.5349264294193,1235.8344962314497
기타,2020-06-16,1640.0312571106933,1295.6543031635947
기타,2020-06-23,1114.2060622444496,1390.1456721903699
기타,2020-06-30,938.858100411811,1123.3998031126407
기타,2020-07-07,872.1638633012033,1038.1479200413223
기타,2020-07-14,840.9081911191681,981.1429325582496
기타,2020-07-21,1329.469504147813,1188.7701516657344
기타,2020-07-28,3014.7208707081422,1618.891117304408
기타,2020-08-04,5450.380106855214,3083.2893893910427
기타,2020-08-11,7388.435020278611,4649.470675949338
기타,2020-08-18,6368.295096797539,5358.612117631257
기타,2020-08-25,3078.6427936190316,5091.403240114843
기타,2020-09-01,2670.064298836497,2746.914008786404
기타,2020-09-08,1955.1886429364738,2309.4578199555713
기타,2020-09-15,2819.3186215605206,2059.259701120581
기타,2020-09-22,1496.614630440288,2580.151363038573
기타,2020-09-29,1887.1229210476008,1593.0982102853998
기타,2020-10-06,2611.9739054108336,2063.76112623476
기타,2020-10-13,2945.6365310773267,2400.6556055603714
기타,2020-10-20,3991.1622482648763,2814.747716705081
기타,2020-10-27,5235.557457524014,3564.0381604120967
기타,2020-11-03,6112.175903586098,4612.366229360817
기타,2020-11-10,4440.024988147914,5461.3630651722715
기타,2020-11-17,3121.0881186411452,4030.220120914662
기타,2020-11-24,2800.5548894403705,3118.335163133349
기타,2020-12-01,2376.583754372328,2964.619856824728
기타,2020-12-08,2445.1090002878395,2522.7413271799155
기타,2020-12-15,2840.168550492268,2654.2229385275755
기타,2020-12-22,4326.847940438618,3010.8926725495153
기타,2020-12-29,3953.4649340778205,4196.772147350988
깐양파,2020-01-07,1198.845087163233,1138.23924993146
깐양파,2020-01-14,1146.0808305524656,1184.4925746931265
깐양파,2020-01-21,1155.5405405405406,1167.3900517635936
깐양파,2020-01-28,1074.6723300970873,1128.4169021650698
깐양파,2020-02-04,1121.6629547141797,1055.3906611236555
깐양파,2020-02-11,1295.3412648716344,1097.5602656022932
깐양파,2020-02-18,1508.2680356660362,1237.06416722323
깐양파,2020-02-25,1464.1558038485414,1452.3412072779934
깐양파,2020-03-03,1311.9420783645655,1451.4240050853123
깐양파,2020-03-10,1316.533460196638,1278.1450721001288
깐양파,2020-03-17,1328.4713130535233,1346.2650509699843
깐양파,2020-03-24,1460.3174603174602,1322.5864751407667
깐양파,2020-03-31,1466.0794044665013,1434.3118210952948
깐양파,2020-04-07,1499.2700729927008,1442.5449347278895
깐양파,2020-04-14,1448.5433485433487,1469.0659224619988
깐양파,2020-04-21,1359.7863650644047,1415.911762396276
깐양파,2020-04-28,1281.9308545335944,1351.6892883216606
깐양파,2020-05-05,1228.6687548942834,1295.4914383226403
깐양파,2020-05-12,1190.0302480338778,1228.6965515190232
깐양파,2020-05-19,1017.7658815132048,1221.3532654217881
깐양파,2020-05-26,852.7044211148899,1011.7975556213337
깐양파,2020-06-02,907.6136719974913,844.7967076284592
깐양파,2020-06-09,958.6013535288431,856.1757240517517
깐양파,2020-06-16,1127.9457969903192,908.8589454219891
깐양파,2020-06-23,1040.1034928848642,1058.3385520057354
깐양파,2020-06-30,964.4712990936556,1057.128240070686
깐양파,2020-07-07,1062.1574058145536,973.9599164590504
깐양파,2020-07-14,1045.6584428067927,1049.5382104607893
깐양파,2020-07-21,1113.0207908683244,1140.0446943759696
깐양파,2020-07-28,1247.8091106290672,1088.701816188801
깐양파,2020-08-04,1249.8665506237307,1231.8476990037814
깐양파,2020-08-11,1269.2303172737954,1253.7284465181187
깐양파,2020-08-18,1227.1334503950834,1274.5651916189458
깐양파,2020-08-25,1103.4869169510807,1256.271752218429
깐양파,2020-09-01,1244.0792216817233,1136.203267829476
깐양파,2020-09-08,1243.7638844811172,1234.4387364502747
깐양파,2020-09-15,1332.2537688442212,1250.3855415573382
깐양파,2020-09-22,1379.0015440041172,1374.8113193634442
깐양파,2020-09-29,1409.9570484581498,1463.711825119465
깐양파,2020-10-06,1525.786542923434,1405.8673233467277
깐양파,2020-10-13,1485.250917992656,1526.2169712038294
깐양파,2020-10-20,1557.8419654714476,1497.2789878219255
깐양파,2020-10-27,1604.714494875549,1570.8550637585354
깐양파,2020-11-03,1693.3467741935483,1678.6592132523879
깐양파,2020-11-10,1661.330615270571,1726.9871965849445
깐양파,2020-11-17,1656.620572537603,1693.9341099365147
깐양파,2020-11-24,1641.5059927045336,1613.7162449047103
깐양파,2020-12-01,1700.7866379310344,1636.6874883516782
깐양파,2020-12-08,1738.9905362776026,1676.850109743532
깐양파,2020-12-15,1698.3057644110277,1736.423927536088
깐양파,2020-12-22,1687.6315789473683,1758.9643125406017
깐양파,2020-12-29,1764.8448043184885,1704.9205293736097
깐쪽파,2020-01-07,3986.772682283075,3863.4011780752817
깐쪽파,2020-01-14,5142.350752385011,4095.40790965224
깐쪽파,2020-01-21,4037.2381112954895,4879.4831006807135
깐쪽파,2020-01-28,2905.038560411311,3863.5788158454993
깐쪽파,2020-02-04,4111.6504356214145,3062.8311386237274
깐쪽파,2020-02-11,3523.2799260514557,3964.456355317191
깐쪽파,2020-02-18,2334.6350977789834,3549.6620943780927
깐쪽파,2020-02-25,2272.508125487003,2281.2043646445613
깐쪽파,2020-03-03,2774.1218219387297,2379.1032360965382
깐쪽파,2020-03-10,2487.5431591810056,2716.430323280143
깐쪽파,2020-03-17,2232.8361241386315,2594.112279672046
깐쪽파,2020-03-24,2056.706857793478,2338.5706334702027
깐쪽파,2020-03-31,2938.600061915018,2124.936227406471
깐쪽파,2020-04-07,4258.700029832936,2984.658741893943
깐쪽파,2020-04-14,3821.1101309094347,4372.256370073677
깐쪽파,2020-04-21,4079.8259967921194,3721.8814009225
깐쪽파,2020-04-28,4437.7906558572995,4063.4738240008287
깐쪽파,2020-05-05,4703.637297369713,4410.391935463103
깐쪽파,2020-05-12,5447.88646742075,4634.076815589758
깐쪽파,2020-05-19,5994.733540609829,5004.824897959973
깐쪽파,2020-05-26,6488.715363579454,5774.6295899983925
깐쪽파,2020-06-02,6178.137586335182,5893.631949506559
깐쪽파,2020-06-09,6834.758872043435,5848.609400699322
깐쪽파,2020-06-16,8051.668149006143,6072.3458222570325
깐쪽파,2020-06-23,8009.676204819277,7305.675223233659
깐쪽파,2020-06-30,6396.128542510121,6872.195398792708
깐쪽파,2020-07-07,5138.9133490908525,5555.58047727565
깐쪽파,2020-07-14,5230.386974630822,4731.50725422287
깐쪽파,2020-07-21,5967.715337677828,5157.643262026788
깐쪽파,2020-07-28,9161.857148108664,6106.304488213791
깐쪽파,2020-08-04,10586.096479068477,7235.221836194815
깐쪽파,2020-08-11,13842.181288099655,7699.525341261834
깐쪽파,2020-08-18,11145.784907968637,9036.52595072775
깐쪽파,2020-08-25,11110.566784495,9560.891035953782
깐쪽파,2020-09-01,10988.38007228144,9591.154187645041
깐쪽파,2020-09-08,11200.472128224352,7558.379454454922
깐쪽파,2020-09-15,8532.77571751048,9640.173022483505
깐쪽파,2020-09-22,6801.084103131696,7430.703227177516
깐쪽파,2020-09-29,4213.229555036761,6150.838995256452
깐쪽파,2020-10-06,4352.222047478727,4516.223840825081
깐쪽파,2020-10-13,5409.289793155958,4568.97783627526
깐쪽파,2020-10-20,5707.58832288786,4951.451664607336
깐쪽파,2020-10-27,5688.13915971102,5334.367622838373
깐쪽파,2020-11-03,7366.514257211738,4967.167005378954
깐쪽파,2020-11-10,5707.894845830486,6509.239512983647
깐쪽파,2020-11-17,4412.020989573806,4785.060370741617
깐쪽파,2020-11-24,4832.131147540984,4278.907572957771
깐쪽파,2020-12-01,5477.918502202643,4862.921022434721
깐쪽파,2020-12-08,7978.29654821077,4915.518537474295
깐쪽파,2020-12-15,8514.261497168249,7473.4127688109
깐쪽파,2020-12-22,12836.588602250598,8056.8616707244655
깐쪽파,2020-12-29,14998.6400489805,10145.334070514138
깻잎(일반),2020-01-07,12959.1735131703,8439.18378671618
깻잎(일반),2020-01-14,11247.490978490967,9238.419890810213
깻잎(일반),2020-01-21,6392.339737863605,9785.309381114133
깻잎(일반),2020-01-28,5750.997554687796,6193.359770043668
깻잎(일반),2020-02-04,5247.362145694096,5322.875610232025
깻잎(일반),2020-02-11,4789.234852819633,4394.856675229654
깻잎(일반),2020-02-18,5724.456803757468,4714.676711767601
깻잎(일반),2020-02-25,4805.13241386171,5074.022862134025
깻잎(일반),2020-03-03,5270.862722319033,4594.0111327999475
깻잎(일반),2020-03-10,5235.97820829575,4630.188480325941
깻잎(일반),2020-03-17,4412.378016364292,4709.686804175814
깻잎(일반),2020-03-24,4445.325667929335,4447.651016753781
깻잎(일반),2020-03-31,4552.445345737865,4385.8477417113645
깻잎(일반),2020-04-07,5118.470539208345,4344.319074536335
깻잎(일반),2020-04-14,5044.249455491945,4609.0899760106895
깻잎(일반),2020-04-21,6384.959840901558,4587.611721224913
깻잎(일반),2020-04-28,4029.9837358455825,5786.241047370595
깻잎(일반),2020-05-05,4350.68187552286,4037.793263732134
깻잎(일반),2020-05-12,4457.266778415318,4358.552871200208
깻잎(일반),2020-05-19,4573.714394433572,4105.1422425868395
깻잎(일반),2020-05-26,3873.415028457068,4160.621551377215
깻잎(일반),2020-06-02,3492.7838542139025,3814.817224890681
깻잎(일반),2020-06-09,3846.6532855886417,3552.5532357936645
깻잎(일반),2020-06-16,4356.037254826601,3709.992884049826
깻잎(일반),2020-06-23,4086.18424014768,4366.29706526154
깻잎(일반),2020-06-30,4234.316746591786,3840.4545008563355
깻잎(일반),2020-07-07,4540.26723456875,4098.841596169569
깻잎(일반),2020-07-14,4663.838696051546,4382.604544220169
깻잎(일반),2020-07-21,7122.447001275101,5302.9321355535385
깻잎(일반),2020-07-28,9359.515788455648,7158.385802446196
깻잎(일반),2020-08-04,11577.092599270745,7260.904314467178
깻잎(일반),2020-08-11,10223.75927957143,9166.987522744595
깻잎(일반),2020-08-18,7151.497097362747,8024.123133121743
깻잎(일반),2020-08-25,6934.827385149428,6890.390729824491
깻잎(일반),2020-09-01,10127.827129648907,7136.370287234541
깻잎(일반),2020-09-08,10393.338474229762,8391.21118898157
깻잎(일반),2020-09-15,10689.054924281061,7572.4173364092585
깻잎(일반),2020-09-22,6942.785805265245,7386.358114051445
깻잎(일반),2020-09-29,4526.259392817427,6441.294320483446
깻잎(일반),2020-10-06,4575.409824979035,4763.630922259916
깻잎(일반),2020-10-13,5308.440841469084,4960.305228732229
깻잎(일반),2020-10-20,5363.417843738806,5429.712405955356
깻잎(일반),2020-10-27,4798.979113067822,5280.943471164812
깻잎(일반),2020-11-03,4719.369142479666,5364.206450003089
깻잎(일반),2020-11-10,3255.2731428229986,5428.932380343288
깻잎(일반),2020-11-17,3639.741102143734,3792.8430914929813
깻잎(일반),2020-11-24,4486.116496488734,4277.302262568957
깻잎(일반),2020-12-01,5432.525105708245,5028.622677475172
깻잎(일반),2020-12-08,6012.107229983462,5601.622431790961
깻잎(일반),2020-12-15,8851.953633193983,6817.587880309643
깻잎(일반),2020-12-22,9612.808112473596,8959.552747952095
깻잎(일반),2020-12-29,9707.774775748407,8996.775544908709
노랑파프리카,2020-01-07,6115.149990752728,4778.915217280838
노랑파프리카,2020-01-14,6627.4311410905,6111.9862762883085
노랑파프리카,2020-01-21,5923.7594154653425,6337.49860162357
노랑파프리카,2020-01-28,5585.540592833372,5492.464326457313
노랑파프리카,2020-02-04,4566.995497922356,4895.08321547114
노랑파프리카,2020-02-11,4695.217084990855,4075.4823963140716
노랑파프리카,2020-02-18,5486.33600232354,4374.092273762465
노랑파프리카,2020-02-25,4855.478888649305,4582.0877897571245
노랑파프리카,2020-03-03,5258.091996377603,4680.511264717808
노랑파프리카,2020-03-10,4401.495842007798,4377.0920399562865
노랑파프리카,2020-03-17,4555.21504849613,4053.7502045400875
노랑파프리카,2020-03-24,4412.123038570509,3971.530544328193
노랑파프리카,2020-03-31,4060.0361640352535,3729.2842371691604
노랑파프리카,2020-04-07,3345.470475747286,3598.564728032737
노랑파프리카,2020-04-14,3343.3215056558147,2884.86005751941
노랑파프리카,2020-04-21,2944.7563179319154,3199.439582471793
노랑파프리카,2020-04-28,1907.517111444993,2569.1546568478357
노랑파프리카,2020-05-05,1783.52252021741,1934.7514084714655
노랑파프리카,2020-05-12,2377.3794158420574,2180.445782695001
노랑파프리카,2020-05-19,2621.9271415227386,2420.371763490182
노랑파프리카,2020-05-26,2210.962343442365,2369.561605014612
노랑파프리카,2020-06-02,2998.6874297044396,2324.674126154865
노랑파프리카,2020-06-09,1881.398222520375,2461.3097892740484
노랑파프리카,2020-06-16,1521.6640446799406,1770.6560614635057
노랑파프리카,2020-06-23,2285.2656340071035,1660.2535811244907
노랑파프리카,2020-06-30,2138.0067893997757,2405.7214535790595
노랑파프리카,2020-07-07,1676.062356842501,1916.1649738483843
노랑파프리카,2020-07-14,1933.6610039742586,1632.8175995399097
노랑파프리카,2020-07-21,2877.7631183701355,2263.4308450237318
노랑파프리카,2020-07-28,3952.2027521018044,3538.1186029646587
노랑파프리카,2020-08-04,5046.423922723848,4181.28247021727
노랑파프리카,2020-08-11,5336.727440100238,5416.368123594868
노랑파프리카,2020-08-18,4022.1023574822766,5116.945686573634
노랑파프리카,2020-08-25,4451.038190329597,3669.7006865361423
노랑파프리카,2020-09-01,6269.9649462600255,4367.463826705405
노랑파프리카,2020-09-08,8317.498957192764,5388.787787224689
노랑파프리카,2020-09-15,10019.22951293358,6457.5939025010475
노랑파프리카,2020-09-22,5953.172658133432,6989.979540254541
노랑파프리카,2020-09-29,4507.861382961656,4756.295475967372
노랑파프리카,2020-10-06,4295.991295384263,4122.8401060795095
노랑파프리카,2020-10-13,3639.9135140871226,4042.6324702948614
노랑파프리카,2020-10-20,4693.467035973191,3690.2676993116106
노랑파프리카,2020-10-27,4371.770945054293,4063.057430945098
노랑파프리카,2020-11-03,2966.1751727403835,3953.928827839083
노랑파프리카,2020-11-10,2175.220694473112,2781.31227475705
노랑파프리카,2020-11-17,1719.389377141637,2301.541091501498
노랑파프리카,2020-11-24,2182.407776504393,1861.4246873842403
노랑파프리카,2020-12-01,2332.808844948581,2649.260057683953
노랑파프리카,2020-12-08,2660.9746442944165,2508.2720108952703
노랑파프리카,2020-12-15,4289.355802581595,3105.123856241537
노랑파프리카,2020-12-22,4402.5426075015785,4551.207285351266
노랑파프리카,2020-12-29,5699.958344652721,4461.674980118018
녹광,2020-01-07,4930.158857737223,3807.206734897668
녹광,2020-01-14,5168.692166743014,5041.784499355095
녹광,2020-01-21,6565.656867571559,5241.14381138764
녹광,2020-01-28,7642.198021641202,6053.663195998318
녹광,2020-02-04,4973.5374521596505,6823.49999173557
녹광,2020-02-11,6911.302381884858,4408.447653408388
녹광,2020-02-18,7266.123720339656,6229.5315849301805
녹광,2020-02-25,4856.054412179306,6262.24306445165
녹광,2020-03-03,3564.3404310568685,4713.980720746118
녹광,2020-03-10,3732.830480475203,3583.841910233494
녹광,2020-03-17,4728.893680010297,3673.3786243610234
녹광,2020-03-24,2973.986945366737,4405.1100022726605
녹광,2020-03-31,3443.112913942022,2960.5174503439302
녹광,2020-04-07,2956.6354912732077,3416.0651612826314
녹광,2020-04-14,4070.942212620996,2996.5114531623967
녹광,2020-04-21,3196.6176508659746,3747.4909443810525
녹광,2020-04-28,2485.4645974781765,2990.0718193337157
녹광,2020-05-05,3502.07580295363,2846.726910854798
녹광,2020-05-12,2695.132044496023,3409.1246471889635
녹광,2020-05-19,3777.740462706879,2618.011570045606
녹광,2020-05-26,3533.4975135409077,3319.3280110319583
녹광,2020-06-02,2536.569395017794,3311.8075822787746
녹광,2020-06-09,3117.1091220719863,2615.498953768072
녹광,2020-06-16,3820.1006206162097,3024.2000239830886
녹광,2020-06-23,3402.3449956379172,3306.103408113969
녹광,2020-06-30,3467.0050587059704,3396.905266429456
녹광,2020-07-07,3401.5651113688405,3461.374580888031
녹광,2020-07-14,2671.110944772585,3136.9273604083933
녹광,2020-07-21,2201.2033385306795,2951.573998075164
녹광,2020-07-28,2812.4958655817954,2709.9694936379615
녹광,2020-08-04,3403.7796198491824,3264.7009881430326
녹광,2020-08-11,3542.1358535144714,3833.28932735797
녹광,2020-08-18,4617.352239399513,3536.0574141245
녹광,2020-08-25,5538.825029189601,4067.873071472671
녹광,2020-09-01,4756.809596301308,4210.778539807264
녹광,2020-09-08,6348.772838832833,3966.775979933759
녹광,2020-09-15,8740.756142453558,4846.521678760545
녹광,2020-09-22,7645.843029405542,6240.768434919426
녹광,2020-09-29,2923.447922011288,5119.54313624134
녹광,2020-10-06,3761.929256688246,2940.8461818350033
녹광,2020-10-13,3162.342518970337,3587.0760477961703
녹광,2020-10-20,3994.9207084749255,3274.028068268159
녹광,2020-10-27,3269.378976431515,3921.1522552171555
녹광,2020-11-03,3498.154862421774,3071.8686262276096
녹광,2020-11-10,2717.5841346153848,3392.589948054082
녹광,2020-11-17,2054.9880106772835,2781.8382181911156
녹광,2020-11-24,1841.9397449575777,2183.651701382667
녹광,2020-12-01,1622.7877809967363,2106.434046986565
녹광,2020-12-08,1745.5579531442663,1930.4191690042915
녹광,2020-12-15,2839.528705343643,2087.630517810546
녹광,2020-12-22,2018.8322975772314,3325.9319720025296
녹광,2020-12-29,2283.5419028516612,2313.6129287313784
뉴그린,2020-01-07,11257.361963190184,5004.305581301922
뉴그린,2020-01-14,6597.4537037037035,9091.07386017564
뉴그린,2020-01-21,2514.8936170212764,6060.317724463154
뉴그린,2020-01-28,2154.7872340425533,2353.405595959259
뉴그린,2020-02-04,3468.59649122807,2008.8334001713304
뉴그린,2020-02-11,3291.194968553459,2624.5935370746047
뉴그린,2020-02-18,2540.796703296703,2781.2728152104632
뉴그린,2020-02-25,1532.6298701298701,2189.948690205333
뉴그린,2020-03-03,2611.1253196930948,1498.6709078956983
뉴그린,2020-03-10,3187.2549019607845,2474.993895282555
뉴그린,2020-03-17,2497.7,2884.508184932141
뉴그린,2020-03-24,1639.0374331550802,2466.8806338786358
뉴그린,2020-03-31,2219.2963752665246,1875.4503921757214
뉴그린,2020-04-07,1393.2874354561102,2284.967862292719
뉴그린,2020-04-14,1950.8379888268157,1763.7072235161065
뉴그린,2020-04-21,4825.3263707571805,1937.1557914952934
뉴그린,2020-04-28,2144.741532976827,4332.917905010187
뉴그린,2020-05-05,2731.7380352644836,2083.2153161688716
뉴그린,2020-05-12,1122.4444444444443,2722.8948258072232
뉴그린,2020-05-19,2253.0075187969924,1714.9910217068614
뉴그린,2020-05-26,1857.379518072289,2564.370267238847
뉴그린,2020-06-02,1891.504424778761,2151.610328957763
뉴그린,2020-06-09,3225.0902527075814,2574.477716837271
뉴그린,2020-06-16,4399.608610567515,4000.893777077866
뉴그린,2020-06-23,6910.840108401084,4679.925620743496
뉴그린,2020-06-30,6246.727272727273,8332.01653133202
뉴그린,2020-07-07,3316.9753086419755,6705.591105930098
뉴그린,2020-07-14,1617.5425038639876,3553.8210225892867
뉴그린,2020-07-21,8388.260869565218,2995.319560599386
뉴그린,2020-07-28,7613.60201511335,8537.846543632802
뉴그린,2020-08-04,13426.515151515152,8258.873987187118
뉴그린,2020-08-11,14423.282442748092,10499.441815401113
뉴그린,2020-08-18,10930.188679245282,11445.643249054141
뉴그린,2020-08-25,9319.23076923077,9205.510023778788
뉴그린,2020-09-01,6967.820512820513,9398.470237000838
뉴그린,2020-09-08,6768.501529051988,6744.513092744813
뉴그린,2020-09-15,7355.702917771883,7203.088835482986
뉴그린,2020-09-22,4124.691358024691,6090.920294322917
뉴그린,2020-09-29,2972.5935828877004,3989.3255320001185
뉴그린,2020-10-06,3234.6790890269153,3395.791553723789
뉴그린,2020-10-13,5897.027972027972,3090.415559978493
뉴그린,2020-10-20,5706.980056980057,5842.4478284685265
뉴그린,2020-10-27,4319.047619047619,3811.529036157082
뉴그린,2020-11-03,4133.193277310925,3492.2557086616503
뉴그린,2020-11-10,3717.8200692041523,3400.5055202005497
뉴그린,2020-11-17,1326.321138211382,3254.15903139754
뉴그린,2020-11-24,2705.8365758754862,1841.1761637100817
뉴그린,2020-12-01,2132.8358208955224,3077.208346478096
뉴그린,2020-12-08,2812.814070351759,2364.6365460990514
뉴그린,2020-12-15,2482.3251417769375,3187.8152362756728
뉴그린,2020-12-22,3629.197080291971,2723.9454743007072
뉴그린,2020-12-29,2792.354740061162,3676.723583914046
느타리버섯(일반),2020-01-07,3815.5817846098416,2469.72261107864
느타리버섯(일반),2020-01-14,3827.6748210313503,3876.2781119639035
느타리버섯(일반),2020-01-21,1697.924331593914,3232.121957863391
느타리버섯(일반),2020-01-28,1868.7403754791783,1768.689492244448
느타리버섯(일반),2020-02-04,1558.0450858158658,1956.284367701304
느타리버섯(일반),2020-02-11,1787.0328747456163,1625.6273012974148
느타리버섯(일반),2020-02-18,1650.9421725183613,1965.919411211916
느타리버섯(일반),2020-02-25,1571.9127768695932,1702.093323279738
느타리버섯(일반),2020-03-03,1651.8487245092936,1690.7028531214783
느타리버섯(일반),2020-03-10,1861.6099142923326,1752.8893117532666
느타리버섯(일반),2020-03-17,1672.467583966531,1894.3864049870956
느타리버섯(일반),2020-03-24,1854.8612412242514,1682.304690237462
느타리버섯(일반),2020-03-31,1869.222774338813,1913.0755784809828
느타리버섯(일반),2020-04-07,1677.668639297418,1846.3223133369147
느타리버섯(일반),2020-04-14,1695.6525619320612,1732.3277252517191
느타리버섯(일반),2020-04-21,1570.594528659968,1686.5077320963385
느타리버섯(일반),2020-04-28,1498.0242731137125,1641.0269210812328
느타리버섯(일반),2020-05-05,1659.9756957879608,1572.0128441848003
느타리버섯(일반),2020-05-12,1792.2905021973802,1640.5832699730192
느타리버섯(일반),2020-05-19,1776.3505304069176,1805.9624776977835
느타리버섯(일반),2020-05-26,1264.6561345511313,1801.3994979790532
느타리버섯(일반),2020-06-02,1251.0199851481223,1315.468676763904
느타리버섯(일반),2020-06-09,1633.9745264915127,1281.128477006121
느타리버섯(일반),2020-06-16,1495.3699697515028,1658.2497151662078
느타리버섯(일반),2020-06-23,1957.452163581791,1515.0932876327986
느타리버섯(일반),2020-06-30,1653.791473746902,1965.3952057556735
느타리버섯(일반),2020-07-07,1459.40849105434,1592.4630115240734
느타리버섯(일반),2020-07-14,1359.3567855814147,1456.361004288277
느타리버섯(일반),2020-07-21,2313.437115573531,1682.1403627790469
느타리버섯(일반),2020-07-28,2176.8288668214077,2327.2328879939796
느타리버섯(일반),2020-08-04,2653.395322740653,2206.1223267689375
느타리버섯(일반),2020-08-11,1599.9664305489548,2815.575862204067
느타리버섯(일반),2020-08-18,1674.0526262712456,1882.601585984029
느타리버섯(일반),2020-08-25,2072.684827097232,1913.867982070075
느타리버섯(일반),2020-09-01,2695.1492823391263,2198.4869525025333
느타리버섯(일반),2020-09-08,3309.4251604333704,2933.922813909877
느타리버섯(일반),2020-09-15,3883.197962724883,3051.898960454221
느타리버섯(일반),2020-09-22,3651.376963713119,2758.0660976921145
느타리버섯(일반),2020-09-29,2655.3684926556552,2891.7477832177483
느타리버섯(일반),2020-10-06,2117.9672987579042,2454.067656940386
느타리버섯(일반),2020-10-13,1902.7823500908091,2035.5392319007167
느타리버섯(일반),2020-10-20,2043.0967262128338,2010.7526102289721
느타리버섯(일반),2020-10-27,2253.9980071283485,2097.2576919997105
느타리버섯(일반),2020-11-03,2149.5653755650505,2331.807047569361
느타리버섯(일반),2020-11-10,1980.9613839391218,2089.326315250903
느타리버섯(일반),2020-11-17,1666.5358856363232,1987.8186083672979
느타리버섯(일반),2020-11-24,1786.9923009265394,1781.7944583795897
느타리버섯(일반),2020-12-01,1909.9909289174532,1915.8791799242335
느타리버섯(일반),2020-12-08,1788.2598958473868,1968.7893771741526
느타리버섯(일반),2020-12-15,2333.885565514637,1916.5904546388135
느타리버섯(일반),2020-12-22,2531.0349258377496,2449.4363816639548
느타리버섯(일반),2020-12-29,1813.3501873666469,2607.4028458276907
단호박,2020-01-07,805.8951794727768,868.8985689901575
단호박,2020-01-14,740.2113854689685,836.4644209642738
단호박,2020-01-21,720.8284014572733,866.2163295449802
단호박,2020-01-28,635.8567376193673,756.4419902411153
단호박,2020-02-04,801.3810527915504,738.7484952593546
단호박,2020-02-11,658.3195903133409,745.7657411909918
단호박,2020-02-18,1028.6250159622016,745.6900172477262
단호박,2020-02-25,809.8110202012888,902.347652353474
단호박,2020-03-03,900.323585810163,957.4711679670075
단호박,2020-03-10,1213.8152167604899,991.091800898154
단호박,2020-03-17,913.8581051716645,1229.6901907758574
단호박,2020-03-24,1001.3308259800376,1120.5559594404044
단호박,2020-03-31,427.94520547945206,1092.6393289926625
단호박,2020-04-07,922.5469728601253,552.5609216566504
단호박,2020-04-14,1300.0,929.1503419331975
단호박,2020-04-21,1016.4383561643835,848.8267850044258
단호박,2020-05-05,1100.0,841.6687995371266
단호박,2020-05-12,589.8876404494382,1216.781123748202
단호박,2020-05-19,1001.1690437222352,1023.9140067225542
단호박,2020-05-26,1000.0,908.0003120094465
단호박,2020-06-02,4137.203166226913,1389.6570382747107
단호박,2020-06-09,2528.1708945260348,2764.530558883749
단호박,2020-06-16,1341.649286058078,1818.4004454948217
단호박,2020-06-23,1176.521268925739,1127.5840681345683
단호박,2020-06-30,1199.362991529509,1128.8991602683534
단호박,2020-07-07,1158.5888841510728,1183.804955082019
단호박,2020-07-14,1035.510810727317,1173.445561159076
단호박,2020-07-21,1082.9335466229581,1138.878382259875
단호박,2020-07-28,1101.5358798001882,1213.8111614353347
단호박,2020-08-04,1214.3396537510305,1234.1493991876914
단호박,2020-08-11,1502.3664761955445,1181.5324352876748
단호박,2020-08-18,1426.9138775657918,1476.7564476753817
단호박,2020-08-25,1588.6654227465413,1478.7356817790892
단호박,2020-09-01,1683.2379543174966,1686.7392948986005
단호박,2020-09-08,1716.4375315546235,1621.7374966840503
단호박,2020-09-15,1810.45988805192,1695.5974440470593
단호박,2020-09-22,2061.576590132592,1797.8857550557382
단호박,2020-09-29,2219.0811627029066,2047.5377040418375
단호박,2020-10-06,2042.3704259120404,2161.532747011909
단호박,2020-10-13,2323.8384349935814,2070.3163413594184
단호박,2020-10-20,2086.630663674609,2327.0291970273156
단호박,2020-10-27,2050.9472153258976,2064.229118871095
단호박,2020-11-03,2026.539967593843,2141.3053137349
단호박,2020-11-10,2037.000368896998,2045.2685059256319
단호박,2020-11-17,1712.3052675238491,2063.19864991739
단호박,2020-11-24,1880.2960603106162,1685.496906421968
단호박,2020-12-01,1847.3257683979766,1884.5808815952164
단호박,2020-12-08,2155.531956334227,1893.2033817372544
단호박,2020-12-15,2133.980057358059,1999.4051079062563
단호박,2020-12-22,1953.2879066542046,2214.4632601842704
단호박,2020-12-29,2428.575495271332,2107.071626054883
당근(일반),2020-01-07,1520.7835482345724,1419.2346522619368
당근(일반),2020-01-14,1334.8636671007114,1536.0206264217206
당근(일반),2020-01-21,1509.274393045199,1373.1396792019887
당근(일반),2020-01-28,1207.372610993501,1496.294668065293
당근(일반),2020-02-04,1293.3473139865555,1201.383353456972
당근(일반),2020-02-11,1211.9579614220522,1246.081232934519
당근(일반),2020-02-18,1296.736249411071,1238.3995827402691
당근(일반),2020-02-25,1359.245646412288,1288.9258071436136
당근(일반),2020-03-03,1625.7019817994922,1356.3956346621374
당근(일반),2020-03-10,1883.3287504977907,1613.7695916254777
당근(일반),2020-03-17,2486.9778914966055,1836.0286105523517
당근(일반),2020-03-24,2315.849213070506,2365.05258558491
당근(일반),2020-03-31,1874.1428512669447,1922.442229862165
당근(일반),2020-04-07,1971.006851684912,1774.1807223395374
당근(일반),2020-04-14,1959.645277566626,1934.1297972578827
당근(일반),2020-04-21,1810.84839293408,1842.3762188406445
당근(일반),2020-04-28,1545.1509869210777,1730.2626691810508
당근(일반),2020-05-05,1535.018733409966,1506.2402570052404
당근(일반),2020-05-12,1432.4538489633505,1482.7416626475979
당근(일반),2020-05-19,1476.6327810280413,1401.976020127057
당근(일반),2020-05-26,1468.8876205294403,1437.9928440172719
당근(일반),2020-06-02,1417.575918193218,1422.2472877333278
당근(일반),2020-06-09,1485.2567714511665,1430.769756487185
당근(일반),2020-06-16,1458.5788218688851,1443.07367482011
당근(일반),2020-06-23,1587.596359849127,1425.8392708683105
당근(일반),2020-06-30,1605.329619168006,1523.8121759935646
당근(일반),2020-07-07,1675.6903489279923,1541.5747652373902
당근(일반),2020-07-14,1571.6415978752018,1598.7139026512975
당근(일반),2020-07-21,1526.5340402078632,1633.256615329826
당근(일반),2020-07-28,1637.7754020774616,1605.3544690021465
당근(일반),2020-08-04,1534.3059659490643,1654.6857015514302
당근(일반),2020-08-11,1579.0052714239064,1619.2738013687704
당근(일반),2020-08-18,1905.7317372969499,1625.968537813
당근(일반),2020-08-25,2181.6528100454257,1794.2829550545596
당근(일반),2020-09-01,2605.1001084139457,2215.7117343434907
당근(일반),2020-09-08,2886.570658186118,2521.948061867045
당근(일반),2020-09-15,2835.990129607141,2652.0606604208533
당근(일반),2020-09-22,2829.7895991178457,2352.143851803424
당근(일반),2020-09-29,2714.767463940025,2470.1460252137817
당근(일반),2020-10-06,2200.2075754502516,2711.6606937641955
당근(일반),2020-10-13,2013.119642056872,2130.143793594416
당근(일반),2020-10-20,1691.547828542082,1862.9999035581739
당근(일반),2020-10-27,1399.775432110776,1715.2620093395392
당근(일반),2020-11-03,887.1851812686159,1354.9238610379261
당근(일반),2020-11-10,915.9175931981688,933.6533063882601
당근(일반),2020-11-17,855.9149486205959,936.872361798531
당근(일반),2020-11-24,824.6296189956645,844.6534757531197
당근(일반),2020-12-01,800.8773968257956,880.4543965824009
당근(일반),2020-12-08,982.9720975266262,914.4484847237659
당근(일반),2020-12-15,965.9676994934543,959.1268614690113
당근(일반),2020-12-22,1142.16384694124,995.9439471689906
당근(일반),2020-12-29,1127.4656633547634,1166.0322043753988
대추방울,2020-01-07,5449.910113733643,5609.53935555049
대추방울,2020-01-14,4014.5086593661053,4993.395967010435
대추방울,2020-01-21,3850.1207312866504,4001.927238900453
대추방울,2020-01-28,4219.274513086668,3730.4140057789664
대추방울,2020-02-04,4730.640072980594,4233.43756687118
대추방울,2020-02-11,5083.144279698794,4790.465225499748
대추방울,2020-02-18,6299.4660428691295,4997.439603216398
대추방울,2020-02-25,5394.41735146036,5762.643532730775
대추방울,2020-03-03,5249.715329872705,4954.078914223335
대추방울,2020-03-10,5264.55377067221,4727.043656718771
대추방울,2020-03-17,5005.224202356999,4667.953997197666
대추방울,2020-03-24,5295.650970505521,4441.996465420151
대추방울,2020-03-31,5468.459828025388,4772.656356600393
대추방울,2020-04-07,5185.169970524649,4588.053156184734
대추방울,2020-04-14,4626.797077539477,4480.061858995707
대추방울,2020-04-21,4007.395537480522,4011.9306531217617
대추방울,2020-04-28,2737.0007924692677,3495.545445775866
대추방울,2020-05-05,2696.261343292796,2494.9651208435635
대추방울,2020-05-12,2927.7838916590053,2535.4341068998433
대추방울,2020-05-19,2917.8820202614183,2796.9782760057215
대추방울,2020-05-26,2887.6712005584445,2759.5642198363416
대추방울,2020-06-02,2656.750613140036,2830.8267597591207
대추방울,2020-06-09,2535.0688352053535,2494.967257751156
대추방울,2020-06-16,2206.3760725734023,2409.7840785653825
대추방울,2020-06-23,2487.6570064048265,2333.3847598836187
대추방울,2020-06-30,2929.7222621083365,2502.187178142135
대추방울,2020-07-07,3743.953310942714,2855.02292170798
대추방울,2020-07-14,3905.139432354202,3410.733530496906
대추방울,2020-07-21,3450.11600296077,3581.9037696046757
대추방울,2020-07-28,3679.1547209933738,3553.4402426182196
대추방울,2020-08-04,3441.918521455787,3758.2716462501294
대추방울,2020-08-11,4118.018448518483,3521.5145917885307
대추방울,2020-08-18,4418.327353977845,4300.626190157934
대추방울,2020-08-25,4884.41178915991,4265.226374294274
대추방울,2020-09-01,5237.758077805394,4650.936871666173
대추방울,2020-09-08,7695.71429201374,4559.393893945722
대추방울,2020-09-15,5903.912157715754,6247.523466700808
대추방울,2020-09-22,4140.359269376503,5126.520704726665
대추방울,2020-09-29,6019.246660271858,4190.477388035284
대추방울,2020-10-06,8131.824351450037,5846.819831569559
대추방울,2020-10-13,7336.910436141434,6983.014600148891
대추방울,2020-10-20,6258.764009516439,6549.2203299293815
대추방울,2020-10-27,5448.915368316091,5287.658760121234
대추방울,2020-11-03,4485.946823678513,4556.440692637662
대추방울,2020-11-10,4075.14597562065,4321.659673516928
대추방울,2020-11-17,3975.29238649293,3627.9786996924936
대추방울,2020-11-24,4027.503023960058,3564.648103636813
대추방울,2020-12-01,4412.667276203142,3780.7717594105097
대추방울,2020-12-08,4535.726072607261,4266.823938600722
대추방울,2020-12-15,4676.217758838712,4213.1028556198435
대추방울,2020-12-22,5230.250598044453,4596.394202179219
대추방울,2020-12-29,4554.1292180242845,5116.4314844411465
대파(일반),2020-01-07,891.6198773923007,1160.6515951098415
대파(일반),2020-01-14,906.7128538128046,959.4928650132449
대파(일반),2020-01-21,759.3023735469553,962.2938794636315
대파(일반),2020-01-28,955.102457758154,854.7492687099051
대파(일반),2020-02-04,717.5096125098573,928.7315711481126
대파(일반),2020-02-11,882.5681304741895,816.8533674937934
대파(일반),2020-02-18,801.4823246099926,922.1530242933887
대파(일반),2020-02-25,723.811276726839,826.353920934602
대파(일반),2020-03-03,736.6998009087181,843.0091592738013
대파(일반),2020-03-10,660.3000388981001,842.2493264808004
대파(일반),2020-03-17,691.8281685483629,780.9384841296453
대파(일반),2020-03-24,686.1166508226041,806.3035128360991
대파(일반),2020-03-31,822.8114524404998,770.3079509682134
대파(일반),2020-04-07,826.7744215988829,829.1987551700613
대파(일반),2020-04-14,968.7130201080652,861.1526155755222
대파(일반),2020-04-21,878.1355622665382,994.4823371966263
대파(일반),2020-04-28,1155.41047218171,929.1391935479147
대파(일반),2020-05-05,1245.4370353224447,1127.5115705342848
대파(일반),2020-05-12,1299.1489991601766,1221.9764424553887
대파(일반),2020-05-19,1288.2633020504225,1262.4408123365517
대파(일반),2020-05-26,1272.1459210990154,1242.4146540989639
대파(일반),2020-06-02,1308.0383955794673,1217.7987373407645
대파(일반),2020-06-09,1432.0533055682981,1258.2086891600084
대파(일반),2020-06-16,1373.792571759934,1330.191120378725
대파(일반),2020-06-23,1166.9707710666296,1362.414885194935
대파(일반),2020-06-30,1204.8470221051318,1209.3073954572426
대파(일반),2020-07-07,1510.100099366795,1161.942088027814
대파(일반),2020-07-14,1266.581930287453,1325.6102207152514
대파(일반),2020-07-21,1690.8535841280395,1385.9913623796056
대파(일반),2020-07-28,2420.52022939224,1697.0574337095977
대파(일반),2020-08-04,2189.8793153759193,2082.916007390215
대파(일반),2020-08-11,1789.4151087988619,2149.3841947046953
대파(일반),2020-08-18,2039.7837804113574,1799.4452180986996
대파(일반),2020-08-25,2135.6757592614927,1864.8107184578541
대파(일반),2020-09-01,2423.5392909596762,2065.658128857728
대파(일반),2020-09-08,2074.105432373227,2113.812933493256
대파(일반),2020-09-15,2283.664934617328,1903.1767228980973
대파(일반),2020-09-22,2632.0511397311307,2128.7469958586335
대파(일반),2020-09-29,2523.399572785004,2347.756901077263
대파(일반),2020-10-06,2174.7272440319516,2152.5884428979866
대파(일반),2020-10-13,2383.6268562191567,2100.224507007855
대파(일반),2020-10-20,2425.7262984468043,2133.9429986120917
대파(일반),2020-10-27,2451.732214104358,2112.4526769924437
대파(일반),2020-11-03,2458.517317728052,2224.1351608103205
대파(일반),2020-11-10,2450.7084520250833,2252.098146694595
대파(일반),2020-11-17,1774.039611464338,2206.4241078093214
대파(일반),2020-11-24,1556.2827219770882,1759.812833086184
대파(일반),2020-12-01,1623.5090232969462,1506.0787080752186
대파(일반),2020-12-08,1809.7044843635388,1587.3121778651746
대파(일반),2020-12-15,1647.3697341608363,1736.63875971814
대파(일반),2020-12-22,1812.7874328331277,1584.6355428889929
대파(일반),2020-12-29,2615.587185657617,1840.434964228955
돌미나리,2020-01-07,5354.42707506745,4456.454762523085
돌미나리,2020-01-14,7576.635167893697,4810.642757566854
돌미나리,2020-01-21,4149.547004084641,5445.243755332265
돌미나리,2020-01-28,3277.331620480822,3435.183254003046
돌미나리,2020-02-04,2846.216449192076,2892.0150123730127
돌미나리,2020-02-11,2367.632778555996,2439.2380678040777
돌미나리,2020-02-18,1508.4961334961336,2229.0509381813054
돌미나리,2020-02-25,1725.1542893463463,1511.557321305241
돌미나리,2020-03-03,1925.9674522956573,1803.4037280148123
돌미나리,2020-03-10,1743.7678157578107,1829.2142324977303
돌미나리,2020-03-17,1233.8155026417705,1843.46494086311
돌미나리,2020-03-24,966.6626063003891,1161.5036004634487
돌미나리,2020-03-31,1024.0566632906039,932.626926225264
돌미나리,2020-04-07,898.1810984248688,998.2904528429203
돌미나리,2020-04-14,865.0740633686968,873.1782174974122
돌미나리,2020-04-21,958.4981049983854,825.035947094133
돌미나리,2020-04-28,953.0530084018429,904.9990360386903
돌미나리,2020-05-05,1350.207313060142,898.8862563638713
돌미나리,2020-05-12,1080.51131232568,1043.1861890898354
돌미나리,2020-05-19,1152.4683355744687,953.809376681273
돌미나리,2020-05-26,1007.8972248971373,980.1961150823284
돌미나리,2020-06-02,934.4164709476619,1019.3410284626254
돌미나리,2020-06-09,1032.4886538354667,897.0297861525129
돌미나리,2020-06-16,1169.9945871754721,1052.5970419571809
돌미나리,2020-06-23,1460.8171669661062,1301.3629695918312
돌미나리,2020-06-30,920.8891059615459,1535.3825634559714
돌미나리,2020-07-07,1155.8067489923678,1043.2129353691755
돌미나리,2020-07-14,1314.8899131242124,1303.3161368081687
돌미나리,2020-07-21,2261.4725905120085,1894.8177655668644
돌미나리,2020-07-28,4152.735704673193,2979.2390677168196
돌미나리,2020-08-04,4840.307638123239,4819.96254268622
돌미나리,2020-08-11,4920.435177247743,4534.620845209165
돌미나리,2020-08-18,3520.523513907193,4477.10482201879
돌미나리,2020-08-25,3561.9975977914023,3095.1088377698015
돌미나리,2020-09-01,5784.917362355089,3399.1973252923517
돌미나리,2020-09-08,3648.53614677868,4891.7990146758075
돌미나리,2020-09-15,4854.85500567215,3184.616742689284
돌미나리,2020-09-22,4325.723056212776,3822.604955456613
돌미나리,2020-09-29,2590.7843455667426,3393.478929295641
돌미나리,2020-10-06,1736.7293338636841,2197.197935842209
돌미나리,2020-10-13,1945.0344081566896,2012.8456185630976
돌미나리,2020-10-20,2097.528774542993,2140.7157105828
돌미나리,2020-10-27,2808.3882110111067,2193.2008542380545
돌미나리,2020-11-03,3300.476303383637,2889.2531588133766
돌미나리,2020-11-10,3128.0215000310695,3253.827020734983
돌미나리,2020-11-17,3893.5466679024935,3275.5144661355152
돌미나리,2020-11-24,5185.4309703035815,3821.9096325594874
돌미나리,2020-12-01,4671.831082537878,4417.1773224005965
돌미나리,2020-12-08,4590.536872613516,4315.913292840632
돌미나리,2020-12-15,4860.880784448649,4430.874531964778
돌미나리,2020-12-22,4764.447952293256,4725.549628144224
돌미나리,2020-12-29,5545.773635592422,4598.878459365312
레드치커리,2020-01-07,5608.845559386517,3579.343950576927
레드치커리,2020-01-14,5061.832597350462,4533.6003680038675
레드치커리,2020-01-21,2747.582106455266,4319.039018531773
레드치커리,2020-01-28,2681.882640586797,2664.6927447932026
레드치커리,2020-02-04,3024.070565948378,2594.587845782338
레드치커리,2020-02-11,2597.807257976099,2814.105068746297
레드치커리,2020-02-18,2584.109390665033,2470.7712428976374
레드치커리,2020-02-25,1763.2499648728397,2530.061216835337
레드치커리,2020-03-03,2355.3120567375886,2027.7560640376541
레드치커리,2020-03-10,2564.127808108834,2558.796016500172
레드치커리,2020-03-17,2399.439210408255,2613.041862344396
레드치커리,2020-03-24,2075.983420026008,2584.626897532295
레드치커리,2020-03-31,1798.4736689814815,2310.7565560422554
레드치커리,2020-04-07,1912.8441802252817,2067.9627131624825
레드치커리,2020-04-14,1843.3600625855663,2104.9641443020946
레드치커리,2020-04-21,2960.4279431664413,2179.7652049461262
레드치커리,2020-04-28,2909.3926917138447,3167.3905088349597
레드치커리,2020-05-05,3982.9696461043504,3092.1667732789983
레드치커리,2020-05-12,3987.0412348877376,3918.084845816412
레드치커리,2020-05-19,3607.2474136033456,3391.06413803691
레드치커리,2020-05-26,3029.3684210526317,3485.186311742526
레드치커리,2020-06-02,3383.2878287110216,3155.8114105235836
레드치커리,2020-06-09,4239.842196819085,3433.5330216255197
레드치커리,2020-06-16,3522.816785839878,3872.228617359331
레드치커리,2020-06-23,4141.1462072266095,3410.690352144996
레드치커리,2020-06-30,3703.3954647987653,3889.756442311091
레드치커리,2020-07-07,3565.108309876392,3473.115333651153
레드치커리,2020-07-14,3276.0472052911427,3473.2124229797746
레드치커리,2020-07-21,4619.489559164733,4088.9348376984844
레드치커리,2020-07-28,7770.070367474589,4769.086542478633
레드치커리,2020-08-04,10332.254953533227,6807.212662068876
레드치커리,2020-08-11,8291.61568094267,7876.0414966696235
레드치커리,2020-08-18,4420.672653636204,6294.325064758293
레드치커리,2020-08-25,2825.33153750518,3712.2780156222657
레드치커리,2020-09-01,2536.9701492537315,2605.8102289407084
레드치커리,2020-09-08,3275.118972081218,2749.5635736323607
레드치커리,2020-09-15,3260.546875,3436.5353806288795
레드치커리,2020-09-22,3275.1305683563746,2964.0776220799894
레드치커리,2020-09-29,2365.924464487035,2964.7452512415803
레드치커리,2020-10-06,3021.97991012424,2508.052295974721
레드치커리,2020-10-13,2221.880341880342,3084.4712068213776
레드치커리,2020-10-20,2464.486158513462,2409.6048326417563
레드치커리,2020-10-27,2809.85308402137,2471.5269141474155
레드치커리,2020-11-03,2486.27057684327,2765.8345571329146
레드치커리,2020-11-10,2380.7326497250706,2601.39373272049
레드치커리,2020-11-17,1886.4608555286522,2644.7161246511073
레드치커리,2020-11-24,1982.7806348643376,2190.2772740515093
레드치커리,2020-12-01,2332.1185348794406,2411.8192896448177
레드치커리,2020-12-08,2820.089571337172,2761.4003750313946
레드치커리,2020-12-15,2675.3747023392634,3147.2148384215816
레드치커리,2020-12-22,3263.1472309770375,3402.860048384226
레드치커리,2020-12-29,3354.382683057189,3620.897639938148
마늘,2020-01-07,2789.608695652174,3318.574726452705
마늘,2020-01-14,2810.943714844856,3176.06985126088
마늘,2020-01-21,2700.696426065397,3106.9710196730766
마늘,2020-01-28,2652.637566821009,2900.7130754747604
마늘,2020-02-04,2672.7307960285666,2833.588869976765
마늘,2020-02-11,2660.444370751119,2835.132287479289
마늘,2020-02-18,2688.9459615068267,2864.371457842228
마늘,2020-02-25,2769.4792438843588,2806.5829355571655
마늘,2020-03-03,2743.0936565447437,2811.5180729556864
마늘,2020-03-10,2702.1810046189375,2876.962942358227
마늘,2020-03-17,2669.6644864341083,2874.6655383043885
마늘,2020-03-24,2702.4483252396963,2828.871681536657
마늘,2020-03-31,2619.536613272311,2815.6898620603197
마늘,2020-04-07,2968.200774599482,2694.574401023191
마늘,2020-04-14,2927.2448808324943,3005.7944106995033
마늘,2020-04-21,2943.9375,2965.51859760524
마늘,2020-04-28,3046.9011149946778,3068.537587048274
마늘,2020-05-05,3016.910811284388,3049.5979628526616
마늘,2020-05-12,3091.052339413164,3012.2981772481717
마늘,2020-05-19,3371.557670471523,3064.774574317549
마늘,2020-05-26,3151.2410413924235,3218.059555357874
마늘,2020-06-02,3224.5255508310784,3123.26997725941
마늘,2020-06-09,2652.7258589000426,3084.2433203872138
마늘,2020-06-16,3062.385540423066,2761.9216621093683
마늘,2020-06-23,3053.3549988182463,2972.2413319107377
마늘,2020-06-30,3087.9942266209873,3204.8411388153922
마늘,2020-07-07,4363.275904203324,2956.0037965657034
마늘,2020-07-14,4977.689680409856,4263.916234800775
마늘,2020-07-21,5036.140647655872,5013.198285672544
마늘,2020-07-28,5076.879268915672,5144.766745920189
마늘,2020-08-04,5448.37570621469,4821.2522081952875
마늘,2020-08-11,5784.9339735894355,4834.539641475011
마늘,2020-08-18,5906.97998259356,5080.500372535485
마늘,2020-08-25,5648.040188538824,5458.7025026722595
마늘,2020-09-01,5723.518264840182,5108.106816473085
마늘,2020-09-08,5672.340337834799,5063.211466188272
마늘,2020-09-15,5737.776941775668,5108.89448590521
마늘,2020-09-22,5830.332004866905,4981.141912043488
마늘,2020-09-29,5442.3258534049555,5178.852197690268
마늘,2020-10-06,5524.3715872717,5041.5677912384845
마늘,2020-10-13,5715.091193957898,5049.505664883663
마늘,2020-10-20,5635.620341955283,5222.911758620622
마늘,2020-10-27,5517.259895673519,5019.999546040038
마늘,2020-11-03,5479.42292796282,5063.585786893921
마늘,2020-11-10,5003.2614920410115,4930.803956354559
마늘,2020-11-17,5300.527821586756,4893.483834790172
마늘,2020-11-24,5476.041628275531,4826.418803822997
마늘,2020-12-01,5455.58574879227,4998.140634107311
마늘,2020-12-08,5746.472480708571,4979.723884771278
마늘,2020-12-15,5673.311906416493,5202.538595595125
마늘,2020-12-22,5794.357101110461,5353.776307076962
마늘,2020-12-29,5611.4251781472685,5231.872538356136
만생양파,2020-01-07,812.2321147435968,830.8926614280543
만생양파,2020-01-14,843.854877244823,806.5474511449003
만생양파,2020-01-21,851.0814810326215,823.7915796877724
만생양파,2020-01-28,860.5722703894385,827.5608761790752
만생양파,2020-02-04,895.6915539725663,837.5535949644702
만생양파,2020-02-11,1074.43457617741,824.9513955686606
만생양파,2020-02-18,1392.4576500412925,991.1843129500976
만생양파,2020-02-25,976.8651833284258,1284.462991611762
만생양파,2020-03-03,1012.823419550796,958.2687078912057
만생양파,2020-03-10,873.8551800018785,965.7798367104282
만생양파,2020-03-17,1001.820817893285,815.9731818353898
만생양파,2020-03-24,908.0513993534767,978.0152849098722
만생양파,2020-03-31,940.0768693221523,798.2515762943731
만생양파,2020-04-07,2125.0,940.4275282518256
만생양파,2020-05-26,553.445567444204,871.6013026512713
만생양파,2020-06-02,597.8570213597004,565.3979342261955
만생양파,2020-06-09,665.3051123694744,646.7974607135964
만생양파,2020-06-16,717.496946904857,698.1684592391534
만생양파,2020-06-23,588.4472228761539,741.890936432098
만생양파,2020-06-30,607.5448891396305,630.5485397243158
만생양파,2020-07-07,738.9992431361408,646.2327297460033
만생양파,2020-07-14,728.993657065909,747.1859866990292
만생양파,2020-07-21,904.6668566712594,795.6136884586294
만생양파,2020-07-28,831.1529724842827,903.449649388404
만생양파,2020-08-04,888.150861415652,845.7135893489435
만생양파,2020-08-11,873.7526092660903,926.0404099031989
만생양파,2020-08-18,910.8396465383403,925.3734403347204
만생양파,2020-08-25,934.2122623120289,968.642352252324
만생양파,2020-09-01,984.0599946639022,945.2851726239518
만생양파,2020-09-08,982.7637890482512,988.2693027858588
만생양파,2020-09-15,988.9161765977852,1006.1098421748842
만생양파,2020-09-22,1016.446677720123,1028.2360431444026
만생양파,2020-09-29,1201.9873226123664,1046.7321575508092
만생양파,2020-10-06,1086.7041910423252,1154.646417154556
만생양파,2020-10-13,1087.1043609137234,1082.6564781044835
만생양파,2020-10-20,1156.590181335273,1115.9822952847514
만생양파,2020-10-27,1236.063744656652,1159.6557064333126
만생양파,2020-11-03,1223.6857618652843,1213.721507356975
만생양파,2020-11-10,1193.7250689829866,1254.1951902626556
만생양파,2020-11-17,1174.2149925247822,1233.3797192553504
만생양파,2020-11-24,1172.2373471293272,1176.5622658401678
만생양파,2020-12-01,1186.6629123656421,1178.537960266973
만생양파,2020-12-08,1192.2561633636446,1215.7552576165344
만생양파,2020-12-15,1298.850396640224,1239.8359778797862
만생양파,2020-12-22,1284.8072600165553,1340.8390612320252
만생양파,2020-12-29,1486.6984080399834,1347.8531597309716
맛느타리버섯,2020-01-07,4747.352277268358,3052.2604687907055
맛느타리버섯,2020-01-14,3852.9813733054116,4359.456923675947
맛느타리버섯,2020-01-21,2095.4583554689807,3387.168064736593
맛느타리버섯,2020-01-28,2488.915336689169,2188.1439738896875
맛느타리버섯,2020-02-04,2778.1004445996587,2434.339417476661
맛느타리버섯,2020-02-11,2663.9911661417036,2561.083408770526
맛느타리버섯,2020-02-18,3951.317729799221,2604.948184767916
맛느타리버섯,2020-02-25,1945.354203239811,3255.433612248739
맛느타리버섯,2020-03-03,2237.7380779903933,2126.7892926472746
맛느타리버섯,2020-03-10,2565.654368465329,2346.6409583657833
맛느타리버섯,2020-03-17,2369.2263108568045,2411.1135549719284
맛느타리버섯,2020-03-24,2017.7337117153186,2199.820180835773
맛느타리버섯,2020-03-31,2275.041599419485,2051.2028959610575
맛느타리버섯,2020-04-07,2124.512860014202,2245.5597609828324
맛느타리버섯,2020-04-14,1888.3297987038375,2131.103795465909
맛느타리버섯,2020-04-21,1775.8909804559125,2014.0456858181076
맛느타리버섯,2020-04-28,1388.9178317446779,2021.237894650274
맛느타리버섯,2020-05-05,1621.094865774249,1545.9286712203502
맛느타리버섯,2020-05-12,2194.8409000982806,1835.1491734514218
맛느타리버섯,2020-05-19,1912.446879756469,2164.457079593664
맛느타리버섯,2020-05-26,1495.5962717058223,1968.0998452384406
맛느타리버섯,2020-06-02,1539.1369402293371,1639.9486297649626
맛느타리버섯,2020-06-09,1995.136531816653,1659.3731803988123
맛느타리버섯,2020-06-16,2447.56972970061,2032.4049777003802
맛느타리버섯,2020-06-23,2652.2594928216827,2206.8265547065826
맛느타리버섯,2020-06-30,2596.8395929148955,2599.982599349229
맛느타리버섯,2020-07-07,1693.6363276142172,2248.208781748107
맛느타리버섯,2020-07-14,1476.5761027529031,1810.501995435026
맛느타리버섯,2020-07-21,3406.498815742513,2252.378800280369
맛느타리버섯,2020-07-28,2876.781685268193,3424.8954136621514
맛느타리버섯,2020-08-04,3523.521198654816,3210.1751721454593
맛느타리버섯,2020-08-11,2468.574085030851,3555.805226232643
맛느타리버섯,2020-08-18,3124.9693035071623,2516.050454206688
맛느타리버섯,2020-08-25,2888.841862788632,3306.3495150987346
맛느타리버섯,2020-09-01,4011.2024723469117,3074.069024587266
맛느타리버섯,2020-09-08,3769.803153801076,3899.740006947643
맛느타리버섯,2020-09-15,4392.210022227098,3383.486751519627
맛느타리버섯,2020-09-22,3683.6875526469253,3809.666647758942
맛느타리버섯,2020-09-29,2686.3536953242838,3070.2538197360186
맛느타리버섯,2020-10-06,2257.9706757853824,2590.564010458102
맛느타리버섯,2020-10-13,2067.3149203423945,2447.9519813754646
맛느타리버섯,2020-10-20,2435.8880890655228,2241.842530536248
맛느타리버섯,2020-10-27,2502.007973421927,2521.9088361133495
맛느타리버섯,2020-11-03,2299.2420193382245,2521.504221366375
맛느타리버섯,2020-11-10,1903.3118555016795,2396.1107587627776
맛느타리버섯,2020-11-17,2497.7076761303892,2072.0597692108504
맛느타리버섯,2020-11-24,2923.4169261089373,2554.3197306001616
맛느타리버섯,2020-12-01,3176.7299677054293,2980.4473351337783
맛느타리버섯,2020-12-08,3227.0128226294646,3154.5808486005476
맛느타리버섯,2020-12-15,4414.51960020597,3132.456134086604
맛느타리버섯,2020-12-22,3591.685099224275,3976.2972820491304
맛느타리버섯,2020-12-29,2649.0196879896453,3407.526353835059
미나리(일반),2020-01-07,5761.053589400686,3538.1877211418287
미나리(일반),2020-01-14,6647.397507827439,4993.543872700237
미나리(일반),2020-01-21,3249.154993138636,6077.463642063916
미나리(일반),2020-01-28,3621.9829364962284,2892.2486995370887
미나리(일반),2020-02-04,3759.982265813737,3752.081085279498
미나리(일반),2020-02-11,4077.346210896485,3614.5407466110014
미나리(일반),2020-02-18,2902.1326089783415,3715.6713795565115
미나리(일반),2020-02-25,3381.856095558478,2838.145692557701
미나리(일반),2020-03-03,3504.1825728267277,3138.6197525055063
미나리(일반),2020-03-10,3331.9323397452426,3298.060331001516
미나리(일반),2020-03-17,3138.9930504431813,3121.443261752667
미나리(일반),2020-03-24,2444.3248767584464,2952.303594147635
미나리(일반),2020-03-31,2264.9251803713682,2418.6395997416553
미나리(일반),2020-04-07,2333.5479800322896,2256.8712593822715
미나리(일반),2020-04-14,2163.2241932440083,2237.4221700578073
미나리(일반),2020-04-21,2222.737369187054,1973.1964169211592
미나리(일반),2020-04-28,2039.5216007615563,2188.0997557452524
미나리(일반),2020-05-05,2498.249934331495,1901.2135398065036
미나리(일반),2020-05-12,2222.6879047383136,2115.8371276949156
미나리(일반),2020-05-19,1753.5340190619986,1831.3216209902064
미나리(일반),2020-05-26,1692.1761263842056,1554.0650573932355
미나리(일반),2020-06-02,1867.4791483757683,1461.5121214996193
미나리(일반),2020-06-09,1557.9706067698955,1669.873157983677
미나리(일반),2020-06-16,1274.5099146940852,1269.935590820389
미나리(일반),2020-06-23,1671.8125529401939,1245.0247421178624
미나리(일반),2020-06-30,1370.050720738256,1495.3345648852562
미나리(일반),2020-07-07,1495.1812906105847,1423.0736502734442
미나리(일반),2020-07-14,1874.0706148729923,1556.2208627313796
미나리(일반),2020-07-21,2895.0091960472582,2390.408667692511
미나리(일반),2020-07-28,4253.072057632318,3309.541620114996
미나리(일반),2020-08-04,5314.708148537924,4477.897987123608
미나리(일반),2020-08-11,5228.587566062855,4922.400276795718
미나리(일반),2020-08-18,3974.7566048831486,5100.394730819229
미나리(일반),2020-08-25,4709.251278746627,4075.830729801151
미나리(일반),2020-09-01,5901.551183122496,4370.026955402869
미나리(일반),2020-09-08,4927.364912879111,5078.568784409356
미나리(일반),2020-09-15,6623.148210029183,4037.5379635292097
미나리(일반),2020-09-22,5870.442176279321,5078.186810950783
미나리(일반),2020-09-29,2791.498524217351,3942.6184739323294
미나리(일반),2020-10-06,3318.0291762754905,2666.925570549159
미나리(일반),2020-10-13,4291.2291373043545,3427.6278368766375
미나리(일반),2020-10-20,4266.445480380216,4056.249550589024
미나리(일반),2020-10-27,5175.551845308587,3956.4174332063253
미나리(일반),2020-11-03,5518.759022719413,4611.918995712183
미나리(일반),2020-11-10,6650.0791278354145,4342.6297539492425
미나리(일반),2020-11-17,8251.23402250103,5307.047000567383
미나리(일반),2020-11-24,5516.222082595533,6123.71537509991
미나리(일반),2020-12-01,4000.498853596063,3709.93769540833
미나리(일반),2020-12-08,3292.7617589521137,3555.3028228117864
미나리(일반),2020-12-15,4149.782614355263,3237.406718438817
미나리(일반),2020-12-22,3674.2041825486763,4085.5855265958817
미나리(일반),2020-12-29,4074.3625503249746,3774.1409574923955
밤고구마,2020-01-07,1585.885006470697,1582.2985914862873
밤고구마,2020-01-14,1648.6345425809534,1641.8210311635553
밤고구마,2020-01-21,1580.2388522683211,1682.366767259497
밤고구마,2020-01-28,2059.284282851417,1529.9393026523114
밤고구마,2020-02-04,2083.2314505854515,2003.2748940553593
밤고구마,2020-02-11,1998.9110131345076,2024.6534258601982
밤고구마,2020-02-18,2325.819264162828,1957.5883524293936
밤고구마,2020-02-25,1913.4363228913364,2277.345941675191
밤고구마,2020-03-03,2068.445034194141,1906.0099654573157
밤고구마,2020-03-10,2440.672660330508,2093.998067042013
밤고구마,2020-03-17,1933.1349094428315,2432.2784681881108
밤고구마,2020-03-24,2089.9072407586877,1971.1616469960072
밤고구마,2020-03-31,2710.6872527094442,2130.0054290478342
밤고구마,2020-04-07,2630.1936566940462,2649.031093103086
밤고구마,2020-04-14,3587.1830083310447,2645.5605782661555
밤고구마,2020-04-21,4260.127906423851,3284.742186856761
밤고구마,2020-04-28,3895.858029426121,3643.5037519462912
밤고구마,2020-05-05,4271.676052425566,3503.9010543693225
밤고구마,2020-05-12,4326.729138777331,3659.225920338902
밤고구마,2020-05-19,4607.1146349172905,3842.1853160569785
밤고구마,2020-05-26,4812.596899224806,3885.1897804529312
밤고구마,2020-06-02,4306.578681570265,4177.72170913999
밤고구마,2020-06-09,4405.160109221794,3852.4755128062825
밤고구마,2020-06-16,4446.38538027412,3734.7551287084116
밤고구마,2020-06-23,4681.93590019359,3838.1634247665943
밤고구마,2020-06-30,4669.430705072253,3783.992046945523
밤고구마,2020-07-07,5224.12766090855,3593.9902075583163
밤고구마,2020-07-14,5568.083986990626,3761.4650468201385
밤고구마,2020-07-21,5706.686293752045,3950.8005195448936
밤고구마,2020-07-28,4345.231570293231,4004.2253066433714
밤고구마,2020-08-04,2813.191881918819,3564.7602816243834
밤고구마,2020-08-11,1698.6011118199217,2309.5263048012157
밤고구마,2020-08-18,2222.7542732452416,1722.3964442372499
밤고구마,2020-08-25,2259.7430538480453,2206.7650147215427
밤고구마,2020-09-01,2159.4135633941246,2155.9905774502395
밤고구마,2020-09-08,2020.867985643001,1898.4140632967442
밤고구마,2020-09-15,1599.8632209999419,1902.9336814462736
밤고구마,2020-09-22,1947.491276053947,1683.3454510989927
밤고구마,2020-09-29,1963.2764864279302,1883.4941596291364
밤고구마,2020-10-06,1858.7099440249447,1857.2848525574516
밤고구마,2020-10-13,2121.1248139485433,1745.2238092837483
밤고구마,2020-10-20,2110.7082173902336,2001.3154282005564
밤고구마,2020-10-27,2191.903287788215,2024.8996754392306
밤고구마,2020-11-03,2211.504752915796,2131.032959118035
밤고구마,2020-11-10,2344.494892167991,2186.212380898278
밤고구마,2020-11-17,2283.1391603135403,2405.5273903041116
밤고구마,2020-11-24,2054.381145746248,2386.192284248658
밤고구마,2020-12-01,2444.2199065056484,2160.1962426998552
밤고구마,2020-12-08,2517.797121434112,2548.0107776719133
밤고구마,2020-12-15,2820.135004700721,2522.6588508958903
밤고구마,2020-12-22,2789.3705985915494,3038.4815016682373
밤고구마,2020-12-29,3037.782608695652,2664.871870673478
방울토마토,2020-01-07,2639.0310489679255,3950.556449804342
방울토마토,2020-01-14,2401.8715696249697,2897.3674220351413
방울토마토,2020-01-21,2666.8299225413666,2509.092525568532
방울토마토,2020-01-28,2985.1039122935845,2918.655938725208
방울토마토,2020-02-04,3045.0406946065655,2894.958479843069
방울토마토,2020-02-11,4512.011018329234,2932.7128586436766
방울토마토,2020-02-18,5559.122409830116,3982.0985582448193
방울토마토,2020-02-25,3322.7652457178883,4226.4583227478815
방울토마토,2020-03-03,3218.161704960401,3005.0850888414693
방울토마토,2020-03-10,3069.498666460516,3136.553324863036
방울토마토,2020-03-17,3135.7225537923505,3057.750999364108
방울토마토,2020-03-24,3733.331808282854,3029.3321507092946
방울토마토,2020-03-31,4101.161676646707,3253.6544506944947
방울토마토,2020-04-07,2914.2391443987667,3338.7521975423806
방울토마토,2020-04-14,3609.3185496367205,2810.2557799684023
방울토마토,2020-04-21,2218.831143187181,3095.516438453081
방울토마토,2020-04-28,1252.370216671322,2164.8851657274836
방울토마토,2020-05-05,1684.863361547763,1315.8473865467256
방울토마토,2020-05-12,1880.7245184198443,1892.9330934870482
방울토마토,2020-05-19,1913.5597106413245,1955.8228610835004
방울토마토,2020-05-26,1796.176819904203,1828.2846975099308
방울토마토,2020-06-02,1725.2283743475018,1832.8053716337402
방울토마토,2020-06-09,1393.7970881694157,1661.9907241653527
방울토마토,2020-06-16,1488.4861689657685,1545.1478411582736
방울토마토,2020-06-23,1918.8114930182599,1735.9182393138276
방울토마토,2020-06-30,2888.7432215005065,1876.4360052999746
방울토마토,2020-07-07,3392.333304317549,2904.4292913963477
방울토마토,2020-07-14,3482.868144709084,2867.716338975379
방울토마토,2020-07-21,1894.5712116368286,3266.4367427751636
방울토마토,2020-07-28,2491.2235156947404,2083.3195871712887
방울토마토,2020-08-04,3365.3031149956805,2897.4264458187718
방울토마토,2020-08-11,4017.009842867232,3354.7389104199506
방울토마토,2020-08-18,3654.821466321713,3743.180593426809
방울토마토,2020-08-25,3221.2979851924883,3425.397923870327
방울토마토,2020-09-01,2794.4898529750353,2782.3171578543743
방울토마토,2020-09-08,7812.50934369861,2837.269550700415
방울토마토,2020-09-15,4242.328404489564,5417.9310077857235
방울토마토,2020-09-22,2360.1179804522585,3802.9039561970276
방울토마토,2020-09-29,4729.688980395015,2472.1520647491643
방울토마토,2020-10-06,9379.055042490703,4650.0827525680115
방울토마토,2020-10-13,4580.74571065549,6080.388657723791
방울토마토,2020-10-20,2893.0626192566365,3590.1235357450423
방울토마토,2020-10-27,2347.349831826086,3319.987386059007
방울토마토,2020-11-03,2216.3863560696373,2291.2400785883005
방울토마토,2020-11-10,2389.5286812375193,2355.6604024815183
방울토마토,2020-11-17,1845.7102171591314,2315.9326321513063
방울토마토,2020-11-24,2259.615800609788,1908.53438556492
방울토마토,2020-12-01,2450.924733539743,2379.7979545163366
방울토마토,2020-12-08,2631.82330033313,2514.969842779368
방울토마토,2020-12-15,3370.0912084108163,2784.587641879666
방울토마토,2020-12-22,3321.6221237293985,3302.4941001450575
방울토마토,2020-12-29,2317.441125512154,3307.380523481
백다다기,2020-01-07,4081.3983431186452,3094.6796831388897
백다다기,2020-01-14,4320.325207986366,3331.0125176009888
백다다기,2020-01-21,2480.969859532717,3557.6569925435915
백다다기,2020-01-28,3153.399584558281,2327.641544830903
백다다기,2020-02-04,2718.9495800594577,2543.160414853153
백다다기,2020-02-11,2617.4910308131707,2413.5440618165253
백다다기,2020-02-18,3543.1515506256856,2445.15476283502
백다다기,2020-02-25,2560.7521105894934,2882.5164354513604
백다다기,2020-03-03,2829.9878565891727,2265.1327814320175
백다다기,2020-03-10,2113.795414676126,2449.8680582960483
백다다기,2020-03-17,1839.4631108855801,1901.435768246821
백다다기,2020-03-24,1917.3164382180034,1670.375839798421
백다다기,2020-03-31,1392.8790991933317,1580.6036638936107
백다다기,2020-04-07,1151.1026420235178,1299.59779410959
백다다기,2020-04-14,1264.3931691665061,1175.3309099550522
백다다기,2020-04-21,1074.286145569867,1146.7770423357515
백다다기,2020-04-28,918.5404748750474,991.7508465874292
백다다기,2020-05-05,1368.9960351665677,973.328656123618
백다다기,2020-05-12,1251.7148073130804,1143.573072982905
백다다기,2020-05-19,1191.2562255489968,1142.4815679970004
백다다기,2020-05-26,957.9445835942392,1124.9389226446806
백다다기,2020-06-02,1337.365189974401,919.3744273071744
백다다기,2020-06-09,1537.0513472673606,1154.5515917704581
백다다기,2020-06-16,1283.719139084858,1260.1685699322343
백다다기,2020-06-23,1903.8712471773233,1308.174798714352
백다다기,2020-06-30,1382.958725368365,1971.485014352936
백다다기,2020-07-07,1525.3038927253083,1285.7534356384706
백다다기,2020-07-14,1235.8425438918769,1493.9487330043976
백다다기,2020-07-21,1975.563835834706,1482.4794365023913
백다다기,2020-07-28,1863.1087689804908,2041.6255148875198
백다다기,2020-08-04,3216.955280664282,1904.8917217742267
백다다기,2020-08-11,2970.7851591712024,2506.0169250240624
백다다기,2020-08-18,2682.570333607922,2233.0452340065513
백다다기,2020-08-25,2904.439266963265,2303.9964418491354
백다다기,2020-09-01,3302.841852569647,2321.349897380118
백다다기,2020-09-08,2682.9128154334467,2533.9733981486042
백다다기,2020-09-15,3069.969324621757,2140.52290073442
백다다기,2020-09-22,1545.9215490264664,2325.3415120688433
백다다기,2020-09-29,1330.40375776519,1636.1709374688671
백다다기,2020-10-06,1321.7220150003418,1586.402552585712
백다다기,2020-10-13,1140.4240723049766,1366.5022844553482
백다다기,2020-10-20,998.3755339787746,1340.6367966979785
백다다기,2020-10-27,1231.8184917820645,1080.5707950220624
백다다기,2020-11-03,1329.1342470211018,1318.70092520675
백다다기,2020-11-10,1407.4536086831959,1553.7301684088018
백다다기,2020-11-17,1911.6046904128932,1626.962342155335
백다다기,2020-11-24,2154.376797980391,2053.375581356791
백다다기,2020-12-01,1886.5131475835321,2239.442517035069
백다다기,2020-12-08,1708.1550642983307,2053.2044189932776
백다다기,2020-12-15,2459.0939694878425,2052.8356337644595
백다다기,2020-12-22,2668.488643028956,2456.735343448506
백다다기,2020-12-29,2377.181705981057,2568.381809735983
브로코리(국산),2020-01-07,2367.873491468997,2295.265759264595
브로코리(국산),2020-01-14,2369.736934903731,2362.6624822309013
브로코리(국산),2020-01-21,1536.6925577768952,2386.238633268431
브로코리(국산),2020-01-28,2398.7494465321693,1697.0165495131314
브로코리(국산),2020-02-04,2259.023409569011,2417.486756663948
브로코리(국산),2020-02-11,2179.9232424968527,2278.4780253629037
브로코리(국산),2020-02-18,2358.629104298756,2285.49933815892
브로코리(국산),2020-02-25,2700.780320526279,2322.2042206654564
브로코리(국산),2020-03-03,2761.062985567385,2812.4822462254624
브로코리(국산),2020-03-10,3492.8495403967104,2755.0411112256306
브로코리(국산),2020-03-17,3043.434634403956,3431.020635248866
브로코리(국산),2020-03-24,2774.6021613651483,3233.033753167624
브로코리(국산),2020-03-31,3020.091771405771,2885.719859003068
브로코리(국산),2020-04-07,3023.9680693504256,3199.3280446848726
브로코리(국산),2020-04-14,3852.3291393956997,3180.9900994193795
브로코리(국산),2020-04-21,3157.0351057637877,3970.2042323827477
브로코리(국산),2020-04-28,2419.532917335718,3344.3934871485594
브로코리(국산),2020-05-05,2974.6598876352323,2374.361127677866
브로코리(국산),2020-05-12,2418.4038482654933,2783.728277549111
브로코리(국산),2020-05-19,2134.05960330908,2220.3751673697825
브로코리(국산),2020-05-26,2027.620604147881,2146.300872624737
브로코리(국산),2020-06-02,2476.106959565376,1994.7501823852704
브로코리(국산),2020-06-09,2316.1790254968946,2345.1931589051396
브로코리(국산),2020-06-16,2255.9749644310214,2177.933406895088
브로코리(국산),2020-06-23,2615.458372698192,2291.5660236986046
브로코리(국산),2020-06-30,3093.6154236876396,2771.6345150456837
브로코리(국산),2020-07-07,3391.5894396551726,3224.0565713930905
브로코리(국산),2020-07-14,3956.4618211514903,3291.8476906408346
브로코리(국산),2020-07-21,4516.525496974935,4448.8217341675245
브로코리(국산),2020-07-28,4440.680816082505,4588.33144799595
브로코리(국산),2020-08-04,4744.354495100128,4521.181200761109
브로코리(국산),2020-08-11,5110.597228858099,4957.768864266419
브로코리(국산),2020-08-18,5215.865542538048,4878.344561079212
브로코리(국산),2020-08-25,6267.589644192164,4889.894674488112
브로코리(국산),2020-09-01,6560.420259308935,5237.029548820762
브로코리(국산),2020-09-08,6355.277235823526,5034.927342401374
브로코리(국산),2020-09-15,7404.556206932017,4514.119461633904
브로코리(국산),2020-09-22,3516.422202289875,5236.786445376905
브로코리(국산),2020-09-29,3481.1791575029606,2781.7933702249693
브로코리(국산),2020-10-06,3001.247728914476,3212.96572588854
브로코리(국산),2020-10-13,3780.116421934083,2811.995523365499
브로코리(국산),2020-10-20,4066.036457274514,3502.4529252301404
브로코리(국산),2020-10-27,3568.26333234392,3623.9377468003095
브로코리(국산),2020-11-03,3165.254561694526,3358.7366743606235
브로코리(국산),2020-11-10,2012.853677644861,3064.309192373722
브로코리(국산),2020-11-17,1894.367143461815,2089.6005007128306
브로코리(국산),2020-11-24,2047.2060079726652,1942.1542991578838
브로코리(국산),2020-12-01,2367.779739138962,2038.9392194031848
브로코리(국산),2020-12-08,2585.08107029892,2345.9407463158723
브로코리(국산),2020-12-15,3095.5780586021992,2599.6728255530115
브로코리(국산),2020-12-22,2681.370911714408,3092.300039900294
브로코리(국산),2020-12-29,2568.6881508730116,2765.265109660171
빨강파프리카,2020-01-07,6019.698100301589,5607.734695342339
빨강파프리카,2020-01-14,6346.483219653528,6132.673988146988
빨강파프리카,2020-01-21,6066.09689028811,5868.944127902018
빨강파프리카,2020-01-28,5950.650511115877,5350.57277971809
빨강파프리카,2020-02-04,4785.80883885762,5352.796198345856
빨강파프리카,2020-02-11,5575.28626317191,4615.486601003446
빨강파프리카,2020-02-18,6970.908989795067,4472.980833253524
빨강파프리카,2020-02-25,5796.558973078792,6029.750554916444
빨강파프리카,2020-03-03,5597.798424664204,4481.3688297509825
빨강파프리카,2020-03-10,4517.043347123438,4334.531427394916
빨강파프리카,2020-03-17,4607.809842412396,4006.447986162617
빨강파프리카,2020-03-24,4242.795177205379,3935.4856904337526
빨강파프리카,2020-03-31,3744.470931187674,3684.0281949676337
빨강파프리카,2020-04-07,3429.614809313431,3371.489111127942
빨강파프리카,2020-04-14,3716.010293130454,3193.216268393911
빨강파프리카,2020-04-21,3196.0742427305945,3671.1410976298644
빨강파프리카,2020-04-28,2028.654621047086,2869.467021638841
빨강파프리카,2020-05-05,2216.808956071251,1986.0736331781
빨강파프리카,2020-05-12,3039.2557384817524,2400.3357877161707
빨강파프리카,2020-05-19,2617.672572503791,2798.7232756040758
빨강파프리카,2020-05-26,2199.4073539412307,2349.2017286911178
빨강파프리카,2020-06-02,2712.1581513673946,2279.7360787723146
빨강파프리카,2020-06-09,1964.5148957739052,2403.330092008222
빨강파프리카,2020-06-16,2108.8007217959985,1941.196909051601
빨강파프리카,2020-06-23,2693.800149873184,2302.7299916331845
빨강파프리카,2020-06-30,2429.118732701311,2631.975319507439
빨강파프리카,2020-07-07,1672.324028999678,2189.3282503596256
빨강파프리카,2020-07-14,2167.872159265469,1560.025337985278
빨강파프리카,2020-07-21,3275.2012458599283,2675.364138145064
빨강파프리카,2020-07-28,3900.9230198103337,4138.519026262072
빨강파프리카,2020-08-04,4457.2294817864495,3570.517791223344
빨강파프리카,2020-08-11,4295.944947560038,4811.054139992269
빨강파프리카,2020-08-18,3956.9745697168387,4310.340265608394
빨강파프리카,2020-08-25,4250.39911865324,3542.9690758571483
빨강파프리카,2020-09-01,6154.972655090756,4151.610455379478
빨강파프리카,2020-09-08,8353.881828930904,5430.527057791309
빨강파프리카,2020-09-15,10147.402365596516,6764.30262262061
빨강파프리카,2020-09-22,5477.763782833452,7380.177938680632
빨강파프리카,2020-09-29,4283.776360309168,4373.418428848694
빨강파프리카,2020-10-06,4460.3167311210045,4048.0119316312353
빨강파프리카,2020-10-13,5120.797723607707,4161.739493441009
빨강파프리카,2020-10-20,5102.404239566691,4098.83794180717
빨강파프리카,2020-10-27,4079.297269387742,3856.986080221605
빨강파프리카,2020-11-03,2699.4236621427244,3222.012724090475
빨강파프리카,2020-11-10,1946.9570056960924,2598.3427100459203
빨강파프리카,2020-11-17,1784.2372243546324,2167.2545263483103
빨강파프리카,2020-11-24,2478.3658176315885,2060.321091671339
빨강파프리카,2020-12-01,2845.590265250741,2658.301762496238
빨강파프리카,2020-12-08,3161.5220205765413,3025.0337057932416
빨강파프리카,2020-12-15,4496.354251435746,2971.3728707170785
빨강파프리카,2020-12-22,4973.125880354628,4840.521571307188
빨강파프리카,2020-12-29,5745.2091074136015,5234.447777677319
새송이(일반),2020-01-07,2954.0930304211106,2659.842560224169
새송이(일반),2020-01-14,2868.284742281276,3020.7610635783103
새송이(일반),2020-01-21,1715.3001845712138,2856.425624364604
새송이(일반),2020-01-28,1603.1400602584024,1740.6625821539408
새송이(일반),2020-02-04,1823.698357380118,1707.2084793257636
새송이(일반),2020-02-11,1963.8345933353128,1826.1468227136393
새송이(일반),2020-02-18,2305.3907666607715,2015.5174865684435
새송이(일반),2020-02-25,1943.6137880084352,2282.681333859715
새송이(일반),2020-03-03,1919.5890627677948,1985.6460790765736
새송이(일반),2020-03-10,1862.5151728315889,1891.0911126965225
새송이(일반),2020-03-17,1731.6740112982534,1885.6590692833329
새송이(일반),2020-03-24,1593.3004252345606,1793.6918767389864
새송이(일반),2020-03-31,1696.5984515661278,1653.8221193028694
새송이(일반),2020-04-07,1823.2285597290588,1703.0143165356553
새송이(일반),2020-04-14,1841.5611226031474,1848.2987681849945
새송이(일반),2020-04-21,2154.1211233947274,1841.6364409189803
새송이(일반),2020-04-28,2059.3755650418752,2173.2701699709896
새송이(일반),2020-05-05,2089.0698641530357,1984.3688280081726
새송이(일반),2020-05-12,2159.743684104381,1991.8702139986808
새송이(일반),2020-05-19,2223.6088359710793,2053.802292598261
새송이(일반),2020-05-26,1954.3216271353392,2105.5520681933044
새송이(일반),2020-06-02,1625.680055113891,1926.0748255468734
새송이(일반),2020-06-09,1726.9375559340629,1634.5636866647142
새송이(일반),2020-06-16,1762.3172589594928,1643.6153515511132
새송이(일반),2020-06-23,1856.672276276778,1743.2156305421288
새송이(일반),2020-06-30,1791.083822904,1885.8328317244532
새송이(일반),2020-07-07,1682.8788157003287,1768.2923906474302
새송이(일반),2020-07-14,1476.784182843624,1672.0220240419505
새송이(일반),2020-07-21,1751.6283146759095,1813.2205901228247
새송이(일반),2020-07-28,1754.922575493234,1939.332416027868
새송이(일반),2020-08-04,2107.5442935058777,1958.3038381746073
새송이(일반),2020-08-11,2228.0590320186348,2381.775668619842
새송이(일반),2020-08-18,2146.786053788147,2432.6178861599806
새송이(일반),2020-08-25,1982.8754438090557,2309.4974670325932
새송이(일반),2020-09-01,2318.9663479117467,2095.440091988121
새송이(일반),2020-09-08,2970.93632107719,2423.142266478702
새송이(일반),2020-09-15,3129.7630317332596,2841.1419973080197
새송이(일반),2020-09-22,3039.0646582325107,2749.986376348996
새송이(일반),2020-09-29,2382.1323756251218,2645.0919140511264
새송이(일반),2020-10-06,2406.85125188118,2385.085269403702
새송이(일반),2020-10-13,2479.5403311304885,2415.050885600851
새송이(일반),2020-10-20,2430.5542758263437,2424.7728711868976
새송이(일반),2020-10-27,2330.585499894314,2387.0443390845408
새송이(일반),2020-11-03,2269.6497425596267,2293.5136098813437
새송이(일반),2020-11-10,1947.1636750843657,2293.5136098813437
새송이(일반),2020-11-17,1786.7038979375725,2025.5775024099844
새송이(일반),2020-11-24,1677.2056115609548,1899.7307617589183
새송이(일반),2020-12-01,1762.3805290326536,1849.9960939746863
새송이(일반),2020-12-08,2002.0496261176543,1882.1563068449518
새송이(일반),2020-12-15,2580.6971461500834,2098.60422217425
새송이(일반),2020-12-22,2557.6449015085636,2622.9375424388027
새송이(일반),2020-12-29,2110.477566678764,2565.0216433819655
수미,2020-01-07,948.9982399264519,831.8837971147626
수미,2020-01-14,862.0195584531042,942.4592514543929
수미,2020-01-21,844.3994419566419,888.3299595012588
수미,2020-01-28,1033.545116424764,799.2898091770377
수미,2020-02-04,989.807422279915,1024.0531649445327
수미,2020-02-11,984.0209242393182,959.7360863174238
수미,2020-02-18,1509.8189822516847,1006.0631159555942
수미,2020-02-25,1087.7986070160534,1417.7033129164358
수미,2020-03-03,1024.9698613622663,1141.4088325316748
수미,2020-03-10,1507.791998413519,1060.6042818305398
수미,2020-03-17,1312.725641734194,1436.9526308153156
수미,2020-03-24,1275.5892880970475,1231.245067541128
수미,2020-03-31,1231.981528020513,1244.6415606241437
수미,2020-04-07,1317.407219058583,1216.5451745480887
수미,2020-04-14,1515.380898643039,1329.1639731895427
수미,2020-04-21,1770.971757321645,1451.1038278958765
수미,2020-04-28,1664.5773440995326,1589.0294831010247
수미,2020-05-05,1466.153424570489,1582.1080049818345
수미,2020-05-12,1302.8016637205137,1390.127526931669
수미,2020-05-19,1051.9756332918937,1233.9422148360925
수미,2020-05-26,1147.3018641643837,1023.5080354974243
수미,2020-06-02,928.8940953317007,1071.7729511855616
수미,2020-06-09,921.8169174724919,858.566903747045
수미,2020-06-16,753.3933291648088,882.2868292726948
수미,2020-06-23,757.4650804361379,760.6071399315066
수미,2020-06-30,680.6163832503837,733.1321513826516
수미,2020-07-07,711.3555375224923,659.4009619574728
수미,2020-07-14,764.4890290744553,690.7953294713878
수미,2020-07-21,849.6017493981557,805.649267376782
수미,2020-07-28,974.425622683087,864.8074490410488
수미,2020-08-04,1067.331317176836,1028.688813541976
수미,2020-08-11,1044.061622332011,1045.70085316437
수미,2020-08-18,1165.4692310119308,1101.1733491650004
수미,2020-08-25,1105.560393399713,1178.68032452132
수미,2020-09-01,1186.911733528539,1118.604408945916
수미,2020-09-08,1116.334606688105,1239.0877275084342
수미,2020-09-15,1011.0798926425634,1132.223523930906
수미,2020-09-22,1148.3111755581886,1071.3931623414694
수미,2020-09-29,1032.1726739298663,1182.180095783216
수미,2020-10-06,913.9107475714035,1070.507013071353
수미,2020-10-13,950.3027447803383,1000.7325056918189
수미,2020-10-20,987.4289685419368,997.7947717017923
수미,2020-10-27,976.9396881016165,1026.0394394307052
수미,2020-11-03,906.0769872369891,1061.9678113261484
수미,2020-11-10,940.4060072058573,945.4195033463172
수미,2020-11-17,992.7765647904586,1014.8244846378067
수미,2020-11-24,972.5403960524247,1033.525800704849
수미,2020-12-01,1013.9730774199211,1009.2903652469712
수미,2020-12-08,1087.0344427345833,1112.004501058675
수미,2020-12-15,1082.4920435414313,1166.4014748362974
수미,2020-12-22,974.2322103574057,1170.262822759161
수미,2020-12-29,1468.1891957364342,1069.80987519578
시금치(일반),2020-01-07,1963.5357889678282,1883.1153512211838
시금치(일반),2020-01-14,2101.303469507097,1957.9421427735192
시금치(일반),2020-01-21,1518.1441480240544,2261.1388993874275
시금치(일반),2020-01-28,1441.359234317393,1571.8802187475246
시금치(일반),2020-02-04,1515.933176403742,1484.48102802806
시금치(일반),2020-02-11,1687.861468865586,1569.2769646177048
시금치(일반),2020-02-18,1774.7190940032913,1636.3713151282088
시금치(일반),2020-02-25,1566.0346055448233,1762.5351640431595
시금치(일반),2020-03-03,2033.5058018242103,1588.8544327766463
시금치(일반),2020-03-10,2054.852336448598,1922.6095881611075
시금치(일반),2020-03-17,2068.3414466554336,1932.2352887667525
시금치(일반),2020-03-24,1636.586481276915,2002.243696255122
시금치(일반),2020-03-31,2114.164103559691,1671.098103685772
시금치(일반),2020-04-07,2062.432433117082,2191.625430201123
시금치(일반),2020-04-14,1771.8402826310132,1970.6097519636646
시금치(일반),2020-04-21,2247.252033581846,1840.8086521421303
시금치(일반),2020-04-28,1878.7514125037865,2284.808311502422
시금치(일반),2020-05-05,1791.1122290898056,1871.7734369645564
시금치(일반),2020-05-12,2146.7774030973787,1878.9222487555721
시금치(일반),2020-05-19,2091.197762607953,2116.9895659147383
시금치(일반),2020-05-26,1894.967934169672,1972.8702126887988
시금치(일반),2020-06-02,2161.810208096499,1866.3018393470563
시금치(일반),2020-06-09,3174.7556519093846,2133.733391489684
시금치(일반),2020-06-16,4098.33098058652,2970.181773471835
시금치(일반),2020-06-23,4280.002127365365,3852.4864087083383
시금치(일반),2020-06-30,4021.2918859041815,5062.19399087572
시금치(일반),2020-07-07,3184.48454085411,4438.172786939681
시금치(일반),2020-07-14,3912.308226971822,3373.298716174831
시금치(일반),2020-07-21,5020.350915616345,4738.378474005094
시금치(일반),2020-07-28,6255.710951060391,5973.183482132906
시금치(일반),2020-08-04,6308.756420722135,7011.833594167475
시금치(일반),2020-08-11,5899.332096474954,6341.7221683854905
시금치(일반),2020-08-18,6273.295812857704,5949.669437979614
시금치(일반),2020-08-25,8212.492137082683,6006.08484403191
시금치(일반),2020-09-01,8328.401590918682,6424.60163777206
시금치(일반),2020-09-08,7906.030023781213,6982.035938544596
시금치(일반),2020-09-15,7557.781537628587,6238.962630463365
시금치(일반),2020-09-22,4579.327664764162,5173.278752211516
시금치(일반),2020-09-29,2303.2102577275004,3671.371602499928
시금치(일반),2020-10-06,2518.3488408644403,2583.9759438811293
시금치(일반),2020-10-13,2436.862612796657,2649.6423219336093
시금치(일반),2020-10-20,2433.441930169771,2518.1326884637524
시금치(일반),2020-10-27,2201.9671708728806,2324.96932780263
시금치(일반),2020-11-03,2026.9410100501698,2168.8796538483443
시금치(일반),2020-11-10,1713.1836354351706,1803.329474191472
시금치(일반),2020-11-17,1440.4105532056547,1792.233079106557
시금치(일반),2020-11-24,1688.8877686777093,1521.645965346353
시금치(일반),2020-12-01,1617.8575902710531,1692.0851565497937
시금치(일반),2020-12-08,1920.512072347127,1691.8657371952834
시금치(일반),2020-12-15,2022.2271702578864,1871.0393260167878
시금치(일반),2020-12-22,2381.646063160832,1998.675656684141
시금치(일반),2020-12-29,3018.4156131913765,2391.6555764443438
애호박,2020-01-07,4036.3204413652566,3518.2253917582048
애호박,2020-01-14,3543.678474613898,3380.352076616932
애호박,2020-01-21,3221.5733934189466,3448.178553962351
애호박,2020-01-28,2963.137240557657,2859.3362607928348
애호박,2020-02-04,3165.250241962651,2661.2246054630446
애호박,2020-02-11,3307.0160446763293,2804.8377245449415
애호박,2020-02-18,4110.325123651648,2972.1721836490983
애호박,2020-02-25,3469.252804077305,3328.1325923878812
애호박,2020-03-03,2670.5446909369357,2961.1082840714953
애호박,2020-03-10,2610.822236702435,2391.608055268959
애호박,2020-03-17,1906.2087033827981,2428.9858163367053
애호박,2020-03-24,1706.7529096339003,1786.908976073488
애호박,2020-03-31,1484.2879876019933,1662.9964609024173
애호박,2020-04-07,1345.020228291272,1367.20470860718
애호박,2020-04-14,1271.006662746909,1248.1396817173602
애호박,2020-04-21,985.4215371391404,1175.6219862733494
애호박,2020-04-28,1012.0339354643933,1002.6932043784299
애호박,2020-05-05,1435.3934860354536,1050.055643605193
애호박,2020-05-12,1695.4535446939674,1280.5456455048945
애호박,2020-05-19,1360.1620945488535,1459.070683882059
애호박,2020-05-26,1225.2538372115935,1156.0429514916066
애호박,2020-06-02,1271.0268872606694,1115.6187517693847
애호박,2020-06-09,1425.4957143701047,1077.7001077086638
애호박,2020-06-16,1283.0706839438815,1191.0289977753498
애호박,2020-06-23,1737.2200608349237,1251.4962800854246
애호박,2020-06-30,1266.0285186754593,1628.754242532578
애호박,2020-07-07,1378.6683292965502,1113.926949873559
애호박,2020-07-14,1529.056390418842,1366.7629366073938
애호박,2020-07-21,2370.397322295773,1668.0604959205496
애호박,2020-07-28,3579.3442481874313,2229.760939442749
애호박,2020-08-04,5931.569074890518,2961.864628119995
애호박,2020-08-11,3662.790040814021,4352.282967292291
애호박,2020-08-18,1829.260591270096,2616.082713496119
애호박,2020-08-25,2898.734504545662,1679.7521569430924
애호박,2020-09-01,3302.229096281275,2403.9736493603355
애호박,2020-09-08,3453.6689423620014,2303.583095576419
애호박,2020-09-15,3237.7572959286485,2595.795080160997
애호박,2020-09-22,1318.9452924462607,2347.678534832054
애호박,2020-09-29,1071.4211004790516,1283.3063176196663
애호박,2020-10-06,1197.7246206620632,1205.2777211364012
애호박,2020-10-13,1377.1830373366854,1318.0292007160033
애호박,2020-10-20,1397.1515893159903,1455.430213521008
애호박,2020-10-27,1421.1626969275735,1460.756346439232
애호박,2020-11-03,1505.4371194795322,1542.8360505951016
애호박,2020-11-10,1285.853436306838,1596.9193457536976
애호박,2020-11-17,1629.7012224831121,1424.5329939032933
애호박,2020-11-24,2066.6116326792853,1730.9461521465303
애호박,2020-12-01,2135.44748345536,2063.1328091129344
애호박,2020-12-08,2287.7013125867925,2145.144486868474
애호박,2020-12-15,2581.602510846488,2282.7494306757844
애호박,2020-12-22,2803.681085283546,2606.5905316902113
애호박,2020-12-29,3521.005948256051,2641.2020602038215
양배추(일반),2020-01-07,948.9170718233526,1100.9894024841083
양배추(일반),2020-01-14,1174.9509861598808,929.5582354241566
양배추(일반),2020-01-21,953.8481003953929,1023.3015072553442
양배추(일반),2020-01-28,835.9787841272953,912.3045801480446
양배추(일반),2020-02-04,1072.7682213889739,796.3298668876639
양배추(일반),2020-02-11,926.484521916312,992.938927387686
양배추(일반),2020-02-18,1012.4344190374032,903.72513233493
양배추(일반),2020-02-25,897.9631603885335,960.8293275745449
양배추(일반),2020-03-03,1048.1697600675896,852.3633776188933
양배추(일반),2020-03-10,1052.1051557460326,973.5932382340845
양배추(일반),2020-03-17,1232.5502373803542,937.9508569538704
양배추(일반),2020-03-24,1321.4003081880128,1039.943271738937
양배추(일반),2020-03-31,1549.5459048364357,1137.1312702808684
양배추(일반),2020-04-07,1746.5620681061241,1324.8660984816986
양배추(일반),2020-04-14,1517.8535245386677,1475.176734210787
양배추(일반),2020-04-21,1314.1600491817105,1312.8753740015593
양배추(일반),2020-04-28,1032.2875135427953,1116.0649226834169
양배추(일반),2020-05-05,654.7113653458593,970.0742451313741
양배추(일반),2020-05-12,638.9354350689423,670.915287612082
양배추(일반),2020-05-19,514.9773895792073,578.4402430918545
양배추(일반),2020-05-26,350.4070483730144,456.98950805496924
양배추(일반),2020-06-02,430.1686826506911,367.4000532403278
양배추(일반),2020-06-09,414.0909258365538,408.5093059729218
양배추(일반),2020-06-16,369.3247567967954,376.87037514760306
양배추(일반),2020-06-23,396.57332622418824,353.0133920669542
양배추(일반),2020-06-30,286.0490608211707,405.82393049417027
양배추(일반),2020-07-07,342.3301724263137,319.039999826485
양배추(일반),2020-07-14,344.34714661376637,368.1513607436906
양배추(일반),2020-07-21,592.2586434310492,427.30043807419713
양배추(일반),2020-07-28,540.3107531769982,611.5311588080835
양배추(일반),2020-08-04,813.6141170048758,575.7556437491488
양배추(일반),2020-08-11,832.1006373179214,833.2495835899649
양배추(일반),2020-08-18,1051.4351703884167,841.3330785384413
양배추(일반),2020-08-25,1035.3400363578717,1044.3485530746837
양배추(일반),2020-09-01,1378.4404126522102,1049.8593910365787
양배추(일반),2020-09-08,1304.8220210865254,1396.7866445356096
양배추(일반),2020-09-15,1388.6186869562114,1338.7989380995607
양배추(일반),2020-09-22,1813.0862971897739,1473.1994824625199
양배추(일반),2020-09-29,1641.372994935526,1527.0738659389858
양배추(일반),2020-10-06,1348.2659328548773,1459.3857149955243
양배추(일반),2020-10-13,1088.1418195331587,1316.0376348315829
양배추(일반),2020-10-20,1109.4725680255658,1054.1924118971308
양배추(일반),2020-10-27,1181.0605884831862,1058.8487496220669
양배추(일반),2020-11-03,1056.7550597623617,1108.793968869257
양배추(일반),2020-11-10,919.5879885495013,1029.79666409413
양배추(일반),2020-11-17,534.4347861663525,924.3796484257887
양배추(일반),2020-11-24,487.6425150792189,499.70957879684056
양배추(일반),2020-12-01,490.97727735312014,516.887863569283
양배추(일반),2020-12-08,721.5245523705065,508.2236150088712
양배추(일반),2020-12-15,616.8819827049361,683.0933117854256
양배추(일반),2020-12-22,753.8334327609907,636.8783144309966
양배추(일반),2020-12-29,1039.708420026673,743.7283701094946
양상추(일반),2020-01-07,1732.6938773113488,1188.2679522091933
양상추(일반),2020-01-14,1485.5510657193606,1715.4227638675034
양상추(일반),2020-01-21,1255.1279619112895,1449.9029741742015
양상추(일반),2020-01-28,1478.1669837974976,1241.209212685932
양상추(일반),2020-02-04,1736.7380846654826,1421.9033800735099
양상추(일반),2020-02-11,2130.029372436485,1664.4977592194464
양상추(일반),2020-02-18,1421.6698313006646,1961.931210632632
양상추(일반),2020-02-25,1186.1664677804297,1307.1331969576704
양상추(일반),2020-03-03,1172.3933349164886,1180.0471731188647
양상추(일반),2020-03-10,1254.1876868651354,1157.8143586951487
양상추(일반),2020-03-17,957.0127295663428,1191.624785307645
양상추(일반),2020-03-24,745.5595692475464,961.7876783999802
양상추(일반),2020-03-31,711.7940009884303,801.205017640081
양상추(일반),2020-04-07,786.6657199659188,794.8805471246382
양상추(일반),2020-04-14,889.2406949369729,829.162253559662
양상추(일반),2020-04-21,889.3479941842239,851.3164919966543
양상추(일반),2020-04-28,731.7989240904155,878.8057583089615
양상추(일반),2020-05-05,859.1816529530291,735.2302816465115
양상추(일반),2020-05-12,920.3765301186888,821.8245292501356
양상추(일반),2020-05-19,858.5674593637711,985.2943520647791
양상추(일반),2020-05-26,953.1770809819658,857.8528935854499
양상추(일반),2020-06-02,658.6404738878143,961.7062767302851
양상추(일반),2020-06-09,782.1829716785182,763.151981019085
양상추(일반),2020-06-16,1172.0387642734347,815.8918878928134
양상추(일반),2020-06-23,1191.5696924069694,1198.2153708203318
양상추(일반),2020-06-30,1265.2000223073205,1336.7672468548928
양상추(일반),2020-07-07,1313.6745195457524,1395.3903087063056
양상추(일반),2020-07-14,1355.072958266329,1485.8020896324413
양상추(일반),2020-07-21,1891.9508686439306,1608.186090723378
양상추(일반),2020-07-28,2357.2933398896357,1787.3016666322949
양상추(일반),2020-08-04,2122.0272149384186,2259.0355536546685
양상추(일반),2020-08-11,3375.4746067544033,2116.6955972170294
양상추(일반),2020-08-18,2443.298969072165,2749.4382575941972
양상추(일반),2020-08-25,1699.3097039692022,2166.3736431967036
양상추(일반),2020-09-01,1745.5657823497563,1690.3020135874895
양상추(일반),2020-09-08,1627.1225506852418,1934.8810392795194
양상추(일반),2020-09-15,1532.94649457861,1714.2770122445895
양상추(일반),2020-09-22,1449.7506210586662,1501.5152362934787
양상추(일반),2020-09-29,1372.3524259192002,1400.418400538302
양상추(일반),2020-10-06,1176.4520262584456,1443.1403378166488
양상추(일반),2020-10-13,1103.6818950253012,1173.4515628762292
양상추(일반),2020-10-20,1345.0292123744305,1123.3876220990815
양상추(일반),2020-10-27,1095.6560167903365,1290.8133385161948
양상추(일반),2020-11-03,1311.6356038190524,1093.037497928671
양상추(일반),2020-11-10,1025.246372786046,1280.1171319030148
양상추(일반),2020-11-17,805.2018371963503,1053.7006850355901
양상추(일반),2020-11-24,908.7648148545516,860.1169091014466
양상추(일반),2020-12-01,1037.2687376948163,955.444212234062
양상추(일반),2020-12-08,829.2607044927231,1114.056766604678
양상추(일반),2020-12-15,1106.0326090804183,859.3164793098815
양상추(일반),2020-12-22,1209.517857289705,1195.4020088217146
양상추(일반),2020-12-29,1303.5543934656816,1312.6884928515367
양송이(일반),2020-01-07,5427.691609896658,5279.337517877331
양송이(일반),2020-01-14,4671.253976021531,5392.817664726706
양송이(일반),2020-01-21,4614.096214201648,4874.081336593905
양송이(일반),2020-01-28,5789.145636971724,4783.785525198361
양송이(일반),2020-02-04,6349.52278047902,5508.131292639476
양송이(일반),2020-02-11,6743.648914395794,6055.330566080242
양송이(일반),2020-02-18,6531.313190231763,6408.454689650512
양송이(일반),2020-02-25,6253.034687889384,6207.149782048541
양송이(일반),2020-03-03,5984.501979081018,6182.857532969705
양송이(일반),2020-03-10,6090.743731003039,6132.170350351344
양송이(일반),2020-03-17,5342.802142958994,6190.327191001824
양송이(일반),2020-03-24,6081.771213860766,5448.855577840228
양송이(일반),2020-03-31,7464.215357744877,6336.07179868821
양송이(일반),2020-04-07,6194.040336455744,7039.96881669896
양송이(일반),2020-04-14,5965.007464079119,6233.177998542714
양송이(일반),2020-04-21,6843.237525787615,6110.996780146665
양송이(일반),2020-04-28,7052.404038384646,6488.656067892641
양송이(일반),2020-05-05,6793.40597209445,7101.831517869377
양송이(일반),2020-05-12,6395.825299766797,6495.127879656637
양송이(일반),2020-05-19,8327.988406386658,6280.713360589303
양송이(일반),2020-05-26,7919.557583531341,7386.621258679033
양송이(일반),2020-06-02,9465.785507113984,7586.575281176308
양송이(일반),2020-06-09,8083.333677643267,7966.162635936216
양송이(일반),2020-06-16,7102.534983183158,7544.83418784454
양송이(일반),2020-06-23,7378.035259905489,7416.920850724668
양송이(일반),2020-06-30,7553.518848414113,7425.964921894211
양송이(일반),2020-07-07,8438.676416661274,6861.056725167438
양송이(일반),2020-07-14,7220.825752751751,7495.971147957954
양송이(일반),2020-07-21,7500.751081978235,8511.100890422007
양송이(일반),2020-07-28,8416.026847743266,7837.011817952541
양송이(일반),2020-08-04,7688.173813607776,8212.325733423851
양송이(일반),2020-08-11,8001.371670987509,7591.38989100555
양송이(일반),2020-08-18,7259.716167331417,8108.405739043989
양송이(일반),2020-08-25,8471.090585412421,7714.141140415675
양송이(일반),2020-09-01,8999.563106796117,8421.388431464573
양송이(일반),2020-09-08,9312.451937641274,8447.239781713575
양송이(일반),2020-09-15,7775.78754144955,8197.062397563453
양송이(일반),2020-09-22,9875.776998831581,7299.7505551338
양송이(일반),2020-09-29,7567.597984553752,7912.734104613045
양송이(일반),2020-10-06,7590.7375502502255,7650.866708621081
양송이(일반),2020-10-13,6382.876739602206,7489.314095514058
양송이(일반),2020-10-20,7868.570840911059,6739.670924957481
양송이(일반),2020-10-27,6914.025543992431,8118.750804134979
양송이(일반),2020-11-03,7644.143883225209,7423.119464661731
양송이(일반),2020-11-10,6863.8809749920865,7631.178064602356
양송이(일반),2020-11-17,7255.765885834331,6809.511230187422
양송이(일반),2020-11-24,6849.827660005857,7855.913043007142
양송이(일반),2020-12-01,7802.616261258501,7355.935769664763
양송이(일반),2020-12-08,8493.487828976915,7737.510822487307
양송이(일반),2020-12-15,10388.913120012518,8942.71645366299
양송이(일반),2020-12-22,9503.892504723914,9836.893899945253
양송이(일반),2020-12-29,6747.690354218661,8657.389756211085
영양부추,2020-01-07,16262.263489838822,13581.566092496558
영양부추,2020-01-14,7592.4,13693.278733364952
영양부추,2020-01-21,6966.6359642907755,7411.757810246989
영양부추,2020-01-28,4727.535971223022,8131.018686473246
영양부추,2020-02-04,4878.7358957893775,5129.141906862887
영양부추,2020-02-11,9975.186567164179,4622.280509201081
영양부추,2020-02-18,11077.896584743057,7780.875848311619
영양부추,2020-02-25,6567.160042457837,8782.065006724004
영양부추,2020-03-03,6753.496488881458,6470.9562923792755
영양부추,2020-03-10,6921.407774630155,5820.694016405883
영양부추,2020-03-17,7194.652504911592,6290.389540085513
영양부추,2020-03-24,9695.18661403194,6350.790832791817
영양부추,2020-03-31,6439.148690292758,7499.00904417155
영양부추,2020-04-07,6395.146051343823,5226.105277187135
영양부추,2020-04-14,4818.239503172675,5212.105990119628
영양부추,2020-04-21,5700.765860933325,3697.5729902315184
영양부추,2020-04-28,3343.1075909940378,4142.041398942237
영양부추,2020-05-05,2509.0580507275986,3214.7018077657613
영양부추,2020-05-12,2375.455671324341,2539.9819118541836
영양부추,2020-05-19,3107.3776270731214,2581.4076323199743
영양부추,2020-05-26,3932.974017135079,2965.5715005109555
영양부추,2020-06-02,5581.600570860182,3773.167024091115
영양부추,2020-06-09,5096.717802719973,4261.2379893568395
영양부추,2020-06-16,3599.0288771621226,4081.5142561584516
영양부추,2020-06-23,2872.157283476382,3949.993677918599
영양부추,2020-06-30,3101.098979265213,3165.470017761853
영양부추,2020-07-07,2989.984120873833,3168.4181672707905
영양부추,2020-07-14,2771.201366546154,3065.5758391782524
영양부추,2020-07-21,3301.333262320693,3540.8329173406682
영양부추,2020-07-28,4739.668599680309,3939.5384141458267
영양부추,2020-08-04,7822.589590443686,5128.301164124937
영양부추,2020-08-11,13572.128139370358,8057.332756105455
영양부추,2020-08-18,12925.229000641202,9420.11596536562
영양부추,2020-08-25,8639.204545454546,10305.88836667604
영양부추,2020-09-01,6702.069952527227,7873.208625527372
영양부추,2020-09-08,4666.710692201477,6823.909231032838
영양부추,2020-09-15,5721.466825804872,4587.7558364711385
영양부추,2020-09-22,7848.413784523514,5235.132301121082
영양부추,2020-09-29,4321.664336362728,7267.161823603545
영양부추,2020-10-06,5275.405820938215,4418.637667390001
영양부추,2020-10-13,6182.12585173631,5496.641885625583
영양부추,2020-10-20,11873.122737358402,6337.3237842453555
영양부추,2020-10-27,17812.619265455494,12386.051854726065
영양부추,2020-11-03,23550.516112789526,17638.57869095885
영양부추,2020-11-10,21637.657174556214,17183.62967433702
영양부추,2020-11-17,15234.920347574222,17769.929223046223
영양부추,2020-11-24,8190.109269027883,17353.749061783696
영양부추,2020-12-01,6778.434451975533,9958.8944129718
영양부추,2020-12-08,7888.849030682339,8767.08049508044
영양부추,2020-12-15,7578.387650085763,10553.283518256405
영양부추,2020-12-22,13850.106761565836,8801.970549505058
영양부추,2020-12-29,15869.20227920228,12501.556115604131
오이맛고추,2020-01-07,6593.142558017798,4822.6599145556265
오이맛고추,2020-01-14,7106.262437725594,5951.633151559639
오이맛고추,2020-01-21,7129.820632861413,5572.42555631239
오이맛고추,2020-01-28,6171.771229047419,5494.679487132806
오이맛고추,2020-02-04,4374.485494223363,4902.378066082105
오이맛고추,2020-02-11,6541.119717199919,3953.2570880512776
오이맛고추,2020-02-18,6979.51944323076,5133.302935829696
오이맛고추,2020-02-25,4318.339319735515,5512.9087754162
오이맛고추,2020-03-03,4049.9080091007613,3512.550222782055
오이맛고추,2020-03-10,4230.2935709856365,3617.8186777199553
오이맛고추,2020-03-17,4404.87872807422,3707.8723499930184
오이맛고추,2020-03-24,2598.963302592758,3520.966709888581
오이맛고추,2020-03-31,2037.4420876815066,2313.5102201406
오이맛고추,2020-04-07,2328.410953627015,2164.595698817575
오이맛고추,2020-04-14,3149.9919977924947,2389.1757915480803
오이맛고추,2020-04-21,2608.12200361531,2826.5667979973705
오이맛고추,2020-04-28,1650.7885426235018,2287.0566443071552
오이맛고추,2020-05-05,1878.9986216690336,1943.9985501074427
오이맛고추,2020-05-12,1881.0079047919514,2065.8929280424722
오이맛고추,2020-05-19,2348.2541924899747,2109.277162565996
오이맛고추,2020-05-26,2720.290685623011,2339.14180021648
오이맛고추,2020-06-02,1963.4586341463414,2263.321389987456
오이맛고추,2020-06-09,1782.2164284291646,1903.6764687553232
오이맛고추,2020-06-16,2509.2238421761062,1971.8839778297454
오이맛고추,2020-06-23,3096.4915901635736,2401.521465032424
오이맛고추,2020-06-30,2787.922625697081,3072.524768755439
오이맛고추,2020-07-07,2369.4473485495455,2509.1646117892624
오이맛고추,2020-07-14,2043.310318155348,2494.7772083113928
오이맛고추,2020-07-21,1622.570158504369,2314.3294708629305
오이맛고추,2020-07-28,1726.5570355004822,2066.3185243453213
오이맛고추,2020-08-04,2683.7030488782248,2199.156019967109
오이맛고추,2020-08-11,2857.865883129872,2831.9357641157676
오이맛고추,2020-08-18,4188.030579420188,2890.587952365272
오이맛고추,2020-08-25,4113.283885554417,4219.352510560862
오이맛고추,2020-09-01,4287.501163939452,4108.822780158853
오이맛고추,2020-09-08,5264.745456286292,3877.8945218286613
오이맛고추,2020-09-15,7533.112198507013,4293.637444211546
오이맛고추,2020-09-22,5218.934884563323,5280.835927973354
오이맛고추,2020-09-29,3351.516761577961,3389.0742474055382
오이맛고추,2020-10-06,3001.614325918285,3052.928675575529
오이맛고추,2020-10-13,2513.5828733402955,2778.611193026088
오이맛고추,2020-10-20,3030.6129111227265,2621.4624737319573
오이맛고추,2020-10-27,2566.648445254099,3127.506231380021
오이맛고추,2020-11-03,2301.8691124777406,2439.042638688062
오이맛고추,2020-11-10,1699.3580372500785,2385.937692373813
오이맛고추,2020-11-17,1424.7839504056287,1774.126902871073
오이맛고추,2020-11-24,1544.3105084257845,1686.5261585163717
오이맛고추,2020-12-01,1468.0230505312948,1969.987863549137
오이맛고추,2020-12-08,1738.2444341688313,1853.9674554353303
오이맛고추,2020-12-15,2749.9521185844715,2077.1645354161133
오이맛고추,2020-12-22,1923.9615748883778,3054.0569278173466
오이맛고추,2020-12-29,1996.5224933086267,2134.633164770884
완숙토마토,2020-01-07,2985.714285714286,3166.58916971891
완숙토마토,2020-01-14,2224.322002699718,2977.8692500491406
완숙토마토,2020-01-21,2520.3812040007547,2422.4431006078844
완숙토마토,2020-01-28,3100.9627920970815,2602.0076259407815
완숙토마토,2020-02-04,3392.2199592668026,2811.5366513803106
완숙토마토,2020-02-11,3143.878381126703,2987.3675548036545
완숙토마토,2020-02-18,3101.8914271677722,2920.738920508381
완숙토마토,2020-02-25,3027.1622587562547,2800.480544034153
완숙토마토,2020-03-03,3185.947712418301,2662.6416458479066
완숙토마토,2020-03-10,3120.5962059620597,2777.017619005225
완숙토마토,2020-03-17,2689.6310788149804,2861.795978431258
완숙토마토,2020-03-24,2803.3757050256754,2462.994786164135
완숙토마토,2020-03-31,2703.012289146656,2480.140984130923
완숙토마토,2020-04-07,2472.2102050135795,2452.5439306990766
완숙토마토,2020-04-14,2244.886119186994,2259.562466311581
완숙토마토,2020-04-21,1962.487747909324,2106.648682766681
완숙토마토,2020-04-28,1138.6909207669917,1866.0208748228288
완숙토마토,2020-05-05,1130.0266596451963,1135.3325809383307
완숙토마토,2020-05-12,1668.2570759736113,1105.6585038961691
완숙토마토,2020-05-19,1603.3896522714526,1437.995809101847
완숙토마토,2020-05-26,1482.9532194759734,1415.90019362977
완숙토마토,2020-06-02,1022.0354556264188,1362.7215817962312
완숙토마토,2020-06-09,835.5570014725523,1004.2507091252644
완숙토마토,2020-06-16,1919.6772483656282,975.7703230423577
완숙토마토,2020-06-23,1351.342700365813,1797.2278038228712
완숙토마토,2020-06-30,1560.093832868702,1090.2489854959285
완숙토마토,2020-07-07,1802.7909336941814,1515.566206078721
완숙토마토,2020-07-14,2677.622501326729,1883.2719316457908
완숙토마토,2020-07-21,2328.5651149086625,2570.5895102136415
완숙토마토,2020-07-28,1566.8701866370639,1974.5422310796544
완숙토마토,2020-08-04,1711.802283797812,1655.1779592633463
완숙토마토,2020-08-11,1639.365628604383,1859.447725045637
완숙토마토,2020-08-18,2558.911206595259,1609.4857904322898
완숙토마토,2020-08-25,3531.0990747009705,2340.630138110454
완숙토마토,2020-09-01,3752.0915896081024,3020.3648054276196
완숙토마토,2020-09-08,7507.932239849422,3314.479898289621
완숙토마토,2020-09-15,5969.970414201183,5901.905377738245
완숙토마토,2020-09-22,3735.186819652839,4666.888102257014
완숙토마토,2020-09-29,3750.7367886178863,3054.1750740016137
완숙토마토,2020-10-06,3751.7054908485857,3166.4826570590767
완숙토마토,2020-10-13,3327.176440196332,3413.3177479853307
완숙토마토,2020-10-20,3169.8960356449215,2973.0897692246654
완숙토마토,2020-10-27,2730.0453156286226,2749.1614431076664
완숙토마토,2020-11-03,2217.2461206049893,2579.747666337792
완숙토마토,2020-11-10,1923.2658662092624,2212.159942639507
완숙토마토,2020-11-17,1746.5231045311798,1967.7300243093312
완숙토마토,2020-11-24,1694.0047732696898,1808.9661719143407
완숙토마토,2020-12-01,1610.4484761391534,1809.414019631104
완숙토마토,2020-12-08,1681.5936292232889,1642.369911740508
완숙토마토,2020-12-15,2002.3737526459026,1745.5669721675838
완숙토마토,2020-12-22,1763.9811536097861,2054.910440496224
완숙토마토,2020-12-29,1789.5917246429879,1820.962820239238
일반부추,2020-01-07,5622.865803746363,5662.925282035905
일반부추,2020-01-14,5298.934525005021,4907.716043650826
일반부추,2020-01-21,4995.856694476487,4548.1635539419185
일반부추,2020-01-28,5952.713457576427,3493.0957906775666
일반부추,2020-02-04,5599.355485141732,4294.191166713873
일반부추,2020-02-11,3386.7406009693773,3560.410858506914
일반부추,2020-02-18,2367.348304456205,3178.374465809484
일반부추,2020-02-25,2436.440223724074,2289.4514331028104
일반부추,2020-03-03,3657.277245140294,2453.0256076337973
일반부추,2020-03-10,3442.6009405268555,3311.7261031919693
일반부추,2020-03-17,3242.521197736174,3133.3983754002174
일반부추,2020-03-24,2229.4383683338515,2860.2267173125124
일반부추,2020-03-31,2805.7868989539616,2105.836411985132
일반부추,2020-04-07,3057.933984176336,2488.7663167099627
일반부추,2020-04-14,2291.3822731687187,2623.75430605232
일반부추,2020-04-21,3431.404658861274,1911.0897366530708
일반부추,2020-04-28,2392.7337632128165,3186.214837025167
일반부추,2020-05-05,1923.1098596585323,1939.5006978500887
일반부추,2020-05-12,1812.6242541856705,1822.0793005508297
일반부추,2020-05-19,1532.0666125807666,1735.4669034545034
일반부추,2020-05-26,1419.5091055904413,1421.7861986950345
일반부추,2020-06-02,1696.4426715817256,1419.042798630519
일반부추,2020-06-09,1651.4630399951093,1511.763016035949
일반부추,2020-06-16,1802.2454028934549,1484.0961106017019
일반부추,2020-06-23,1194.2741372543028,1734.283193589542
일반부추,2020-06-30,1070.7900179407955,1240.6465647082741
일반부추,2020-07-07,899.02936449767,1247.0815180278157
일반부추,2020-07-14,1104.2986380331179,982.8243828428197
일반부추,2020-07-21,1507.2944275820794,1568.3713341412606
일반부추,2020-07-28,3383.6748082965173,2189.2272496740807
일반부추,2020-08-04,6064.233015351033,3841.970908513704
일반부추,2020-08-11,8137.688118071723,5458.932758377729
일반부추,2020-08-18,6535.637674865971,5963.642114642216
일반부추,2020-08-25,3683.675896507878,4980.132474914267
일반부추,2020-09-01,3022.804258931975,2889.4073428370434
일반부추,2020-09-08,2235.529055238959,2561.265221099086
일반부추,2020-09-15,2877.670152302987,2191.3267162806264
일반부추,2020-09-22,2065.0180468537183,2687.035281061355
일반부추,2020-09-29,2173.4343107169684,1953.2913369778944
일반부추,2020-10-06,2857.993127541014,2266.1706143220936
일반부추,2020-10-13,3322.764973244794,2841.244228742075
일반부추,2020-10-20,4725.181592757471,3342.08899808834
일반부추,2020-10-27,5492.702820746133,4664.270504362902
일반부추,2020-11-03,6646.868608573193,4491.30928494515
일반부추,2020-11-10,4734.446189956937,5950.762898867845
일반부추,2020-11-17,3772.529421567616,4038.6057295727956
일반부추,2020-11-24,2838.9312896106835,3601.9456503250854
일반부추,2020-12-01,2414.628213438517,2790.735568668028
일반부추,2020-12-08,2424.7920825295646,2579.169559687489
일반부추,2020-12-15,3031.3565295919593,2679.8706689490787
일반부추,2020-12-22,4852.802,3474.843781003352
일반부추,2020-12-29,4288.573611567532,4999.799519559744
자주양파,2020-01-07,495.6920605394437,526.0267623145124
자주양파,2020-01-14,355.0295857988166,451.0333620152489
자주양파,2020-01-21,610.8203160683292,404.8427931486703
자주양파,2020-01-28,560.1609599063506,568.7778531665414
자주양파,2020-02-04,660.0552978543518,499.33945166862304
자주양파,2020-02-11,1000.7321468799279,641.6256630374005
자주양파,2020-02-18,904.6172634204646,829.3003416027966
자주양파,2020-02-25,772.3302656711235,816.8700372071743
자주양파,2020-03-03,1054.2105480526989,820.7947369605013
자주양파,2020-03-10,957.8166142374461,983.667284656469
자주양파,2020-03-17,991.4028017654961,874.2624134326845
자주양파,2020-03-24,1175.1451800232287,925.9825940665429
자주양파,2020-03-31,1078.5901215755127,1048.7559442258155
자주양파,2020-04-07,959.5392200066101,1064.5300744199646
자주양파,2020-04-14,946.699031789133,942.4586133921615
자주양파,2020-04-21,870.2258459736964,971.0666967443723
자주양파,2020-04-28,790.1337923480166,858.3744278916572
자주양파,2020-05-05,882.2274146879163,818.4280943224142
자주양파,2020-05-12,614.8539156906057,827.3671572041748
자주양파,2020-05-19,484.7737309686272,609.140081234644
자주양파,2020-05-26,391.2778515217597,507.76446650295986
자주양파,2020-06-02,465.5481883838077,435.9722282480216
자주양파,2020-06-09,548.3407447124715,489.1707980249348
자주양파,2020-06-16,490.4249780222897,548.4991075104655
자주양파,2020-06-23,490.32063889723344,498.2887137737201
자주양파,2020-06-30,467.18334360581326,537.7750401065643
자주양파,2020-07-07,479.14512179939413,452.7361980385567
자주양파,2020-07-14,455.2651932217955,519.158514313011
자주양파,2020-07-21,393.6057055698027,467.6580101153174
자주양파,2020-07-28,509.3713337506004,426.81856040315483
자주양파,2020-08-04,646.7898673764398,526.4961812389798
자주양파,2020-08-11,764.2536316167191,605.098641669305
자주양파,2020-08-18,659.3558766008454,737.9302059805137
자주양파,2020-08-25,498.05115027903804,667.372811361134
자주양파,2020-09-01,775.12980441335,510.05911038565165
자주양파,2020-09-08,825.9726711724949,797.858110498466
자주양파,2020-09-15,690.6619757974688,817.392761503553
자주양파,2020-09-22,482.90924512298557,766.6132567014927
자주양파,2020-09-29,666.5085096150395,562.1528727350752
자주양파,2020-10-06,608.3875409191171,730.3104026294188
자주양파,2020-10-13,675.4483909539007,620.4516873882626
자주양파,2020-10-20,720.9096257374036,747.8076279307173
자주양파,2020-10-27,703.3048250953657,745.5414470709134
자주양파,2020-11-03,769.8401412249301,775.5614817865211
자주양파,2020-11-10,644.5285037444597,809.2073221803406
자주양파,2020-11-17,602.5554435142762,700.1652681511005
자주양파,2020-11-24,521.6841109885322,584.8490534458039
자주양파,2020-12-01,598.6489535972185,562.7563699474697
자주양파,2020-12-08,703.084399805605,603.9252610467895
자주양파,2020-12-15,808.9107953996328,740.4779107555426
자주양파,2020-12-22,621.778925666644,844.9239476812886
자주양파,2020-12-29,690.711800436398,696.263570017378
적채(일반),2020-01-07,1762.9758266185052,2214.144155482166
적채(일반),2020-01-14,2131.0514430661674,1983.358308470325
적채(일반),2020-01-21,1969.111092769891,2442.5855365191555
적채(일반),2020-01-28,1725.434391851408,2059.013748840875
적채(일반),2020-02-04,1881.2688149972632,1654.50749453298
적채(일반),2020-02-11,1858.5182011856243,1805.194767958181
적채(일반),2020-02-18,1516.9058674546222,1803.5948509076557
적채(일반),2020-02-25,1167.6844676549865,1469.6174024200695
적채(일반),2020-03-03,1461.844578650562,1201.9813300791711
적채(일반),2020-03-10,1397.7087188418418,1376.2821539167971
적채(일반),2020-03-17,1427.3996204554535,1373.902191218707
적채(일반),2020-03-24,1657.3499509185247,1487.1513374436138
적채(일반),2020-03-31,2178.994938539407,1523.615498302615
적채(일반),2020-04-07,1994.294253498166,2045.9887747265095
적채(일반),2020-04-14,2209.64576507607,1804.2271551455717
적채(일반),2020-04-21,2092.958314140949,1977.7948165418804
적채(일반),2020-04-28,1408.2277107387795,1933.1661069791676
적채(일반),2020-05-05,1267.9336468129572,1289.4105722562915
적채(일반),2020-05-12,1145.143699513411,1169.0611500492694
적채(일반),2020-05-19,1093.6539938556068,1107.2314510405151
적채(일반),2020-05-26,807.6412712796945,1025.12832744886
적채(일반),2020-06-02,663.4328358208955,722.4506287912881
적채(일반),2020-06-09,736.7087075361187,738.9706516007271
적채(일반),2020-06-16,913.3387923070462,689.6439895990628
적채(일반),2020-06-23,853.1506425143211,872.6094366559648
적채(일반),2020-06-30,690.8215262242107,839.4066827520796
적채(일반),2020-07-07,882.0954782157921,778.0694193937909
적채(일반),2020-07-14,979.9518046093636,864.5903413117761
적채(일반),2020-07-21,1149.4693094629156,1042.738969411264
적채(일반),2020-07-28,1492.3219407265774,1221.2000464441353
적채(일반),2020-08-04,1324.1859136537992,1565.4312719117254
적채(일반),2020-08-11,1285.4484536082475,1444.2542985369987
적채(일반),2020-08-18,1418.4203516249333,1400.5412461671601
적채(일반),2020-08-25,1371.8238667259875,1540.748953472514
적채(일반),2020-09-01,1458.3763585767542,1530.0382234781682
적채(일반),2020-09-08,1227.3942991133583,1456.9169913953551
적채(일반),2020-09-15,1366.076320015113,1257.6342693692548
적채(일반),2020-09-22,1838.0380794701987,1387.7970453797273
적채(일반),2020-09-29,1769.5811093061036,1737.7985748714166
적채(일반),2020-10-06,1467.3189629482467,1651.7435998335638
적채(일반),2020-10-13,1382.4778509306673,1385.2493219519438
적채(일반),2020-10-20,1211.8015068616019,1408.2296825869444
적채(일반),2020-10-27,1525.772713915529,1271.9498574144206
적채(일반),2020-11-03,1653.5897369511185,1516.8651870733684
적채(일반),2020-11-10,1331.893247566991,1588.4224006685536
적채(일반),2020-11-17,848.6311870346036,1299.8680184165296
적채(일반),2020-11-24,1101.552295790214,934.7162014916181
적채(일반),2020-12-01,1015.7639047184864,1116.2527021813034
적채(일반),2020-12-08,1627.3058157580358,1069.1391669077427
적채(일반),2020-12-15,1138.4562928190815,1696.1918709751726
적채(일반),2020-12-22,1190.3307266210493,1226.1689661529851
적채(일반),2020-12-29,1279.4896640826873,1309.8603436810688
쥬키니호박,2020-01-07,2248.6340915908577,2361.5271749956405
쥬키니호박,2020-01-14,1833.5353236772096,2380.698357411899
쥬키니호박,2020-01-21,1812.98525734187,2107.6772810271564
쥬키니호박,2020-01-28,2426.221581025397,1871.9774780369944
쥬키니호박,2020-02-04,1663.0675067854509,2129.779197610396
쥬키니호박,2020-02-11,2250.047416003428,1500.1304051327998
쥬키니호박,2020-02-18,1850.2086938817063,2152.3700947880043
쥬키니호박,2020-02-25,1449.7584347153397,1752.8414039825564
쥬키니호박,2020-03-03,1478.364087420554,1435.487897724322
쥬키니호박,2020-03-10,1086.2137700678807,1417.6525650701524
쥬키니호박,2020-03-17,670.8174258466389,1097.3354734631923
쥬키니호박,2020-03-24,674.4386642695941,786.6919129486166
쥬키니호박,2020-03-31,480.5743440233236,768.1590827104277
쥬키니호박,2020-04-07,635.239210329463,660.5925201606603
쥬키니호박,2020-04-14,723.3295389869095,587.5901106999507
쥬키니호박,2020-04-21,418.35907737064485,687.3945651835355
쥬키니호박,2020-04-28,596.8687110685194,527.0313406465747
쥬키니호박,2020-05-05,1091.1965432298186,753.9668827347565
쥬키니호박,2020-05-12,1315.3040578515493,839.1986448641209
쥬키니호박,2020-05-19,1044.9109725077528,1080.5618572272563
쥬키니호박,2020-05-26,525.2991063606098,953.3863769747286
쥬키니호박,2020-06-02,444.75206705692096,628.4597572580946
쥬키니호박,2020-06-09,513.7396740343827,545.0724798990407
쥬키니호박,2020-06-16,726.9424712794879,712.6097434964885
쥬키니호박,2020-06-23,793.7049908010397,808.9177389333319
쥬키니호박,2020-06-30,860.8288286808078,1035.1699938798104
쥬키니호박,2020-07-07,804.537193013565,755.1609406081395
쥬키니호박,2020-07-14,811.5659500290528,914.7159645957458
쥬키니호박,2020-07-21,1304.040387695992,1121.5298242717204
쥬키니호박,2020-07-28,3185.1000562565296,1652.4589743170268
쥬키니호박,2020-08-04,4060.4285656418356,2134.1230964219058
쥬키니호박,2020-08-11,6308.444203095302,2576.7746221625225
쥬키니호박,2020-08-18,1454.0260215677004,4453.7248448119
쥬키니호박,2020-08-25,1841.061506035639,1302.568730664823
쥬키니호박,2020-09-01,2799.4731075574596,1953.2212175969473
쥬키니호박,2020-09-08,2485.292306288634,2266.8741464374457
쥬키니호박,2020-09-15,1188.2991940899933,1673.4128882479304
쥬키니호박,2020-09-22,344.86350124290954,1184.1515100794068
쥬키니호박,2020-09-29,411.6083430742256,607.0640261944528
쥬키니호박,2020-10-06,285.4634481659328,464.10279905779856
쥬키니호박,2020-10-13,357.6916680525528,512.625300240768
쥬키니호박,2020-10-20,436.0451435792409,513.2963168774556
쥬키니호박,2020-10-27,546.7482165521467,545.3308507792722
쥬키니호박,2020-11-03,560.1159159929852,671.4737382569956
쥬키니호박,2020-11-10,648.5819123677962,685.6251069775453
쥬키니호박,2020-11-17,884.9339601522274,679.606212938699
쥬키니호박,2020-11-24,924.7108178559791,897.8452210473048
쥬키니호박,2020-12-01,841.3119365552769,1084.843528521334
쥬키니호박,2020-12-08,975.3612213990422,894.9156692309816
쥬키니호박,2020-12-15,1006.4190017155461,1050.545102510462
쥬키니호박,2020-12-22,863.2718409481935,1046.1017671457707
쥬키니호박,2020-12-29,1169.8328601703388,1104.9673085379893
쪽파(일반),2020-01-07,3465.976166925722,3545.050184719433
쪽파(일반),2020-01-14,4370.12079518986,3869.0128278655698
쪽파(일반),2020-01-21,2278.8719035047507,4125.131037912787
쪽파(일반),2020-01-28,2202.170636625944,2452.29485784003
쪽파(일반),2020-02-04,3166.366217418075,2125.5279552327747
쪽파(일반),2020-02-11,2420.075180580807,2688.253649381446
쪽파(일반),2020-02-18,1922.8769867137592,2111.7862079387123
쪽파(일반),2020-02-25,1726.7073296097042,1770.8866249605442
쪽파(일반),2020-03-03,1883.878517850093,1788.5318006305445
쪽파(일반),2020-03-10,1859.4226915034835,1981.6245225827556
쪽파(일반),2020-03-17,1659.2053863975468,1908.4375098406572
쪽파(일반),2020-03-24,1485.1695054421723,1683.8225668413343
쪽파(일반),2020-03-31,2100.2848872359527,1536.7382528785456
쪽파(일반),2020-04-07,2899.5737305602397,2159.3518095799723
쪽파(일반),2020-04-14,2278.243932286355,2669.3534863468635
쪽파(일반),2020-04-21,3081.0428008675253,2140.2235522763795
쪽파(일반),2020-04-28,2419.076633165829,3000.120028675778
쪽파(일반),2020-05-05,2464.7941298420637,2401.5875224177057
쪽파(일반),2020-05-12,2665.566089220838,2456.9037192095484
쪽파(일반),2020-05-19,3393.3106425053716,2696.537717516207
쪽파(일반),2020-05-26,3784.860587792012,3033.3521632913494
쪽파(일반),2020-06-02,4045.740318906606,3427.288739516639
쪽파(일반),2020-06-09,3724.1023756511963,3603.9573304397218
쪽파(일반),2020-06-16,3033.034105263158,3312.05668082754
쪽파(일반),2020-06-23,4396.541180009023,2804.5352111307707
쪽파(일반),2020-06-30,3840.754600912493,4036.4097419049326
쪽파(일반),2020-07-07,2531.8969079911335,3169.9336718028103
쪽파(일반),2020-07-14,3045.705438879914,2220.566706609108
쪽파(일반),2020-07-21,2864.5782105644457,2970.505288227442
쪽파(일반),2020-07-28,3348.1106876722583,2724.965833017434
쪽파(일반),2020-08-04,4102.599146062953,3119.385967483018
쪽파(일반),2020-08-11,5404.598028062192,3637.333589158842
쪽파(일반),2020-08-18,5432.491803278688,4298.73642201669
쪽파(일반),2020-08-25,5939.007933194154,4076.8703071208565
쪽파(일반),2020-09-01,6054.100871545333,4271.469341948653
쪽파(일반),2020-09-08,5664.870091918601,4379.577486585665
쪽파(일반),2020-09-15,5466.555170283064,3748.134589469324
쪽파(일반),2020-09-22,4316.498820633781,3761.3610115949837
쪽파(일반),2020-09-29,2789.3472272923373,3537.019794659417
쪽파(일반),2020-10-06,2568.512871077931,2474.5219097941485
쪽파(일반),2020-10-13,3719.371057352856,2540.826168455078
쪽파(일반),2020-10-20,3492.5679553238097,3379.1894214790614
쪽파(일반),2020-10-27,3930.5965696486724,3176.1976807910187
쪽파(일반),2020-11-03,4415.181315304241,3433.250246270962
쪽파(일반),2020-11-10,3963.6884836431036,4039.2017346123353
쪽파(일반),2020-11-17,2880.872320238552,3319.108143111294
쪽파(일반),2020-11-24,3980.0530648343424,2853.263340615103
쪽파(일반),2020-12-01,4355.984729800299,3997.227713751533
쪽파(일반),2020-12-08,6355.784047292186,4444.956454049653
쪽파(일반),2020-12-15,7561.6084192596645,5724.009581974758
쪽파(일반),2020-12-22,8655.44410179945,6609.807963014916
쪽파(일반),2020-12-29,9598.09269730031,7398.412274163733
청고추,2020-01-07,5842.967127066753,4172.278852253444
청고추,2020-01-14,6638.19278908188,5460.043686827524
청고추,2020-01-21,6525.730614036502,6084.15946877774
청고추,2020-01-28,6035.432643506002,5245.5177372253
청고추,2020-02-04,4123.588386984442,5123.025386764135
청고추,2020-02-11,7341.1327506709795,3823.6137043262543
청고추,2020-02-18,5217.87786287118,5352.065864980762
청고추,2020-02-25,3428.551477892026,4036.4460099195126
청고추,2020-03-03,3507.8091784419157,3069.8217078298235
청고추,2020-03-10,3982.120160146752,3128.6805094214
청고추,2020-03-17,3575.6485057660175,3545.472184997131
청고추,2020-03-24,1956.3934643001319,2982.438574054251
청고추,2020-03-31,1916.7971942437696,1925.5801535713492
청고추,2020-04-07,2001.8495664425323,2097.289080256238
청고추,2020-04-14,2702.294380433436,1963.3519406091377
청고추,2020-04-21,2226.7215372649666,2588.4833527348924
청고추,2020-04-28,1660.9101371641325,2263.7036213382316
청고추,2020-05-05,2048.298757590483,1749.6796870743499
청고추,2020-05-12,1472.244068300705,2039.2262435677028
청고추,2020-05-19,2670.034637310103,1636.2445446851107
청고추,2020-05-26,2340.3715773372264,2446.762595160411
청고추,2020-06-02,1820.2449182901412,2212.6355316317768
청고추,2020-06-09,1863.9610538627358,1866.1811058592364
청고추,2020-06-16,2359.099656217973,1957.291822949397
청고추,2020-06-23,3028.8678252709974,2338.979034552659
청고추,2020-06-30,2597.8901310436336,2964.2688398303253
청고추,2020-07-07,3117.913033095426,2431.082271080833
청고추,2020-07-14,2336.539352241311,2941.437956592683
청고추,2020-07-21,1887.0486055118847,2492.138445813489
청고추,2020-07-28,2321.1453067235198,2149.808054092595
청고추,2020-08-04,4150.71569835233,2742.3081238995815
청고추,2020-08-11,4135.683929267591,4330.77108851475
청고추,2020-08-18,5111.09380684248,3888.9011351177487
청고추,2020-08-25,5158.414065886966,4496.318165819527
청고추,2020-09-01,5663.612596624278,4164.00789839801
청고추,2020-09-08,6969.385727464631,3649.626537555511
청고추,2020-09-15,8609.925112674311,5227.178321227302
청고추,2020-09-22,5184.767850076657,6101.878200946283
청고추,2020-09-29,2366.2044902380176,3108.615996653013
청고추,2020-10-06,2217.160722662762,2294.2931257141327
청고추,2020-10-13,1717.563715460284,2619.2895752187633
청고추,2020-10-20,2082.6349516444184,2014.3894439968028
청고추,2020-10-27,2438.649360410862,2346.5993452127896
청고추,2020-11-03,2551.4306852019536,2484.5894990669417
청고추,2020-11-10,1835.7733132678045,2420.2728487602863
청고추,2020-11-17,1416.2925302897663,1714.9167936977356
청고추,2020-11-24,1576.9333610518017,1633.3782915479
청고추,2020-12-01,1359.7966202296677,1955.49868540301
청고추,2020-12-08,1655.6137759605886,1816.4949731116342
청고추,2020-12-15,2252.8483830323394,2087.1286385148173
청고추,2020-12-22,1785.905578490526,2703.181874028107
청고추,2020-12-29,1913.418417087654,2338.037460777147
청양,2020-01-07,6461.324346405228,6019.227438878293
청양,2020-01-14,5061.842410624593,6366.1679242358305
청양,2020-01-21,7386.178579869669,4872.749518808302
청양,2020-01-28,9441.620098622569,7277.5357315525625
청양,2020-02-04,8487.25744317869,7979.368071830001
청양,2020-02-11,11869.25647947095,7852.615748713514
청양,2020-02-18,12050.113827096833,10223.438681621952
청양,2020-02-25,7800.558852886566,9568.708515160262
청양,2020-03-03,6538.04994118005,6973.48816769952
청양,2020-03-10,5480.010908970439,5426.478206072632
청양,2020-03-17,4907.203679841927,4676.377554468062
청양,2020-03-24,3023.454072734011,4250.410796400758
청양,2020-03-31,2752.7494745675285,2758.453400515276
청양,2020-04-07,2277.8816762181527,2530.2350324784675
청양,2020-04-14,2494.3130978134363,2510.62689665386
청양,2020-04-21,2695.6038954027395,2481.1528690578566
청양,2020-04-28,1981.887166966602,2545.765323124796
청양,2020-05-05,2307.9630468979126,2137.813535523918
청양,2020-05-12,2182.4656174438446,2652.529209903104
청양,2020-05-19,2233.2994471163993,2566.4019066017
청양,2020-05-26,2369.8731485514636,2522.8500554549246
청양,2020-06-02,2208.6232367631687,2570.01612856043
청양,2020-06-09,2189.552337026076,2484.1406092378716
청양,2020-06-16,2512.9848060686677,2504.952393030811
청양,2020-06-23,2665.7316450016824,2604.6213441657387
청양,2020-06-30,2870.230166055774,2886.0913400638556
청양,2020-07-07,3164.463654760883,3014.8555350526344
청양,2020-07-14,3241.2632450781457,3033.620827555777
청양,2020-07-21,3273.8905083905597,3329.58403120862
청양,2020-07-28,3683.934858815166,3302.961571828132
청양,2020-08-04,3537.467289415766,3466.0601904673413
청양,2020-08-11,3056.559551206273,3545.426731511507
청양,2020-08-18,3765.9911240944043,3215.209389419419
청양,2020-08-25,5193.1777266115605,3540.8383777812483
청양,2020-09-01,5596.731974051456,4843.468263909285
청양,2020-09-08,6247.953254696374,4973.312075081856
청양,2020-09-15,8170.466477205095,5646.649158674679
청양,2020-09-22,7375.559363262386,7215.502177209229
청양,2020-09-29,4887.578998747905,6179.710107216927
청양,2020-10-06,4596.126375916781,4664.401906791641
청양,2020-10-13,5439.577730661213,4578.406335984771
청양,2020-10-20,4969.824679906489,4633.432679112001
청양,2020-10-27,4806.453153616873,4883.173994685023
청양,2020-11-03,4008.272008174262,4660.362586273129
청양,2020-11-10,3332.922142280222,3528.29578035284
청양,2020-11-17,2732.205451710826,3403.322497517496
청양,2020-11-24,3064.7245702706746,2994.9652361255266
청양,2020-12-01,2625.171929007647,3291.4579176276775
청양,2020-12-08,2827.4467165587434,3033.908106430952
청양,2020-12-15,3414.815151018673,3344.8920530834503
청양,2020-12-22,3293.6060864642914,3815.8130273280362
청양,2020-12-29,3578.5479979844968,3708.8570106630177
청초(일반),2020-01-07,5197.3958768049415,3657.6759443692317
청초(일반),2020-01-14,4815.0,5264.762643301976
청초(일반),2020-01-21,6659.1213789801295,5203.557718831571
청초(일반),2020-01-28,6631.397754137116,6087.591173350631
청초(일반),2020-02-04,4899.694440819522,5663.951638825203
청초(일반),2020-02-11,6263.324105403465,4556.51533033497
청초(일반),2020-02-18,6535.925359076996,5266.353518323194
청초(일반),2020-02-25,4741.142844332855,5174.642867640366
청초(일반),2020-03-03,3305.3812331368044,4701.258804837976
청초(일반),2020-03-10,3672.9711565387847,3094.0021192860017
청초(일반),2020-03-17,4299.891010756764,3618.020908413106
청초(일반),2020-03-24,2592.4212331858807,3865.9914949468944
청초(일반),2020-03-31,2953.9048227986846,2555.044779532014
청초(일반),2020-04-07,2686.5977575332868,2835.7066164714047
청초(일반),2020-04-14,3243.83971291866,2594.2979377149572
청초(일반),2020-04-21,2871.0581779861186,2909.6898860251717
청초(일반),2020-04-28,2030.7518969878133,2870.5644089172533
청초(일반),2020-05-05,2882.476231633535,2148.6548568344465
청초(일반),2020-05-12,2195.5619974462506,3088.9732955616214
청초(일반),2020-05-19,3008.785762559135,2351.4930738920248
청초(일반),2020-05-26,3255.7940097277924,2957.890718173838
청초(일반),2020-06-02,2807.838308352087,2838.221743129083
청초(일반),2020-06-09,2596.740089725675,2649.140924517935
청초(일반),2020-06-16,3867.786143339093,2519.589084178602
청초(일반),2020-06-23,3501.2898954078196,3348.3997400590774
청초(일반),2020-06-30,3029.5151598867324,3419.419302856996
청초(일반),2020-07-07,2833.446301728098,2635.1858229470363
청초(일반),2020-07-14,2429.113002019667,2679.0379548270002
청초(일반),2020-07-21,1795.9848241528825,2425.0218019496533
청초(일반),2020-07-28,2019.292470122443,2071.037686786322
청초(일반),2020-08-04,3233.4171106866393,2178.603870913122
청초(일반),2020-08-11,3383.8025879446,3225.5159614706777
청초(일반),2020-08-18,4232.363885624755,3156.676252012052
청초(일반),2020-08-25,5081.954762536482,4166.317564980935
청초(일반),2020-09-01,4406.043420121136,4233.335317516627
청초(일반),2020-09-08,5875.96433629458,3546.543233439674
청초(일반),2020-09-15,5687.6552598720145,4401.877200729792
청초(일반),2020-09-22,4297.305920606964,4113.430958994347
청초(일반),2020-09-29,2235.6019070321813,3457.678925846583
청초(일반),2020-10-06,2134.2753665540113,2034.6527340164403
청초(일반),2020-10-13,1828.7588922600219,2106.934082225869
청초(일반),2020-10-20,2307.785381760453,1915.548274169139
청초(일반),2020-10-27,2167.8321678321677,2612.642279666611
청초(일반),2020-11-03,2790.544559282371,2490.3157686746663
청초(일반),2020-11-10,2334.7601323407775,2752.390869531747
청초(일반),2020-11-17,1610.920666013712,2412.061622522373
청초(일반),2020-11-24,1814.733242134063,1804.708869129804
청초(일반),2020-12-01,1537.8496503496503,1979.8413292749633
청초(일반),2020-12-08,1604.2292969844086,1956.1528210482636
청초(일반),2020-12-15,2638.0824754827313,2145.905029738331
청초(일반),2020-12-22,1659.4330018012374,3030.665694800567
청초(일반),2020-12-29,2082.674522673031,1977.673549212647
청피망,2020-01-07,3992.3416598920994,5024.732549011548
청피망,2020-01-14,4056.72996053949,4484.216303951421
청피망,2020-01-21,6075.147663833968,4530.425690044449
청피망,2020-01-28,8637.557025547445,6299.700037871373
청피망,2020-02-04,8061.088436038393,6960.322475729196
청피망,2020-02-11,4990.757280400558,6078.415650225276
청피망,2020-02-18,4809.731801174702,4144.0417239651915
청피망,2020-02-25,4479.503968958134,4135.289312290445
청피망,2020-03-03,4170.735249476762,4403.96613597465
청피망,2020-03-10,2609.2118367757316,3996.262245055997
청피망,2020-03-17,1529.3023902409357,2378.3082328975242
청피망,2020-03-24,1515.3651959897209,1675.2921213599343
청피망,2020-03-31,1752.3985311471338,1679.2303648791728
청피망,2020-04-07,1084.9861809318622,1819.7401011519985
청피망,2020-04-14,1307.7540296811758,1140.6393129735634
청피망,2020-04-21,1405.6440835227322,1370.9484137563832
청피망,2020-04-28,1464.3755275489711,1472.0122934462404
청피망,2020-05-05,1286.052234570114,1516.7845088801594
청피망,2020-05-12,1193.9956356437426,1407.3727866604154
청피망,2020-05-19,1424.8270632926904,1292.2247662634095
청피망,2020-05-26,1748.477871903805,1642.1725902905491
청피망,2020-06-02,2550.0539525097684,1922.061842006414
청피망,2020-06-09,2252.296913365033,2267.4089954130154
청피망,2020-06-16,2546.3771888476936,2103.2896416439025
청피망,2020-06-23,2005.1759162221153,2344.36316678561
청피망,2020-06-30,1930.7748477297896,1886.4102498817226
청피망,2020-07-07,1323.9699053738611,1724.5718584666497
청피망,2020-07-14,1430.1200866765084,1265.524505098517
청피망,2020-07-21,1993.2752271266525,2068.0659646015624
청피망,2020-07-28,1865.0110987791343,2158.924238101916
청피망,2020-08-04,2445.467933570739,1984.662100431136
청피망,2020-08-11,2860.373632930573,2642.3472815961086
청피망,2020-08-18,4941.126814269141,2991.204648046188
청피망,2020-08-25,7324.6427020925585,4980.74766205879
청피망,2020-09-01,6244.595358873739,6467.317882277826
청피망,2020-09-08,6092.160172105861,5875.461215064849
청피망,2020-09-15,6447.240122095981,5176.292235308482
청피망,2020-09-22,6243.764803873084,4504.904123781913
청피망,2020-09-29,3757.2517938297315,4261.324784205558
청피망,2020-10-06,3102.7138132277896,2933.665223952388
청피망,2020-10-13,2769.1203138622495,2629.5239027451057
청피망,2020-10-20,2097.5073815529613,2576.9133122039484
청피망,2020-10-27,2182.9733509439825,2026.7991554172024
청피망,2020-11-03,1827.3411226294074,2220.018661736101
청피망,2020-11-10,1824.3115730991533,1941.7588078775082
청피망,2020-11-17,1406.009134010337,1906.5728544354752
청피망,2020-11-24,1422.6714072513387,1500.6495176520139
청피망,2020-12-01,1686.246231696813,1632.4434707811595
청피망,2020-12-08,2112.386763885204,1975.0541994704388
청피망,2020-12-15,3701.3284277221724,2241.300428176159
청피망,2020-12-22,3383.3530169637106,4363.15147305132
청피망,2020-12-29,3600.3523899827096,3327.4346294032052
취청,2020-01-07,4679.490106544901,3468.7292074512757
취청,2020-01-14,4875.28918042037,3770.4191867977997
취청,2020-01-21,3470.54576144036,4846.975815787719
취청,2020-01-28,2288.576316754247,2962.802580501168
취청,2020-02-04,2449.419072179242,2311.0168180802602
취청,2020-02-11,2787.2665807374924,2498.9852326935984
취청,2020-02-18,2577.0870481439456,2612.6641168796737
취청,2020-02-25,2523.573353253475,2485.181040418399
취청,2020-03-03,2610.5529336231853,2545.264101316686
취청,2020-03-10,1747.0379445373148,2465.3951642201027
취청,2020-03-17,1473.5303696466374,1750.4229675538495
취청,2020-03-24,1411.4644575093532,1617.207030321968
취청,2020-03-31,1133.8284336105762,1611.5151931980593
취청,2020-04-07,1177.6527772692323,1271.8956448411714
취청,2020-04-14,1070.3368626693064,1271.4112189654868
취청,2020-04-21,960.5341186841367,1189.217092430186
취청,2020-04-28,856.0303548894536,1040.5848501677328
취청,2020-05-05,1123.056570143561,1029.1913398327522
취청,2020-05-12,1032.3533935359128,1218.3088069926453
취청,2020-05-19,940.026532637301,1144.9465226113518
취청,2020-05-26,616.4771026638731,902.260088467977
취청,2020-06-02,973.3034440595068,765.3625004019149
취청,2020-06-09,2031.2634897484581,912.9001112959118
취청,2020-06-16,1948.8568335609339,1897.4736118203734
취청,2020-06-23,1732.4175072369574,1738.722659366634
취청,2020-06-30,1409.4812028777972,2184.8880216111966
취청,2020-07-07,963.236226814473,1462.2926946700836
취청,2020-07-14,736.1183826820568,1135.783584049766
취청,2020-07-21,933.3014238628359,1133.4578910867858
취청,2020-07-28,1656.3500054271951,1384.7387597499035
취청,2020-08-04,3400.3946931358564,2081.63904978019
취청,2020-08-11,3239.8567166312328,2803.3319728285906
취청,2020-08-18,1595.3839404672929,1958.7200264577964
취청,2020-08-25,2619.141889936659,1752.0027273009746
취청,2020-09-01,3169.458509267874,2615.1550478551494
취청,2020-09-08,2711.347176920362,2506.3054919419546
취청,2020-09-15,3354.734947476804,2389.835314340057
취청,2020-09-22,1760.334161430172,2177.260662794019
취청,2020-09-29,1020.3140843156453,1813.1693501638263
취청,2020-10-06,952.4822820930428,1232.2354340304375
취청,2020-10-13,1003.4842976941954,1317.990908657318
취청,2020-10-20,980.00064137217,1175.1357709427589
취청,2020-10-27,1228.1804788033344,1099.7558930380756
취청,2020-11-03,1479.2936162009917,1577.8224838918286
취청,2020-11-10,1634.2533726159095,2052.4246569804995
취청,2020-11-17,1704.2235970667216,1970.9536296561803
취청,2020-11-24,2797.4933267208307,1985.3388880987793
취청,2020-12-01,2646.3626270071563,2923.2389677837427
취청,2020-12-08,1401.576177573989,2175.682122429427
취청,2020-12-15,1824.3816960232432,1809.7883067735806
취청,2020-12-22,2145.272952853598,2516.7216612895186
취청,2020-12-29,2977.3877483807223,2372.636933135257
치커리(일반),2020-01-07,3064.3343133137337,2190.1905199555044
치커리(일반),2020-01-14,1891.5982049147697,2623.4708007378126
치커리(일반),2020-01-21,942.3289322729306,1641.3060341692653
치커리(일반),2020-01-28,764.207906095138,1116.8533199737842
치커리(일반),2020-02-04,784.4421168239505,975.9772357726351
치커리(일반),2020-02-11,898.4735733177927,1032.5376629102193
치커리(일반),2020-02-18,779.3829710795761,1030.5455775966768
치커리(일반),2020-02-25,856.7375231053604,970.5283063409835
치커리(일반),2020-03-03,1183.933277048635,1010.0065350530448
치커리(일반),2020-03-10,1159.8562013181545,1399.7042041779328
치커리(일반),2020-03-17,1334.4900947065014,1294.203248148542
치커리(일반),2020-03-24,1025.8747878159186,1619.6467646358092
치커리(일반),2020-03-31,1360.8402431034094,1228.9465238394978
치커리(일반),2020-04-07,1292.1940878853181,1455.9058456261293
치커리(일반),2020-04-14,1222.1309158455822,1425.24240548202
치커리(일반),2020-04-21,1639.639320315353,1254.0747358926694
치커리(일반),2020-04-28,977.2095313495665,1624.4160260924334
치커리(일반),2020-05-05,1479.7697182939758,1067.1729789241372
치커리(일반),2020-05-12,2208.750426693975,1410.6395657960209
치커리(일반),2020-05-19,2566.750122948987,2006.452989032533
치커리(일반),2020-05-26,2994.761142305668,2286.0774565688735
치커리(일반),2020-06-02,2471.9040442099977,2686.436743726978
치커리(일반),2020-06-09,4192.799252017895,2225.1415757584236
치커리(일반),2020-06-16,3391.1030300158727,3156.177565642111
치커리(일반),2020-06-23,3012.2814585500773,2624.6092094416563
치커리(일반),2020-06-30,2516.1634663971704,2734.3808742949273
치커리(일반),2020-07-07,1148.8475694600297,2412.989449450211
치커리(일반),2020-07-14,1473.0759373638484,1417.3718801552711
치커리(일반),2020-07-21,2202.4331579227132,2323.452102367167
치커리(일반),2020-07-28,4077.45504072046,2545.7969695465263
치커리(일반),2020-08-04,5863.841043307087,3957.172808606672
치커리(일반),2020-08-11,7397.728436358671,4452.301165423415
치커리(일반),2020-08-18,3786.6443870575727,5926.6477314401445
치커리(일반),2020-08-25,2141.9804430134454,2532.2844371421093
치커리(일반),2020-09-01,2516.0288955293163,1829.0032271336638
치커리(일반),2020-09-08,3102.1721397747606,2312.474903346158
치커리(일반),2020-09-15,3218.972082850894,3006.245818516649
치커리(일반),2020-09-22,2756.0511698367277,2537.9852688255037
치커리(일반),2020-09-29,1211.2535962388604,2401.0196995408764
치커리(일반),2020-10-06,1673.306206072333,1367.1665736478392
치커리(일반),2020-10-13,1656.4142005390543,1803.174840094599
치커리(일반),2020-10-20,2295.9821428571427,1650.1425699872989
치커리(일반),2020-10-27,2507.1209258384506,2204.0556415798656
치커리(일반),2020-11-03,2348.9847035816656,2171.4096094304095
치커리(일반),2020-11-10,1293.7533433187118,2108.685611840629
치커리(일반),2020-11-17,877.5520273996459,1333.8154743282723
치커리(일반),2020-11-24,1907.0130241877773,1102.9280996800642
치커리(일반),2020-12-01,3121.193503579442,2042.0593125321386
치커리(일반),2020-12-08,3208.3500706687496,2739.562976521328
치커리(일반),2020-12-15,3252.8990837958936,2934.0988754996206
치커리(일반),2020-12-22,3397.9745600404726,3038.9028284058295
치커리(일반),2020-12-29,2892.8505716914183,2930.6465186759974
치콘,2020-01-07,8466.402116402116,3996.941582257135
치콘,2020-01-14,9174.440298507463,6256.436692240989
치콘,2020-01-21,2730.022573363431,6497.578846042681
치콘,2020-01-28,2641.6243654822333,2476.0182859847673
치콘,2020-02-04,3006.6666666666665,2722.5325798396852
치콘,2020-02-11,2112.253829321663,2768.7442107679713
치콘,2020-02-18,2389.285714285714,2181.0022512136857
치콘,2020-02-25,1915.5688622754492,1901.0563154476724
치콘,2020-03-03,2111.8955512572534,1673.5148906066431
치콘,2020-03-10,1891.71826625387,1908.545265688199
치콘,2020-03-17,1613.9364303178484,1878.7452369088796
치콘,2020-03-24,1372.8522336769759,1634.4212406535837
치콘,2020-03-31,1642.022792022792,1640.5458990902916
치콘,2020-04-07,1424.341279799247,1646.4804545401225
치콘,2020-04-14,1395.7,1808.1623131990552
치콘,2020-04-21,1632.920792079208,1800.7448020864222
치콘,2020-04-28,1229.6829971181555,1735.4595656382749
치콘,2020-05-05,1592.374213836478,1573.3465914539402
치콘,2020-05-12,1343.298969072165,1762.2002486438878
치콘,2020-05-19,1805.638665132336,1491.6018910380017
치콘,2020-05-26,1397.5121359223301,2022.249711315642
치콘,2020-06-02,1414.119804400978,1618.8867393494556
치콘,2020-06-09,1861.1735330836455,1723.3677181051744
치콘,2020-06-16,1348.7450980392157,2003.770123748021
치콘,2020-06-23,2239.9921197793537,1653.804851052569
치콘,2020-06-30,3174.959083469722,1998.9276443869353
치콘,2020-07-07,1190.6928213689482,2638.3474662490585
치콘,2020-07-14,1740.877712031558,1659.6501006508383
치콘,2020-07-21,4405.212014134276,3117.917464427792
치콘,2020-07-28,8829.526123936817,4658.591388107568
치콘,2020-08-04,15040.43062200957,6515.194239185493
치콘,2020-08-11,16626.046176046177,11554.875901628679
치콘,2020-08-18,6634.7988077496275,11708.484867192186
치콘,2020-08-25,3059.9441340782123,5166.064266699362
치콘,2020-09-01,3724.7948417350526,2621.44973514725
치콘,2020-09-08,3345.1748251748254,3355.287459006107
치콘,2020-09-15,2955.8153477218225,3150.5829399094537
치콘,2020-09-22,1904.2073170731708,2951.213446500442
치콘,2020-09-29,1461.1243072050672,2242.8140582421966
치콘,2020-10-06,1641.4079422382672,2014.235063157495
치콘,2020-10-13,2112.9434324065196,1916.699721084178
치콘,2020-10-20,2587.829457364341,2307.885050385641
치콘,2020-10-27,3309.6474511672227,2030.3111626695015
치콘,2020-11-03,1706.368330464716,2442.844804719967
치콘,2020-11-10,4337.28978007762,1625.1266010819784
치콘,2020-11-17,1300.677966101695,4259.251539117561
치콘,2020-11-24,1884.8017621145375,2019.7532851278145
치콘,2020-12-01,5063.857142857143,3299.4339599838154
치콘,2020-12-08,2637.3817034700314,5976.708989117345
치콘,2020-12-15,6127.962962962963,3131.913146572459
치콘,2020-12-22,4167.138364779874,6866.994411786338
치콘,2020-12-29,2562.228260869565,3843.1196518919674
토마토(일반),2020-01-07,3179.5230981497657,3249.106972934654
토마토(일반),2020-01-14,2430.7518873744525,3021.91981878266
토마토(일반),2020-01-21,2294.6138437569552,2473.2227355019522
토마토(일반),2020-01-28,3151.2871179925833,2331.232195554521
토마토(일반),2020-02-04,3394.2458049171496,2909.4532040481145
토마토(일반),2020-02-11,3207.893544450529,2978.999539667623
토마토(일반),2020-02-18,3208.715165534763,2911.6042447957207
토마토(일반),2020-02-25,3130.1963298887317,2842.8476142474337
토마토(일반),2020-03-03,3225.4267616785432,2853.9805930077896
토마토(일반),2020-03-10,3003.9059261823836,2943.0384677454886
토마토(일반),2020-03-17,2720.9269954327824,2764.1188336078667
토마토(일반),2020-03-24,2889.5115775460595,2591.712638575323
토마토(일반),2020-03-31,2817.6634197293947,2748.245163859383
토마토(일반),2020-04-07,2465.7652962635484,2453.63720897565
토마토(일반),2020-04-14,2404.085430422325,2353.4083330741582
토마토(일반),2020-04-21,1991.457018855538,2313.10302340539
토마토(일반),2020-04-28,1267.9678640376437,1775.516471625658
토마토(일반),2020-05-05,1244.2762720976566,1185.812332550028
토마토(일반),2020-05-12,1780.6722618501058,1244.336503343093
토마토(일반),2020-05-19,1716.1685382499854,1622.7760797020014
토마토(일반),2020-05-26,1451.453091565392,1462.9416811134943
토마토(일반),2020-06-02,1100.1144424750973,1251.5754128692984
토마토(일반),2020-06-09,981.461407035665,1072.748871779313
토마토(일반),2020-06-16,1893.5821744798332,995.5003528535053
토마토(일반),2020-06-23,1502.5739508521754,1584.1602410430999
토마토(일반),2020-06-30,1862.6923809358932,1201.8388102525407
토마토(일반),2020-07-07,2205.692647424124,1855.361566973184
토마토(일반),2020-07-14,3197.158449624991,2135.142005385414
토마토(일반),2020-07-21,2605.903188979656,2648.5808348001488
토마토(일반),2020-07-28,1590.4803802389938,2414.938595383307
토마토(일반),2020-08-04,1603.1222887035426,1617.9123313962489
토마토(일반),2020-08-11,1524.183249410566,1744.313303259519
토마토(일반),2020-08-18,2860.2491069952634,1576.800181512575
토마토(일반),2020-08-25,3229.698540277235,2452.3949660694575
토마토(일반),2020-09-01,3852.6969025895414,2358.452971630233
토마토(일반),2020-09-08,7211.672789967171,2837.137522356442
토마토(일반),2020-09-15,6126.955863842704,5882.5239638351795
토마토(일반),2020-09-22,3510.2206583010916,4911.192610020247
토마토(일반),2020-09-29,3956.062271457,3009.128608094326
토마토(일반),2020-10-06,4563.442690860852,3529.9047865992275
토마토(일반),2020-10-13,3818.0692222712696,3845.0845680132484
토마토(일반),2020-10-20,3401.717222352306,3140.346257441346
토마토(일반),2020-10-27,2548.0659585709623,2881.376869032757
토마토(일반),2020-11-03,2106.45780784973,2500.3957032878543
토마토(일반),2020-11-10,1930.5022562796098,2184.515327496553
토마토(일반),2020-11-17,1773.0725873619756,1914.1886721661483
토마토(일반),2020-11-24,1672.588637421343,1839.1330082720876
토마토(일반),2020-12-01,1835.067882428104,1731.8673040613949
토마토(일반),2020-12-08,1943.1099593605484,1892.796823186625
토마토(일반),2020-12-15,2015.9159654202533,1889.6751129626516
토마토(일반),2020-12-22,1913.4373908103307,1984.7630674582774
토마토(일반),2020-12-29,1807.9185026421615,1939.0174588416005
파프리카,2020-01-07,2025.8398498732975,2606.1790947030527
파프리카,2020-01-14,2575.7695005000396,2333.886877989418
파프리카,2020-01-21,4499.573617588275,2953.0608598920453
파프리카,2020-01-28,3270.2444436373103,3462.0667162531686
파프리카,2020-02-04,3534.056243125464,3177.9381666977765
파프리카,2020-02-11,4192.110132626621,3458.9585652447386
파프리카,2020-02-18,4513.7261151405955,3906.9907591339534
파프리카,2020-02-25,4473.257132885437,3663.5981057779477
파프리카,2020-03-03,4326.77759043044,3837.3406402751734
파프리카,2020-03-10,2833.6177929875626,3853.139060856756
파프리카,2020-03-17,3201.922093855434,2793.67516140188
파프리카,2020-03-24,7052.2184893419835,2794.060824751499
파프리카,2020-03-31,7837.209302325581,5139.790683407099
파프리카,2020-04-07,5344.117647058823,5614.694393746069
파프리카,2020-04-14,5047.058823529412,3415.3044269361053
파프리카,2020-04-21,2355.9878726629613,3260.983873048084
파프리카,2020-04-28,4314.4956918398375,1958.6597049301424
파프리카,2020-05-05,1493.166618202966,3477.9193808181535
파프리카,2020-05-12,2643.3453960595093,1478.7253387815986
파프리카,2020-05-19,1115.9077308089875,2242.8519667823266
파프리카,2020-05-26,1894.0975346409934,1505.9917341370926
파프리카,2020-06-02,4460.5662285136505,1557.56872283323
파프리카,2020-06-09,1830.6296141384803,3509.7838396645557
파프리카,2020-06-16,2008.8536201469044,1787.7381628656083
파프리카,2020-06-23,979.6342953122614,1987.0328382907253
파프리카,2020-06-30,723.5332520571094,1080.537254504498
파프리카,2020-07-07,1073.962097364691,1150.0427026351538
파프리카,2020-07-14,3094.6236559139784,1535.5840305140682
파프리카,2020-07-21,1567.5974025974026,3138.5833086228504
파프리카,2020-07-28,1243.4811410821296,1862.417076790002
파프리카,2020-08-04,1622.02868852459,1742.9235545720735
파프리카,2020-08-11,3440.409819435991,1999.2857271394132
파프리카,2020-08-18,3935.9013867488443,3040.139935923462
파프리카,2020-08-25,2924.499271491015,3916.40851320024
파프리카,2020-09-01,3399.087237587766,3304.1200240391736
파프리카,2020-09-08,4304.405834339325,2606.6548221085195
파프리카,2020-09-15,3201.1601833902687,3298.753449901386
파프리카,2020-09-22,2902.981356634712,2155.9532920749266
파프리카,2020-09-29,2200.4689067354043,2047.5476510582157
파프리카,2020-10-06,1060.3279345323085,1843.5206985440511
파프리카,2020-10-13,822.9151899664874,1113.775891642822
파프리카,2020-10-20,893.3858312095356,803.1817708393226
파프리카,2020-10-27,740.1251268365276,779.9251463333424
파프리카,2020-11-03,1020.4127160883874,673.3844370184054
파프리카,2020-11-10,646.4872584428979,939.596709085258
파프리카,2020-11-17,493.7064639099712,637.6133772982598
파프리카,2020-11-24,546.2040828595185,571.4160031742975
파프리카,2020-12-01,586.7962853615668,668.8017003174616
파프리카,2020-12-08,743.2421239791208,692.6972430560578
파프리카,2020-12-15,1190.8816379401042,965.3852198702618
파프리카,2020-12-22,1050.5111361703023,1509.420263018393
파프리카,2020-12-29,1319.734875633402,1555.1465770792718
팽이,2020-01-07,3512.54132502221,2790.775327371034
팽이,2020-01-14,3094.866451273014,3481.516092739764
팽이,2020-01-21,1925.3436320547705,2880.8344832511784
팽이,2020-01-28,1806.4432192441363,1815.3803782632426
팽이,2020-02-04,1994.4465826241033,1921.42536994711
팽이,2020-02-11,2315.754539762054,1962.2853657037024
팽이,2020-02-18,2617.5548535814905,2200.904651205818
팽이,2020-02-25,1830.4366354741908,2443.939338523017
팽이,2020-03-03,1723.536238593813,1740.9806441643113
팽이,2020-03-10,1328.6875918376365,1596.013801280477
팽이,2020-03-17,1015.7520452241066,1242.2278588978895
팽이,2020-03-24,966.1394369618613,1056.940995394408
팽이,2020-03-31,1254.923349873867,966.8565734803019
팽이,2020-04-07,1484.6475859301859,1200.2155574007468
팽이,2020-04-14,1181.1620344160203,1374.4409782312248
팽이,2020-04-21,1123.9562997660746,1155.4251781426208
팽이,2020-04-28,1119.6970797089873,1089.275032139479
팽이,2020-05-05,1316.1775887885453,1105.6286421312004
팽이,2020-05-12,1804.7946407209506,1234.7304711764677
팽이,2020-05-19,1859.0487906189092,1699.697152946876
팽이,2020-05-26,1667.5132825962091,1806.5449615943094
팽이,2020-06-02,1330.5712949004524,1544.4276177017764
팽이,2020-06-09,1738.4808853118711,1215.7778548928952
팽이,2020-06-16,1575.2328469419435,1672.6764853404195
팽이,2020-06-23,1279.954246080317,1464.090481584448
팽이,2020-06-30,1145.6853693181818,1305.0481422485905
팽이,2020-07-07,1062.6376993245597,1134.3668096020574
팽이,2020-07-14,847.3305001634521,1058.6731333696202
팽이,2020-07-21,1236.7007120552612,1096.5315438224254
팽이,2020-07-28,1039.9794046312481,1418.3371387391373
팽이,2020-08-04,1376.9373965802538,1213.9958988267356
팽이,2020-08-11,1267.3929313929314,1713.1616972877882
팽이,2020-08-18,1190.4875912408759,1492.9431695845744
팽이,2020-08-25,1246.1722701576912,1440.1019005374685
팽이,2020-09-01,1769.7303921568628,1367.3677388779324
팽이,2020-09-08,2135.838040606618,1774.1446628440679
팽이,2020-09-15,2570.096759119272,2167.1700892520607
팽이,2020-09-22,2934.137987277769,2547.076863447012
팽이,2020-09-29,1780.817114035347,2320.39924528385
팽이,2020-10-06,1345.7534571243652,1668.1683636512273
팽이,2020-10-13,1367.40597432171,1440.4901317449935
팽이,2020-10-20,1476.2856000492095,1459.2098948317384
팽이,2020-10-27,1371.738367604744,1542.7913128451305
팽이,2020-11-03,1486.4480860784884,1460.1410245710792
팽이,2020-11-10,1445.924460483789,1479.3869456801076
팽이,2020-11-17,1297.9501099826837,1452.8616805327515
팽이,2020-11-24,1304.65315717824,1348.590918092487
팽이,2020-12-01,1404.404823324076,1411.7997612664115
팽이,2020-12-08,1770.0716138491034,1531.3324381589237
팽이,2020-12-15,2103.726467866466,1878.1423546139315
팽이,2020-12-22,2414.998295786535,2187.9455768051394
팽이,2020-12-29,1810.4343981430309,2490.5191515769084
포장쪽파,2020-01-07,3332.27382605565,3246.9466248742974
포장쪽파,2020-01-14,4300.600499987114,3666.4362682341125
포장쪽파,2020-01-21,2224.5630793179084,4119.337502392008
포장쪽파,2020-01-28,2087.655969099874,2292.4155228589993
포장쪽파,2020-02-04,3210.664417164295,1961.4403078293608
포장쪽파,2020-02-11,2611.6289130773357,2792.168850623591
포장쪽파,2020-02-18,1926.6589199437344,2273.4083416237363
포장쪽파,2020-02-25,1792.718994435148,1800.033899989336
포장쪽파,2020-03-03,1949.3495116898491,1921.1186974727602
포장쪽파,2020-03-10,1933.8715520989324,2129.750599764601
포장쪽파,2020-03-17,1651.7152151412095,2006.1413218862097
포장쪽파,2020-03-24,1522.323498628794,1700.6125679794613
포장쪽파,2020-03-31,2190.934328929734,1667.9902764776405
포장쪽파,2020-04-07,3246.223783448703,2281.4067500943925
포장쪽파,2020-04-14,2446.4233546179207,3000.373319456489
포장쪽파,2020-04-21,3510.025396057564,2520.0014081047325
포장쪽파,2020-04-28,3047.8053486253284,3556.615712099816
포장쪽파,2020-05-05,3355.061102752923,2941.7626097606176
포장쪽파,2020-05-12,3070.978790673166,3257.8390493037914
포장쪽파,2020-05-19,4321.01527542046,3081.7887576420385
포장쪽파,2020-05-26,4161.417179477843,4073.0917272733263
포장쪽파,2020-06-02,3969.460112812248,3859.6021653787816
포장쪽파,2020-06-09,4528.427509110607,3502.2172956779627
포장쪽파,2020-06-16,3117.3725322171317,3869.3698145293924
포장쪽파,2020-06-23,4514.580265095729,2833.5447707305666
포장쪽파,2020-06-30,4251.045472553595,4073.7574024807413
포장쪽파,2020-07-07,2538.2581117345694,3898.6170861146866
포장쪽파,2020-07-14,3201.6304182509507,2169.0929168049956
포장쪽파,2020-07-21,3155.3572710092576,3117.1161119791745
포장쪽파,2020-07-28,3789.54365492811,3011.493620343963
포장쪽파,2020-08-04,4213.795950380812,3398.15322726353
포장쪽파,2020-08-11,5664.850204041008,3897.0052123593846
포장쪽파,2020-08-18,5627.640590113307,4562.930215830994
포장쪽파,2020-08-25,6366.972984177434,4637.6426766169325
포장쪽파,2020-09-01,6286.387004641199,4688.241635899172
포장쪽파,2020-09-08,5662.0360762148675,4341.8742195746645
포장쪽파,2020-09-15,5801.234778355062,3791.4102927883087
포장쪽파,2020-09-22,4368.229312249598,3799.841328268177
포장쪽파,2020-09-29,2931.75555878506,3439.2750743774864
포장쪽파,2020-10-06,2708.8190218616182,2891.79867123737
포장쪽파,2020-10-13,3600.863317633742,2793.1799610481967
포장쪽파,2020-10-20,3307.312140660516,3426.496858361599
포장쪽파,2020-10-27,3824.451500533985,3055.617514377679
포장쪽파,2020-11-03,4270.887004382588,3280.49283608809
포장쪽파,2020-11-10,3831.0818907919383,3720.637226436268
포장쪽파,2020-11-17,2849.115232005003,3100.528784552107
포장쪽파,2020-11-24,3905.108873009621,2746.959806019796
포장쪽파,2020-12-01,4422.47372341306,3676.2912617013944
포장쪽파,2020-12-08,6559.070134481965,4248.148628870641
포장쪽파,2020-12-15,7521.135774192462,6077.460162758914
포장쪽파,2020-12-22,9015.689575998775,6630.854947701561
포장쪽파,2020-12-29,9548.73328491477,7410.641671996924
표고버섯(일반),2020-01-07,6913.976532674601,6860.732232998697
표고버섯(일반),2020-01-14,6007.502427328749,7318.342716732733
표고버섯(일반),2020-01-21,5408.229594513905,6207.72638326845
표고버섯(일반),2020-01-28,4870.172998915619,5466.729019464918
표고버섯(일반),2020-02-04,6084.234475609863,5384.600903327834
표고버섯(일반),2020-02-11,5268.937107431275,5909.237162168922
표고버섯(일반),2020-02-18,5517.005505786523,5286.803055672278
표고버섯(일반),2020-02-25,5441.649459794786,5318.553588953699
표고버섯(일반),2020-03-03,6274.149405983703,5304.067177324577
표고버섯(일반),2020-03-10,6499.28804612072,5970.98124415309
표고버섯(일반),2020-03-17,5598.610583071233,6109.036499514026
표고버섯(일반),2020-03-24,5552.021303697099,5288.83708020736
표고버섯(일반),2020-03-31,6009.04812195794,5240.242727507899
표고버섯(일반),2020-04-07,6679.611422019134,5941.803937732619
표고버섯(일반),2020-04-14,5847.470873520171,6181.189359000339
표고버섯(일반),2020-04-21,6247.902992546446,4991.926905941954
표고버섯(일반),2020-04-28,4350.068730430919,5945.358404976077
표고버섯(일반),2020-05-05,5367.7024317963915,4721.07788246167
표고버섯(일반),2020-05-12,5769.14188276841,5139.405427134403
표고버섯(일반),2020-05-19,6064.323529163821,5502.926927917345
표고버섯(일반),2020-05-26,5771.6570206884635,5786.001610996008
표고버섯(일반),2020-06-02,5260.297900032021,5455.15751212287
표고버섯(일반),2020-06-09,6673.7157147653725,5278.8056131928
표고버섯(일반),2020-06-16,5839.733156294171,6233.114030222873
표고버섯(일반),2020-06-23,5941.696362916455,5610.131729927993
표고버섯(일반),2020-06-30,4749.447707773192,5704.495292431993
표고버섯(일반),2020-07-07,4619.249509436824,5023.300153320318
표고버섯(일반),2020-07-14,4499.106671162817,4567.03369441614
표고버섯(일반),2020-07-21,5438.514850420457,5578.6805030450205
표고버섯(일반),2020-07-28,5293.716043971255,5591.377974389367
표고버섯(일반),2020-08-04,5940.336816042518,5433.154374822243
표고버섯(일반),2020-08-11,6548.748643907394,5885.106157308214
표고버섯(일반),2020-08-18,7029.962108948763,6455.219576074234
표고버섯(일반),2020-08-25,7420.004923064032,6817.837443687026
표고버섯(일반),2020-09-01,7169.922110250131,6427.370408058437
표고버섯(일반),2020-09-08,6215.362007837283,7030.334917510275
표고버섯(일반),2020-09-15,7447.353563328681,6214.150451355059
표고버섯(일반),2020-09-22,6110.196595344655,6905.620925781823
표고버섯(일반),2020-09-29,6012.84625895408,5863.973852911108
표고버섯(일반),2020-10-06,6911.207601397388,6225.456456765716
표고버섯(일반),2020-10-13,6767.431861300921,6999.255832052252
표고버섯(일반),2020-10-20,6668.691694252182,6344.109641667581
표고버섯(일반),2020-10-27,5883.81162019675,6306.270826876149
표고버섯(일반),2020-11-03,6029.771978634349,5838.534659982612
표고버섯(일반),2020-11-10,5222.610928230978,6061.07611472861
표고버섯(일반),2020-11-17,5061.026097479699,5390.786740134746
표고버섯(일반),2020-11-24,6294.488404118123,5471.72821055587
표고버섯(일반),2020-12-01,6561.434827408552,6408.185867665455
표고버섯(일반),2020-12-08,6810.27792220069,6581.614174678996
표고버섯(일반),2020-12-15,7096.916627021884,6730.684181754417
표고버섯(일반),2020-12-22,7048.70633388747,7489.187370142606
표고버섯(일반),2020-12-29,7627.808237496657,7367.267929954855
호박고구마,2020-01-07,2116.989285241854,2355.016289930326
호박고구마,2020-01-14,2003.2063099876461,2284.7888808896937
호박고구마,2020-01-21,1945.6264621783207,2118.3731771588573
호박고구마,2020-01-28,2328.438004626195,2029.066544868904
호박고구마,2020-02-04,2330.4176113508374,2341.671462982145
호박고구마,2020-02-11,2459.5097269072594,2297.527302162449
호박고구마,2020-02-18,3311.809644211667,2418.4058187800156
호박고구마,2020-02-25,3035.323299136069,3013.640271948222
호박고구마,2020-03-03,3337.3386589508114,2832.529679159711
호박고구마,2020-03-10,3706.1473953521427,3122.0692494417885
호박고구마,2020-03-17,3788.8135269392433,3384.720827078517
호박고구마,2020-03-24,3507.2213181448333,3652.093802433884
호박고구마,2020-03-31,3955.800452622257,3358.633877675254
호박고구마,2020-04-07,4302.6969999232715,3544.2364307825696
호박고구마,2020-04-14,3787.1446923497188,3782.1389406621465
호박고구마,2020-04-21,4447.326536672275,3240.5087374930513
호박고구마,2020-04-28,4646.687636656566,3833.1137273228846
호박고구마,2020-05-05,5417.051924390799,3846.0843828214934
호박고구마,2020-05-12,5175.982790759604,4287.525438860038
호박고구마,2020-05-19,5020.8216573258605,4194.706695205612
호박고구마,2020-05-26,4184.447821681864,4014.323452682435
호박고구마,2020-06-02,4887.348734873487,3415.079457234605
호박고구마,2020-06-09,4447.940169218372,3818.3112370797166
호박고구마,2020-06-16,3749.123490455785,3721.7581229456273
호박고구마,2020-06-23,3968.0276816609,3036.716798658348
호박고구마,2020-06-30,3953.087696960051,3376.893300414082
호박고구마,2020-07-07,3864.1656479217604,3390.351177107578
호박고구마,2020-07-14,3225.9699892818862,3218.799781113881
호박고구마,2020-07-21,2955.056191767079,2909.214108618076
호박고구마,2020-07-28,3971.691096040254,2900.0182792174355
호박고구마,2020-08-04,4872.1825962910125,3527.537850118669
호박고구마,2020-08-11,2856.9325528568934,4034.758376926283
호박고구마,2020-08-18,2483.653788016204,2588.034742876087
호박고구마,2020-08-25,2995.9611528822056,2477.53021558439
호박고구마,2020-09-01,3216.905016008538,2754.892217247142
호박고구마,2020-09-08,3013.207983609808,2669.113960834638
호박고구마,2020-09-15,2277.195514265957,2715.683184367259
호박고구마,2020-09-22,1999.0119363395224,2135.1903384611837
호박고구마,2020-09-29,2723.429760253616,1938.1635804173077
호박고구마,2020-10-06,2513.027375201288,2669.9143416365046
호박고구마,2020-10-13,2790.727931488801,2418.0520467886813
호박고구마,2020-10-20,2577.4744644309862,2803.7088252828808
호박고구마,2020-10-27,2286.7482161060143,2599.3002786326656
호박고구마,2020-11-03,2492.534196828471,2326.8202905105386
호박고구마,2020-11-10,2225.0892799168887,2437.6574739728844
호박고구마,2020-11-17,2750.626548156783,2269.8867965926866
호박고구마,2020-11-24,3009.227534651923,2707.780484553223
호박고구마,2020-12-01,2731.608944403197,2800.9342939141875
호박고구마,2020-12-08,2729.6400832732807,2753.281511045602
호박고구마,2020-12-15,3023.7390305913227,2703.7257589871874
호박고구마,2020-12-22,3266.8902627511593,3007.335751708263
호박고구마,2020-12-29,3330.3800719054957,3384.757195880663
홍고추(일반),2020-01-07,4664.7888951666755,3785.1708143473697
홍고추(일반),2020-01-14,4846.891420655393,4321.074034472609
홍고추(일반),2020-01-21,3888.6176721555526,5075.466819202633
홍고추(일반),2020-01-28,2985.261891007125,3859.0376762392716
홍고추(일반),2020-02-04,4753.73271155596,2975.9367240454358
홍고추(일반),2020-02-11,5301.651761879338,4774.4919786164255
홍고추(일반),2020-02-18,5886.964546312988,5151.657364392543
홍고추(일반),2020-02-25,6638.27347398937,5775.622531064944
홍고추(일반),2020-03-03,8223.754793644996,6316.179449096417
홍고추(일반),2020-03-10,8984.237015362107,7500.052846071522
홍고추(일반),2020-03-17,8227.646343377275,8108.391106432597
홍고추(일반),2020-03-24,8809.952912845212,6801.22698124916
홍고추(일반),2020-03-31,9832.389662336655,7652.364204055292
홍고추(일반),2020-04-07,8507.132160194175,7450.904757548802
홍고추(일반),2020-04-14,5279.798246879156,6711.231027644342
홍고추(일반),2020-04-21,4737.398458222811,4758.684601676235
홍고추(일반),2020-04-28,3390.5356209041247,4780.995169671797
홍고추(일반),2020-05-05,3141.5121668597913,3448.5778520684053
홍고추(일반),2020-05-12,3215.9819206321304,3231.082364013497
홍고추(일반),2020-05-19,4782.962346681546,3315.575172212972
홍고추(일반),2020-05-26,3942.0463369303975,4471.544519046544
홍고추(일반),2020-06-02,4761.972495752144,3842.404450089037
홍고추(일반),2020-06-09,3967.409361965589,4752.141664021954
홍고추(일반),2020-06-16,3239.667597814438,3801.3265251924927
홍고추(일반),2020-06-23,3827.556922072268,3241.284572774589
홍고추(일반),2020-06-30,3325.22724557541,3784.6561689455157
홍고추(일반),2020-07-07,2831.626472290146,3267.4025648477696
홍고추(일반),2020-07-14,2733.615863791231,2810.8329584161556
홍고추(일반),2020-07-21,3107.665876509764,2911.786016558646
홍고추(일반),2020-07-28,3390.3497189175055,3110.2020816869785
홍고추(일반),2020-08-04,3842.1332427419798,3192.8567584876205
홍고추(일반),2020-08-11,4166.623457639953,3481.2371706870526
홍고추(일반),2020-08-18,3924.4896680659626,3860.004856016432
홍고추(일반),2020-08-25,3505.134140796164,3721.956662038238
홍고추(일반),2020-09-01,4108.196640733601,3518.5133773423036
홍고추(일반),2020-09-08,4791.072285326166,3927.455465084528
홍고추(일반),2020-09-15,8453.233088136678,5199.746979995084
홍고추(일반),2020-09-22,11961.150211140157,7516.460344781008
홍고추(일반),2020-09-29,8987.206492948671,10100.777241955004
홍고추(일반),2020-10-06,12428.996094053131,8441.820405953818
홍고추(일반),2020-10-13,11296.649097837564,9880.792674450357
홍고추(일반),2020-10-20,13069.191622563572,11353.679749873396
홍고추(일반),2020-10-27,11774.72895481306,11106.072123372698
홍고추(일반),2020-11-03,11483.031028200037,11981.19090801787
홍고추(일반),2020-11-10,7973.019449938777,11629.818376000921
홍고추(일반),2020-11-17,4146.834439225627,7914.791397481832
홍고추(일반),2020-11-24,4059.2602702333834,4642.834748507145
홍고추(일반),2020-12-01,4580.017631834357,4338.977393509946
홍고추(일반),2020-12-08,5317.823348426797,4702.046359762224
홍고추(일반),2020-12-15,4960.392123864019,4696.3482704264525
홍고추(일반),2020-12-22,3794.360263881904,4941.274354704354
홍고추(일반),2020-12-29,3483.706753366081,4046.336937196941
홍청양,2020-01-07,3916.9669253510715,4259.147620316179
홍청양,2020-01-14,3593.1295901445155,3887.12402208341
홍청양,2020-01-21,4648.068772491004,3956.9881676380137
홍청양,2020-01-28,3338.9390457157133,4336.537826379394
홍청양,2020-02-04,4446.532215122471,3590.580041018047
홍청양,2020-02-11,6198.754413495489,4397.774180199589
홍청양,2020-02-18,7398.58409610984,6160.191453203531
홍청양,2020-02-25,9220.798569725865,6004.238522623488
홍청양,2020-03-03,10624.974806852537,7742.449341669744
홍청양,2020-03-10,9849.268394648829,7636.906490022985
홍청양,2020-03-17,10551.624289560275,8600.628849845492
홍청양,2020-03-24,7927.329944323408,8228.499823997863
홍청양,2020-03-31,5884.035008299381,7357.636968550885
홍청양,2020-04-07,4090.6329406329405,5380.602395104297
홍청양,2020-04-14,3976.991525423729,3705.088143163965
홍청양,2020-04-21,3756.99384489126,3698.766940326126
홍청양,2020-04-28,3240.8221875769264,3343.079970740486
홍청양,2020-05-05,3148.7673384392756,2751.6115977289337
홍청양,2020-05-12,2785.893013255204,2944.858626847665
홍청양,2020-05-19,3119.575449584638,2580.8180832187286
홍청양,2020-05-26,3050.681997418985,2860.9692753147083
홍청양,2020-06-02,2928.8805650599274,2853.8491018541627
홍청양,2020-06-09,2754.5505702911087,2815.584062149395
홍청양,2020-06-16,2362.357584845821,2559.9278540295036
홍청양,2020-06-23,2122.103709171434,2314.7182922931543
홍청양,2020-06-30,2066.6294889079545,2221.8495349971254
홍청양,2020-07-07,2303.160417947142,2141.5440406389266
홍청양,2020-07-14,2437.7546071774977,2510.8386610321672
홍청양,2020-07-21,2573.8808783338045,2596.498814395323
홍청양,2020-07-28,4238.940071148409,2717.3104759281878
홍청양,2020-08-04,4155.7730723132245,4593.306099495927
홍청양,2020-08-11,4478.720615029108,4252.473361891368
홍청양,2020-08-18,4419.978976874562,4286.176972173647
홍청양,2020-08-25,3697.4849291261608,4257.2969835417525
홍청양,2020-09-01,4074.848386334082,3491.6795985933313
홍청양,2020-09-08,3941.0896942366917,3908.9229209675623
홍청양,2020-09-15,4889.092489856753,3637.967881218903
홍청양,2020-09-22,4295.171701269311,4481.937397249144
홍청양,2020-09-29,5959.325979459871,4379.00671005327
홍청양,2020-10-06,6952.530501581564,5460.038103291483
홍청양,2020-10-13,8410.710082385249,6929.392231175831
홍청양,2020-10-20,10366.530373831776,7459.7641756904295
홍청양,2020-10-27,11387.041476864062,8327.258584709205
홍청양,2020-11-03,10963.920784703252,9981.067877493162
홍청양,2020-11-10,8656.123095190977,8272.623631100672
홍청양,2020-11-17,5295.450089854599,7663.686089160486
홍청양,2020-11-24,5925.569620253164,4767.22779718605
홍청양,2020-12-01,5535.263642340566,5283.361429613553
홍청양,2020-12-08,4037.1679520137104,4740.032036507334
홍청양,2020-12-15,3752.0460373548713,3811.4544085417883
홍청양,2020-12-22,3606.763285024155,3810.431796701452
홍청양,2020-12-29,3413.429416817791,3752.835981274216
홍피망,2020-01-07,2836.350591611583,3700.333065023731
홍피망,2020-01-14,4983.089649094696,2945.260620809184
홍피망,2020-01-21,4420.344045776802,5136.786575843295
홍피망,2020-01-28,4517.787425334072,4276.450062480748
홍피망,2020-02-04,3895.716981858799,4255.100998724056
홍피망,2020-02-11,4450.815701008503,3935.476486762629
홍피망,2020-02-18,3808.7750548073914,4321.698112310282
홍피망,2020-02-25,4043.499290024849,3823.5301321269894
홍피망,2020-03-03,5463.291008033169,4038.8164119198864
홍피망,2020-03-10,6263.415226257525,4947.681368261465
홍피망,2020-03-17,5603.333791114468,5565.883813595557
홍피망,2020-03-24,6263.593137254902,5310.823947215635
홍피망,2020-03-31,5000.157463213335,5576.914352454148
홍피망,2020-04-07,3769.619194648141,4597.3508096068745
홍피망,2020-04-14,2074.351643486922,3388.624418676496
홍피망,2020-04-21,1961.8097181481953,1901.1788159965704
홍피망,2020-04-28,1002.2022813216788,2108.065181591011
홍피망,2020-05-05,1022.7889178019286,1254.2796124980846
홍피망,2020-05-12,998.8412875737185,1197.8283653304338
홍피망,2020-05-19,1594.50404085079,1109.3568695689294
홍피망,2020-05-26,1766.3893870987692,1919.7974053010007
홍피망,2020-06-02,1956.4296904771986,1900.1022302416507
홍피망,2020-06-09,3094.607157548334,2308.423474361053
홍피망,2020-06-16,1875.0490563345106,3135.3492812741374
홍피망,2020-06-23,2674.1963872163037,1772.8297381292462
홍피망,2020-06-30,2711.869394618834,2788.9773624032523
홍피망,2020-07-07,3600.123859250851,2590.5079226196926
홍피망,2020-07-14,2939.049207269915,3519.3380413926066
홍피망,2020-07-21,4168.085539714868,2882.487710000734
홍피망,2020-07-28,6646.734653853697,4420.8650367967875
홍피망,2020-08-04,5349.450061652281,6160.402374228215
홍피망,2020-08-11,3917.746224712698,4821.466589868914
홍피망,2020-08-18,2466.4760495156083,3378.0294560530183
홍피망,2020-08-25,1669.4215843704,2151.5444440744745
홍피망,2020-09-01,2374.8707466634605,1909.3322687468042
홍피망,2020-09-08,4907.847637346997,2447.138031373388
홍피망,2020-09-15,9220.259388308168,4864.529119891931
홍피망,2020-09-22,11339.957409737683,6672.097935027462
홍피망,2020-09-29,8871.226385489235,10085.07742589552
홍피망,2020-10-06,11766.901671491269,7324.227362691315
홍피망,2020-10-13,10513.923500434657,10007.467234435187
홍피망,2020-10-20,12621.134886847412,8180.961430589864
홍피망,2020-10-27,10540.614684628423,10225.768530132138
홍피망,2020-11-03,10345.743719501175,8751.80675644854
홍피망,2020-11-10,4534.041282272516,8413.678045650036
홍피망,2020-11-17,2142.806837356027,4171.046313334117
홍피망,2020-11-24,2479.6311655364198,2502.95544214049
홍피망,2020-12-01,2079.835716944016,2567.7262035857475
홍피망,2020-12-08,2472.169740963556,2480.428043905917
홍피망,2020-12-15,2121.26057925403,2433.7142980854433
홍피망,2020-12-22,3206.552288503866,2440.5340250239205
홍피망,2020-12-29,3616.387991639749,3133.93863497059
