item,week,y_true,y_pred
기타,2022-01-04,4314.5111030010385,4143.2595669147295
기타,2022-01-11,5904.458821472285,4405.129275648909
기타,2022-01-18,6067.230542792927,5725.467124745116
기타,2022-01-25,6193.245489316539,5277.199314849592
기타,2022-02-01,4325.669155733179,5117.73568991084
기타,2022-02-08,3612.594991202785,3817.697723960219
기타,2022-02-15,3399.6471386853837,3316.2891042458505
기타,2022-02-22,4476.502807236432,3263.911882920369
기타,2022-03-01,4082.17130410643,3831.5196641713724
기타,2022-03-08,3025.40907419513,3314.732297093045
기타,2022-03-15,3388.8072623694916,2719.6953188095276
기타,2022-03-22,3930.5692152239812,3092.9776093742466
기타,2022-03-29,4327.669098336738,3176.2029748416726
기타,2022-04-05,3562.550226691592,3312.7141286389196
기타,2022-04-12,2351.3502538071066,2907.260386903858
기타,2022-04-19,2317.9507373539827,2154.151922870205
기타,2022-04-26,2460.484757262997,2363.946765487388
기타,2022-05-03,2485.1372410733584,2285.488702146938
기타,2022-05-10,2025.638880906441,2237.4068775356377
기타,2022-05-17,1573.9771245758245,1868.590654472935
기타,2022-05-24,1446.4971120710577,1656.5010322752412
기타,2022-05-31,1727.0972829806863,1534.2043846489412
기타,2022-06-07,1511.5677655677655,1737.7603623433072
기타,2022-06-14,1145.3811412414368,1532.3020950446648
깐양파,2022-01-04,1141.7551704863051,1281.0066462439358
깐양파,2022-01-11,1090.5966587112173,1136.3286501380078
깐양파,2022-01-18,1090.9138655462184,1083.700744268752
깐양파,2022-01-25,1089.623507805326,1090.9353696830417
깐양파,2022-02-01,1028.130360205832,1078.3652114115296
깐양파,2022-02-08,954.7936507936508,1031.2327950018641
깐양파,2022-02-15,809.9636741048262,1019.9233525454354
깐양파,2022-02-22,791.834451901566,869.9613412406982
깐양파,2022-03-01,826.8745852687458,851.3092880650165
깐양파,2022-03-08,899.8435870698645,830.2222186552041
깐양파,2022-03-15,888.8035126234906,906.3690572950644
깐양파,2022-03-22,777.5274725274726,891.0189830547209
깐양파,2022-03-29,878.1148491879351,828.6612578654264
깐양파,2022-04-05,829.44279346211,838.372678059397
깐양파,2022-04-12,934.9788434414669,869.4138603125429
깐양파,2022-04-19,1135.1733193277312,899.6460825378476
깐양파,2022-04-26,1055.3447185325742,1123.7652628990531
깐양파,2022-05-03,935.438961038961,1027.5859351897063
깐양파,2022-05-10,986.0219263899766,907.1396939002163
깐양파,2022-05-17,1059.8479913137894,980.4064775191747
깐양파,2022-05-24,1303.570476951772,1044.356399527255
깐양파,2022-05-31,1607.3349633251835,1227.6789543715336
깐양파,2022-06-07,1645.1400778210116,1503.7743149015455
깐양파,2022-06-14,1487.5170532060026,1527.4548070710441
깐양파,2022-06-21,1544.5490584737363,1414.4803749496075
깐양파,2022-06-28,1811.3968033356498,1481.9827816218608
깐양파,2022-07-05,1941.2688821752265,1719.024479156943
깐양파,2022-07-12,1960.2930402930403,1776.6092606901707
깐양파,2022-07-19,1939.5881006864988,1824.4690192495834
깐양파,2022-07-26,1972.033426183844,1957.3270424250254
깐양파,2022-08-02,1961.8691588785048,1954.577795153201
깐양파,2022-08-09,1923.5524256651017,1958.9135229131368
깐양파,2022-08-16,1898.230421686747,1929.052658718501
깐양파,2022-08-23,1896.9622331691298,1892.685040431635
깐양파,2022-08-30,1945.6861609727853,1919.6259718803744
깐양파,2022-09-06,2047.190250507786,1954.3615264697107
깐양파,2022-09-13,1969.6632503660321,2001.7010123193843
깐양파,2022-09-20,1973.0251071647274,1914.904637382383
깐양파,2022-09-27,1977.7635373277797,1903.5664710040974
깐양파,2022-10-04,2057.408993576017,1904.5633031172874
깐양파,2022-10-11,2065.5631659056316,2036.2842668904095
깐양파,2022-10-18,2111.9337390128467,2022.1007847113985
깐양파,2022-10-25,2006.4089521871822,2101.9987395120015
깐양파,2022-11-01,2063.405172413793,1919.2401122788688
깐양파,2022-11-08,2090.00904159132,2021.1668997542558
깐양파,2022-11-15,2019.493908153702,2057.982777322235
깐양파,2022-11-22,2051.863963374755,1946.721147730599
깐양파,2022-11-29,1982.6589595375722,1999.3431536122387
깐양파,2022-12-06,2000.525394045534,1977.394570232258
깐양파,2022-12-13,2033.8141512298816,1996.8351728634452
깐양파,2022-12-20,2082.499073044123,2029.29789640835
깐양파,2022-12-27,2091.5323720667234,2110.6561016327028
깐쪽파,2022-01-04,5262.854371654942,5123.9437702402665
깐쪽파,2022-01-11,6846.253947566294,5679.059095809402
깐쪽파,2022-01-18,9318.221326447061,7585.619145854766
깐쪽파,2022-01-25,10956.63819346631,8346.396646740111
깐쪽파,2022-02-01,6475.310186879478,9111.432745479011
깐쪽파,2022-02-08,7080.606670500288,5740.825485596196
깐쪽파,2022-02-15,7684.2615493605435,6482.9163423704995
깐쪽파,2022-02-22,6346.1954471135705,6332.200574946713
깐쪽파,2022-03-01,3926.102976186116,5774.874968460648
깐쪽파,2022-03-08,2566.756874017029,4149.073262091519
깐쪽파,2022-03-15,2512.5266640912373,2608.2745319032124
깐쪽파,2022-03-22,2478.5105259610414,2678.347210693999
깐쪽파,2022-03-29,2950.067389965299,2771.0878099267793
깐쪽파,2022-04-05,3326.2868276950985,3231.932019858171
깐쪽파,2022-04-12,3297.2081538742127,3394.3369159197914
깐쪽파,2022-04-19,4567.898320696064,3516.947750916512
깐쪽파,2022-04-26,5125.08433024276,4607.267519667388
깐쪽파,2022-05-03,5474.885895704769,5155.693150279353
깐쪽파,2022-05-10,7911.463251110428,5299.472303032966
깐쪽파,2022-05-17,7600.07695777937,6786.889551017215
깐쪽파,2022-05-24,8184.272545984465,6465.869609847178
깐쪽파,2022-05-31,10576.33014200564,7117.578394486416
깐쪽파,2022-06-07,13016.93806952413,8774.264998125314
깐쪽파,2022-06-14,12144.582083713653,9985.044346296805
깐쪽파,2022-06-21,11024.646394092848,10047.652692925914
깐쪽파,2022-06-28,8219.167047656369,8665.017258695812
깐쪽파,2022-07-05,11016.749821810407,6744.987544937041
깐쪽파,2022-07-12,10147.840720549893,8350.665927969796
깐쪽파,2022-07-19,8070.956651024486,9020.311842917039
깐쪽파,2022-07-26,9492.952936086887,9521.814265381476
깐쪽파,2022-08-02,8601.991834980661,8922.915290005802
깐쪽파,2022-08-09,10343.754523834143,8847.572817940103
깐쪽파,2022-08-16,10354.861417554477,9356.64033589135
깐쪽파,2022-08-23,9031.34081995429,9489.08547538921
깐쪽파,2022-08-30,10914.768374039953,8543.18522619932
깐쪽파,2022-09-06,13025.792753920965,10036.525373091092
깐쪽파,2022-09-13,9039.583188848048,9334.011869395303
깐쪽파,2022-09-20,5850.72596075685,7885.863773139262
깐쪽파,2022-09-27,4119.829916748725,5668.69737886132
깐쪽파,2022-10-04,4581.316697916484,4575.788135088383
깐쪽파,2022-10-11,4805.592681561218,5369.399119656721
깐쪽파,2022-10-18,5452.672894660993,5635.117274598774
깐쪽파,2022-10-25,4742.2337542282075,5675.501441471694
깐쪽파,2022-11-01,5038.623489754074,5311.671897326828
깐쪽파,2022-11-08,3643.8418271206133,5382.206046800317
깐쪽파,2022-11-15,3446.7649512302837,3821.607128246856
깐쪽파,2022-11-22,3280.222941628008,3647.5385147649154
깐쪽파,2022-11-29,3116.320523818143,3598.567831822413
깐쪽파,2022-12-06,3500.6541367237883,3432.229846616828
깐쪽파,2022-12-13,5745.056092752535,3901.950774401799
깐쪽파,2022-12-20,5006.52681884985,5959.5375535741605
깐쪽파,2022-12-27,5234.540342344739,5316.083104683566
깻잎(일반),2022-01-04,9213.906721777621,9341.635403443965
깻잎(일반),2022-01-11,9599.040097205347,8277.82134602321
깻잎(일반),2022-01-18,13102.530657456347,8620.775439106268
깻잎(일반),2022-01-25,8958.92857142857,9618.921282555542
깻잎(일반),2022-02-01,5707.25501401475,7628.829687932541
깻잎(일반),2022-02-08,5429.664106511478,5260.43074596245
깻잎(일반),2022-02-15,6520.206297013648,5107.813585357736
깻잎(일반),2022-02-22,7785.844227405946,6043.772614816541
깻잎(일반),2022-03-01,5680.005022907502,6645.044134807552
깻잎(일반),2022-03-08,4855.577073223007,5253.560628734014
깻잎(일반),2022-03-15,7851.009192389079,4975.156816723711
깻잎(일반),2022-03-22,7021.04866189364,6467.2625499230935
깻잎(일반),2022-03-29,6457.888910127752,6679.014666558679
깻잎(일반),2022-04-05,5217.433158219118,5958.996663456373
깻잎(일반),2022-04-12,6353.825820812465,4855.061043939815
깻잎(일반),2022-04-19,5535.0347653066465,5947.064443371309
깻잎(일반),2022-04-26,7319.463240263494,5137.981423600928
깻잎(일반),2022-05-03,6687.1972263809,6454.170587762526
깻잎(일반),2022-05-10,6486.259279226973,6120.714649721518
깻잎(일반),2022-05-17,5687.958673678714,5988.035313901669
깻잎(일반),2022-05-24,6104.129665512056,5329.269124225976
깻잎(일반),2022-05-31,5400.998442095454,5785.6302871394055
깻잎(일반),2022-06-07,4834.385937174356,5127.857678079764
깻잎(일반),2022-06-14,4466.521401327871,5030.361383567879
깻잎(일반),2022-06-21,4784.316071225719,4732.850350586244
깻잎(일반),2022-06-28,7978.368669461053,5025.687854380065
깻잎(일반),2022-07-05,7217.721433192643,6733.251582732484
깻잎(일반),2022-07-12,6964.680633220446,6384.241016830327
깻잎(일반),2022-07-19,6357.7687593175415,6596.958737743258
깻잎(일반),2022-07-26,7202.891326372667,7205.4134256450225
깻잎(일반),2022-08-02,7173.54340112149,7254.433578664491
깻잎(일반),2022-08-09,10457.367892465449,7807.957636227829
깻잎(일반),2022-08-16,11818.977004956529,9755.051198102434
깻잎(일반),2022-08-23,13115.35798149086,10339.13961427464
깻잎(일반),2022-08-30,14843.768804433888,9876.406698803909
깻잎(일반),2022-09-06,8040.828784410401,13866.618306746612
깻잎(일반),2022-09-13,8509.728878491229,7439.280787736167
깻잎(일반),2022-09-20,8871.591281965277,7464.208369896162
깻잎(일반),2022-09-27,5867.124099497078,7974.138927385094
깻잎(일반),2022-10-04,7168.163698137591,5676.978706360903
깻잎(일반),2022-10-11,6199.513519573769,7257.386282843508
깻잎(일반),2022-10-18,7060.0068511172785,6324.330049351003
깻잎(일반),2022-10-25,5762.943906992931,6937.787508155027
깻잎(일반),2022-11-01,5643.872077269569,5779.682358690759
깻잎(일반),2022-11-08,4239.194489691907,5744.619781576326
깻잎(일반),2022-11-15,4548.745829079082,4744.466048110395
깻잎(일반),2022-11-22,4574.311287229079,4902.304451636383
깻잎(일반),2022-11-29,6978.529337562171,4987.29252707838
깻잎(일반),2022-12-06,8562.888951083745,7897.923222054227
깻잎(일반),2022-12-13,12486.9132795285,8911.291640204681
깻잎(일반),2022-12-20,15420.103293635893,12640.371293771876
깻잎(일반),2022-12-27,11776.276463262764,15151.046278490065
노랑파프리카,2022-01-04,6328.099654247585,5998.489357754426
노랑파프리카,2022-01-11,6879.026201349436,6585.7423296140605
노랑파프리카,2022-01-18,7782.430418199233,6829.5643689770795
노랑파프리카,2022-01-25,6909.872782489538,6730.605080509378
노랑파프리카,2022-02-01,5881.898840392313,6378.923139884823
노랑파프리카,2022-02-08,5669.495374189485,5567.471616312912
노랑파프리카,2022-02-15,5312.496871006416,5377.5121367601705
노랑파프리카,2022-02-22,5656.5455992312545,5174.393114934584
노랑파프리카,2022-03-01,4400.558353338989,5207.384076156858
노랑파프리카,2022-03-08,3892.2466250014713,4277.325699933818
노랑파프리카,2022-03-15,4289.175828858774,3787.226017411871
노랑파프리카,2022-03-22,4296.824857076063,4102.912089826768
노랑파프리카,2022-03-29,3805.0999885964275,4012.8826044609627
노랑파프리카,2022-04-05,3556.4111932342266,3746.4771327827016
노랑파프리카,2022-04-12,3446.5575991565265,3617.135893792345
노랑파프리카,2022-04-19,3406.2799116620054,3428.0196169331207
노랑파프리카,2022-04-26,3977.4277745554173,3448.0380490066937
노랑파프리카,2022-05-03,5025.595162243255,3817.178782746043
노랑파프리카,2022-05-10,2862.8694092834935,4156.690804701131
노랑파프리카,2022-05-17,2060.590436264619,2470.837330437693
노랑파프리카,2022-05-24,2105.261396905061,2189.499853025288
노랑파프리카,2022-05-31,2398.730151032005,2404.4488250685786
노랑파프리카,2022-06-07,2373.6878925385986,2468.4873258907896
노랑파프리카,2022-06-14,1990.8345650156396,2324.722793531371
노랑파프리카,2022-06-21,1392.1875234749896,1998.6692581043344
노랑파프리카,2022-06-28,2036.8623111382908,1583.902975206666
노랑파프리카,2022-07-05,1740.4405943658394,2299.2283574294006
노랑파프리카,2022-07-12,2328.904962342264,1950.5688026573605
노랑파프리카,2022-07-19,2670.4427974056566,2348.5496150653003
노랑파프리카,2022-07-26,3740.06494597167,3217.117690122053
노랑파프리카,2022-08-02,3097.5036897148207,4050.50428248749
노랑파프리카,2022-08-09,4491.174653037052,3445.6970359478023
노랑파프리카,2022-08-16,3160.628849569771,4907.057947464841
노랑파프리카,2022-08-23,4414.851616615399,3633.662223751531
노랑파프리카,2022-08-30,5657.505383818136,4788.764289310027
노랑파프리카,2022-09-06,5937.747959607138,5748.12188165336
노랑파프리카,2022-09-13,6427.0379793824,5208.248544588365
노랑파프리카,2022-09-20,6302.847051597051,5095.998944418021
노랑파프리카,2022-09-27,3422.1128007080215,5376.53996526313
노랑파프리카,2022-10-04,2511.4491929368432,3034.5827904351713
노랑파프리카,2022-10-11,2338.843426077469,2688.415351148911
노랑파프리카,2022-10-18,2036.1883396095398,2684.9457208458657
노랑파프리카,2022-10-25,2257.862613016418,2393.33830540037
노랑파프리카,2022-11-01,1838.7735639831449,2639.663592210273
노랑파프리카,2022-11-08,1870.5572447842972,2100.9993668094235
노랑파프리카,2022-11-15,1832.337471823679,1984.8025231267873
노랑파프리카,2022-11-22,2445.25513478033,2045.5890925499439
노랑파프리카,2022-11-29,2281.218449361093,2765.803999363696
노랑파프리카,2022-12-06,1991.9522936783653,2396.809092137328
노랑파프리카,2022-12-13,2617.3504416507526,2473.20782284714
노랑파프리카,2022-12-20,3367.519492832581,3516.00840325685
노랑파프리카,2022-12-27,5054.276315789473,3961.924643316448
녹광,2022-01-04,5091.5198706493065,4299.840446044301
녹광,2022-01-11,5529.9560761347,5863.5639415495625
녹광,2022-01-18,6470.100960354593,6014.068779036358
녹광,2022-01-25,7775.803632494871,6719.879642786106
녹광,2022-02-01,6852.730244183811,7304.0859218015285
녹광,2022-02-08,6117.936300987149,6986.326782423547
녹광,2022-02-15,6792.696421984508,6325.658322371975
녹광,2022-02-22,8090.000634477507,6525.26385514654
녹광,2022-03-01,4194.271331166762,7304.875234986396
녹광,2022-03-08,5723.878702397743,3997.3855429597024
녹광,2022-03-15,5474.075131670791,5327.847474197725
녹광,2022-03-22,5823.513148588697,4678.228245401133
녹광,2022-03-29,6092.36517951029,4723.972273264577
녹광,2022-04-05,5174.788155321725,5378.786996689535
녹광,2022-04-12,3098.7522007042253,4195.4482323048105
녹광,2022-04-19,3581.175182981052,3113.6975794514174
녹광,2022-04-26,4697.455348183825,3987.697508725649
녹광,2022-05-03,3991.5131848213764,4106.480450457299
녹광,2022-05-10,3744.449176604202,3610.205282132468
녹광,2022-05-17,4600.798627543777,3625.2184272102177
녹광,2022-05-24,4617.663772059706,4222.402371992096
녹광,2022-05-31,2959.1423086450336,3976.2680074349655
녹광,2022-06-07,5019.583878946602,3244.84744761963
녹광,2022-06-14,4354.377141529705,4488.611527081928
녹광,2022-06-21,3579.665453175998,4254.67120760665
녹광,2022-06-28,5946.0947647822895,3878.714252565089
녹광,2022-07-05,7562.365822241305,5421.9502583627345
녹광,2022-07-12,6046.566777816778,6666.965224652392
녹광,2022-07-19,2044.0484844079378,5271.8647493100725
녹광,2022-07-26,4829.433743327918,2155.244377819286
녹광,2022-08-02,3082.9807452642076,5153.582990575605
녹광,2022-08-09,2796.6109307986553,3261.9184587655654
녹광,2022-08-16,4006.8646232439337,2831.5245904155327
녹광,2022-08-23,8487.44124349512,4218.881364900192
녹광,2022-08-30,7069.201270832172,7629.14162634817
녹광,2022-09-06,4587.910944652518,5911.2603379369375
녹광,2022-09-13,2834.916604739493,3889.6822375529446
녹광,2022-09-20,3619.175616714214,2862.6107112594386
녹광,2022-09-27,3294.3184911530234,4047.502457635756
녹광,2022-10-04,2921.9907665959267,3496.2834034879484
녹광,2022-10-11,4116.11819006667,3295.302604300571
녹광,2022-10-18,5187.923019388988,4096.828151016786
녹광,2022-10-25,4860.231870879746,4764.875488742024
녹광,2022-11-01,3450.7731648616127,4494.872466610239
녹광,2022-11-08,2833.4818471912818,3273.385028185564
녹광,2022-11-15,1974.6324430286695,2895.5891927524735
녹광,2022-11-22,1963.7692775413188,2055.321977753101
녹광,2022-11-29,1785.8228764478765,2289.7729840960365
녹광,2022-12-06,1884.8589522164652,2250.275127515257
녹광,2022-12-13,3376.9606023649185,2252.4268868205468
녹광,2022-12-20,3375.844981668194,3543.459721934956
녹광,2022-12-27,5112.5583058118555,3680.881715963975
뉴그린,2022-01-04,4163.538461538462,3619.6173503354653
뉴그린,2022-01-11,4314.285714285715,3814.529152841004
뉴그린,2022-01-18,7693.1122448979595,4138.941000655586
뉴그린,2022-01-25,3670.2416918429003,6888.247103356606
뉴그린,2022-02-01,2779.818181818182,3757.7013297803123
뉴그린,2022-02-08,1718.75,3224.7906208202817
뉴그린,2022-02-15,2338.8888888888887,3031.642894697059
뉴그린,2022-02-22,4138.242280285036,2970.7490544212133
뉴그린,2022-03-01,2481.7490494296576,4437.41621388587
뉴그린,2022-03-08,2032.142857142857,2937.4430303274844
뉴그린,2022-03-15,3494.4444444444443,3300.7640034584506
뉴그린,2022-03-22,9626.88679245283,4007.5380771248715
뉴그린,2022-03-29,4319.607843137255,8201.28825341664
뉴그린,2022-04-05,5076.165803108808,3522.8009189027425
뉴그린,2022-04-12,7726.174496644296,5129.412787494092
뉴그린,2022-04-19,11348.639455782313,8105.294120971015
뉴그린,2022-04-26,11724.342105263158,8909.58326241748
뉴그린,2022-05-03,9675.852272727272,7590.468047072716
뉴그린,2022-05-10,4284.110169491525,6825.0891968941905
뉴그린,2022-05-17,3031.306990881459,3818.5872712228916
뉴그린,2022-05-24,5283.130081300813,3081.130300496372
뉴그린,2022-05-31,5030.421686746988,4826.469662193915
뉴그린,2022-06-07,3116.49377593361,4550.406951420775
뉴그린,2022-06-14,6020.171149144254,2834.978022776101
뉴그린,2022-06-21,7419.176470588235,4598.240449678634
뉴그린,2022-06-28,17319.4,5942.163748279192
뉴그린,2022-07-05,15114.38596491228,11119.011472835917
뉴그린,2022-07-12,6203.883495145631,11628.96897342316
뉴그린,2022-07-19,4817.962466487936,5193.184087889538
뉴그린,2022-07-26,6811.363636363636,5584.4652047529935
뉴그린,2022-08-02,6501.751592356688,5884.5685722087655
뉴그린,2022-08-09,14195.333333333334,5512.946814248722
뉴그린,2022-08-16,12064.52380952381,8606.97532995501
뉴그린,2022-08-23,7241.569086651054,8445.947022778973
뉴그린,2022-08-30,5475.268817204301,6187.597724930881
뉴그린,2022-09-06,6178.097982708934,5338.047508051186
뉴그린,2022-09-13,4138.385269121813,5571.045649740378
뉴그린,2022-09-20,5714.184397163121,3666.1529957270295
뉴그린,2022-09-27,3146.927966101695,4493.02135570499
뉴그린,2022-10-04,5392.417582417583,2946.4145393420913
뉴그린,2022-10-11,3804.9492385786803,4448.970858952945
뉴그린,2022-10-18,4111.854460093897,3335.5734406732263
뉴그린,2022-10-25,2474.944071588367,3470.0092432660726
뉴그린,2022-11-01,1680.1038062283737,2551.5513826864785
뉴그린,2022-11-08,2905.6626506024095,2782.4119214847415
뉴그린,2022-11-15,1361.6368286445013,3164.505041750183
뉴그린,2022-11-22,1084.3406593406594,2204.97821869435
뉴그린,2022-11-29,1097.887323943662,2401.094313081707
뉴그린,2022-12-06,3640.8571428571427,2223.89920045856
뉴그린,2022-12-13,4955.0541516245485,3836.6065193710833
뉴그린,2022-12-20,4167.768595041322,5423.420475535786
뉴그린,2022-12-27,3404.2179261862916,4309.929274677188
느타리버섯(일반),2022-01-04,3375.9586757416705,3516.8803741712277
느타리버섯(일반),2022-01-11,3903.819845361807,3548.0359144561085
느타리버섯(일반),2022-01-18,5537.416443634201,3208.0796356937744
느타리버섯(일반),2022-01-25,2930.663136128191,4345.59761980475
느타리버섯(일반),2022-02-01,2833.1062229677577,2781.0807033583587
느타리버섯(일반),2022-02-08,2346.2577228960913,2645.891223351967
느타리버섯(일반),2022-02-15,2718.673470247676,2328.5440147972126
느타리버섯(일반),2022-02-22,2754.374578454853,2635.4634961541365
느타리버섯(일반),2022-03-01,2583.0727357666606,2593.520981202844
느타리버섯(일반),2022-03-08,2440.095535931815,2446.700042743405
느타리버섯(일반),2022-03-15,2561.465476093461,2379.5837894156653
느타리버섯(일반),2022-03-22,2834.5697162052215,2489.6857245346237
느타리버섯(일반),2022-03-29,2845.97771776919,2650.024202707929
느타리버섯(일반),2022-04-05,2299.151620967422,2634.6285703818357
느타리버섯(일반),2022-04-12,2536.7149525452273,2203.124374521403
느타리버섯(일반),2022-04-19,2570.313977251615,2459.852023514983
느타리버섯(일반),2022-04-26,2869.9161357693897,2458.886798380777
느타리버섯(일반),2022-05-03,2682.9972986884472,2822.829317505433
느타리버섯(일반),2022-05-10,2762.6805118746242,2483.043716780304
느타리버섯(일반),2022-05-17,2439.0240507624603,2496.3140015209456
느타리버섯(일반),2022-05-24,2222.466287675814,2315.800860299468
느타리버섯(일반),2022-05-31,2459.4321978423686,2228.240244475998
느타리버섯(일반),2022-06-07,2326.168216556552,2354.0336560642713
느타리버섯(일반),2022-06-14,2649.9876631967636,2206.3835515004316
느타리버섯(일반),2022-06-21,2033.7928817917316,2437.300925407214
느타리버섯(일반),2022-06-28,2156.1303791613364,1867.4655299373749
느타리버섯(일반),2022-07-05,2191.6271164561863,2082.0710291723667
느타리버섯(일반),2022-07-12,2032.2483078625858,2118.7594857881413
느타리버섯(일반),2022-07-19,1731.8486990448685,1932.482840812662
느타리버섯(일반),2022-07-26,2351.7914010703935,2076.042133456665
느타리버섯(일반),2022-08-02,2368.84021265631,2467.335309342115
느타리버섯(일반),2022-08-09,2523.9242009011514,2655.041905621402
느타리버섯(일반),2022-08-16,2789.622399384033,2730.33648432822
느타리버섯(일반),2022-08-23,3930.9779817575536,3143.951408816289
느타리버섯(일반),2022-08-30,4624.648766990813,3740.4779441485834
느타리버섯(일반),2022-09-06,3511.562518640977,4249.538117184546
느타리버섯(일반),2022-09-13,2806.0449452217117,2806.24987503153
느타리버섯(일반),2022-09-20,3027.993296608482,2747.5208372210454
느타리버섯(일반),2022-09-27,2500.5445923584184,3004.021420928195
느타리버섯(일반),2022-10-04,2688.703755887444,2545.9301767415604
느타리버섯(일반),2022-10-11,3012.0885670676457,2908.2266931020054
느타리버섯(일반),2022-10-18,2686.5027650024062,3087.206078248816
느타리버섯(일반),2022-10-25,2857.5269735183874,2759.030434281313
느타리버섯(일반),2022-11-01,2386.063556287737,3105.955938174305
느타리버섯(일반),2022-11-08,2025.3803469558613,2400.8037544988338
느타리버섯(일반),2022-11-15,1790.9773257295158,2111.7587876761104
느타리버섯(일반),2022-11-22,1769.1788756120834,1976.5396357461073
느타리버섯(일반),2022-11-29,2601.299411165495,2017.7703644198134
느타리버섯(일반),2022-12-06,2777.3770996430917,2700.6227727223227
느타리버섯(일반),2022-12-13,2732.8321319865536,2849.365210581006
느타리버섯(일반),2022-12-20,2940.983838517831,2944.722674545443
느타리버섯(일반),2022-12-27,2949.449145896044,3166.893420836769
단호박,2022-01-04,2004.1567393421742,1920.5398974002583
단호박,2022-01-11,2021.4578432116566,1918.6792571610085
단호박,2022-01-18,1544.1614328913702,1877.90087992247
단호박,2022-01-25,1576.8353694008144,1430.4269055581976
단호박,2022-02-01,1867.1842410196987,1368.125208675358
단호박,2022-02-08,1169.2307692307693,1616.101296690729
단호박,2022-02-15,1900.0,1151.9599350752985
단호박,2022-03-01,1400.0,1375.627171427311
단호박,2022-03-08,926.5,1273.9833690709345
단호박,2022-03-15,791.0,1483.1965390418538
단호박,2022-03-22,1175.0,1231.5310446255144
단호박,2022-03-29,1250.0,1304.914094673698
단호박,2022-05-03,3738.2550335570468,1358.120790740109
단호박,2022-05-10,1283.5547411818598,2706.5734518583827
단호박,2022-05-17,4739.0100671140935,1725.1057832228753
단호박,2022-05-24,1735.5006105006105,4029.7043625299802
단호박,2022-05-31,2705.484520023366,1772.9779037747817
단호박,2022-06-07,2673.388773388773,2585.989414594768
단호박,2022-06-14,2369.036059587535,2231.3258183568673
단호박,2022-06-21,1624.467184794677,1965.0191013477572
단호박,2022-06-28,1497.2206963300112,1457.8566205515
단호박,2022-07-05,1501.9172728336696,1313.355744586688
단호박,2022-07-12,1523.6800214877926,1289.3788923843301
단호박,2022-07-19,1457.8237392153346,1380.9910085893125
단호박,2022-07-26,1435.2671107312012,1500.923853336883
단호박,2022-08-02,1458.5565631202096,1523.540183949808
단호박,2022-08-09,1415.1581102265811,1426.6911505516453
단호박,2022-08-16,1448.9276381818675,1433.5813201117508
단호박,2022-08-23,1690.5217980390487,1521.115847100174
단호박,2022-08-30,1707.6589970501475,1732.609401791656
단호박,2022-09-06,1818.802581882856,1787.065320888187
단호박,2022-09-13,1766.131139455693,1802.6800647236325
단호박,2022-09-20,1953.7147045406784,1762.4254024310846
단호박,2022-09-27,2006.2949098104127,1998.1982512378718
단호박,2022-10-04,1994.7695040508304,2028.5013573106426
단호박,2022-10-11,2127.280747654453,2052.335743849675
단호박,2022-10-18,2113.835875003745,2295.4286357312003
단호박,2022-10-25,2222.884246814768,2203.0093157510228
단호박,2022-11-01,2170.043167666272,2261.512094513953
단호박,2022-11-08,2913.8926830782602,2209.795483983883
단호박,2022-11-15,2496.656384903104,2849.0046981547002
단호박,2022-11-22,2449.9582650958846,2367.234983881954
단호박,2022-11-29,3263.5244360116685,2398.6615820550314
단호박,2022-12-06,3150.8617382322564,3035.8393694923625
단호박,2022-12-13,3496.689971460974,3059.8474604291114
단호박,2022-12-20,3788.1467452848606,3385.084957891126
단호박,2022-12-27,4307.433865386762,3627.6130867863767
당근(일반),2022-01-04,806.4813029153165,931.9702831161424
당근(일반),2022-01-11,829.517721467557,847.3105626343541
당근(일반),2022-01-18,909.4973123326449,856.3997938460323
당근(일반),2022-01-25,850.6278252134606,928.2479769708859
당근(일반),2022-02-01,726.6829686440028,899.8391267458378
당근(일반),2022-02-08,789.1480957637643,803.905215779936
당근(일반),2022-02-15,802.8632857329634,826.9031602207166
당근(일반),2022-02-22,819.0906820776256,816.2637581515679
당근(일반),2022-03-01,813.5475587326926,837.6730373126231
당근(일반),2022-03-08,835.7577859170802,836.3473519994965
당근(일반),2022-03-15,1134.0885674249917,875.0197609918055
당근(일반),2022-03-22,1209.615657009945,1104.9022387757407
당근(일반),2022-03-29,1197.9307633943672,1215.401083519041
당근(일반),2022-04-05,1268.041119599063,1237.7601779016136
당근(일반),2022-04-12,1468.7031369373574,1275.4660028137637
당근(일반),2022-04-19,1601.5206345455083,1429.4553710113526
당근(일반),2022-04-26,1371.057223101999,1549.4562459158724
당근(일반),2022-05-03,1354.0971379011276,1409.274330756304
당근(일반),2022-05-10,1262.8531019998866,1318.86151402881
당근(일반),2022-05-17,1251.389841356924,1266.5756215113227
당근(일반),2022-05-24,1343.3922276199598,1250.101038937234
당근(일반),2022-05-31,1340.055195880804,1324.5297114311004
당근(일반),2022-06-07,1472.691896626541,1339.5193877708512
당근(일반),2022-06-14,1454.5425146411262,1446.251975856069
당근(일반),2022-06-21,1602.104392407825,1389.1428913586005
당근(일반),2022-06-28,1652.490533352304,1541.8436799395838
당근(일반),2022-07-05,1567.8629192026137,1604.321568088455
당근(일반),2022-07-12,1482.8343824720637,1509.907566381922
당근(일반),2022-07-19,1356.5640555410007,1488.1341300343943
당근(일반),2022-07-26,1551.5252327316284,1502.351791542891
당근(일반),2022-08-02,1571.7823179163022,1558.8037865667472
당근(일반),2022-08-09,2064.571476116043,1668.3130765569479
당근(일반),2022-08-16,1757.1105662234495,2130.3963752019067
당근(일반),2022-08-23,2313.513084013137,1803.7696991502307
당근(일반),2022-08-30,2721.292161599149,2356.527961632285
당근(일반),2022-09-06,2504.5831326475345,2583.875540106735
당근(일반),2022-09-13,2457.299323764362,2434.6298488634693
당근(일반),2022-09-20,2567.42898619808,2446.149598835366
당근(일반),2022-09-27,2613.2220583748604,2520.3742320626675
당근(일반),2022-10-04,2588.0119661194253,2454.998776649248
당근(일반),2022-10-11,2091.234582859817,2506.744926996342
당근(일반),2022-10-18,1713.502259686183,1979.84865203475
당근(일반),2022-10-25,1641.5379899202321,1656.6466413212313
당근(일반),2022-11-01,1563.7094592933192,1586.7348811723762
당근(일반),2022-11-08,1588.7434967680908,1489.577817990275
당근(일반),2022-11-15,1423.9795129815318,1542.8006228469092
당근(일반),2022-11-22,1494.7044700272556,1398.70023238529
당근(일반),2022-11-29,1756.003925603149,1500.9545429902234
당근(일반),2022-12-06,1619.0583070437115,1700.8302992985382
당근(일반),2022-12-13,1944.8842479246616,1597.8074510132114
당근(일반),2022-12-20,2024.7512245785906,2008.9234852856716
당근(일반),2022-12-27,2003.8165951662386,2030.8885688865748
대추방울,2022-01-04,5682.224505381602,6030.7589903008
대추방울,2022-01-11,5808.478713404822,5595.194090356013
대추방울,2022-01-18,5636.415652562242,5339.0410270199545
대추방울,2022-01-25,4949.481896792869,5242.558176490802
대추방울,2022-02-01,4622.037571590105,4790.377632756526
대추방울,2022-02-08,4861.889797599951,4708.621825739271
대추방울,2022-02-15,5199.367983110883,4975.05828872017
대추방울,2022-02-22,6450.808812265295,4961.74846910991
대추방울,2022-03-01,5547.972402538385,5585.306966949496
대추방울,2022-03-08,5105.515191679847,5033.7524985470545
대추방울,2022-03-15,6007.833905778301,4828.684508045708
대추방울,2022-03-22,6218.450180744361,5435.503072101159
대추방울,2022-03-29,4361.436950969662,5435.13889797934
대추방울,2022-04-05,3782.8861962927117,4152.763654844306
대추방울,2022-04-12,4068.194855806703,3662.4424003611744
대추방울,2022-04-19,4262.350426257559,3894.493903647533
대추방울,2022-04-26,3813.943495907308,4012.1018026225247
대추방울,2022-05-03,3869.585678712246,3590.94664981251
대추방울,2022-05-10,3168.4224257985147,3524.8019414779155
대추방울,2022-05-17,3680.7234525113545,2883.627165859731
대추방울,2022-05-24,3428.10087185172,3409.895482280535
대추방울,2022-05-31,3169.8701932393897,3206.3616115465156
대추방울,2022-06-07,2730.7786159204447,2962.935483453182
대추방울,2022-06-14,2361.6873909341516,2677.9214058293533
대추방울,2022-06-21,2383.320154227509,2365.1348122639597
대추방울,2022-06-28,2936.473047716855,2590.322609530678
대추방울,2022-07-05,2980.5599027681046,3129.6792663738615
대추방울,2022-07-12,3380.184907468963,3034.9182466689917
대추방울,2022-07-19,4652.8674519874085,3454.0061510068326
대추방울,2022-07-26,5951.839347620548,4819.005248596909
대추방울,2022-08-02,4535.192967697767,5628.4834646035115
대추방울,2022-08-09,4608.394565604382,4597.707155878556
대추방울,2022-08-16,5361.432972613979,4886.190339481026
대추방울,2022-08-23,7361.122304743162,5255.906769631927
대추방울,2022-08-30,6377.849274562976,6406.531110458558
대추방울,2022-09-06,6065.649131317812,5627.057190398004
대추방울,2022-09-13,5020.550013816509,5589.438173344888
대추방울,2022-09-20,5150.077031513592,4844.334692411825
대추방울,2022-09-27,6536.533295142524,5095.476753455808
대추방울,2022-10-04,7831.861885499074,5928.797646187057
대추방울,2022-10-11,6305.93374971748,6500.934276365617
대추방울,2022-10-18,4692.332925253059,5567.53874940632
대추방울,2022-10-25,3884.1309493693757,4582.62638215319
대추방울,2022-11-01,4331.1597506533835,3836.6793170936457
대추방울,2022-11-08,3942.550787325039,4312.125422858163
대추방울,2022-11-15,3077.1084751708413,3955.1044246470833
대추방울,2022-11-22,2677.451940815002,3138.719340552776
대추방울,2022-11-29,3680.8820360268237,2961.450292717183
대추방울,2022-12-06,3434.418469191048,3802.3017597868056
대추방울,2022-12-13,3738.2969960999912,3671.7404078563213
대추방울,2022-12-20,4264.518861127763,4320.560079661557
대추방울,2022-12-27,4085.932719424891,4567.136816275474
대파(일반),2022-01-04,1132.2382591920334,1225.314505354163
대파(일반),2022-01-11,1255.244868967506,1182.4973977362267
대파(일반),2022-01-18,1270.9828235634993,1258.9507376234433
대파(일반),2022-01-25,1095.5633294801708,1354.3890869648876
대파(일반),2022-02-01,1030.2444722506384,1153.6919475210482
대파(일반),2022-02-08,1163.8392201749637,1210.6691372892376
대파(일반),2022-02-15,1301.0311798504517,1213.6488640697544
대파(일반),2022-02-22,1550.8221649685408,1354.1352480402431
대파(일반),2022-03-01,1643.968881574729,1426.9053920753108
대파(일반),2022-03-08,1196.8013882304404,1480.3254297816527
대파(일반),2022-03-15,1137.2496940153571,1199.5604261013862
대파(일반),2022-03-22,979.6312450616105,1136.5696430237724
대파(일반),2022-03-29,936.4301453067948,1087.1802728675787
대파(일반),2022-04-05,921.8755422541144,1069.0230442087352
대파(일반),2022-04-12,1102.9177564442632,1045.1335767950668
대파(일반),2022-04-19,1052.4848530902661,1056.1360964055846
대파(일반),2022-04-26,1254.765084266644,1114.1548699865268
대파(일반),2022-05-03,1145.417551435556,1201.0972609566788
대파(일반),2022-05-10,1192.960497144442,1149.9035145142982
대파(일반),2022-05-17,1438.9640492186472,1178.412461167725
대파(일반),2022-05-24,1369.5436566632702,1325.3041012236536
대파(일반),2022-05-31,1406.9772585762805,1272.379176607427
대파(일반),2022-06-07,1272.0415930311844,1383.2869000928074
대파(일반),2022-06-14,1419.4989735361846,1268.7027588533442
대파(일반),2022-06-21,1338.4210165811621,1376.095714025054
대파(일반),2022-06-28,1601.0380887796853,1338.2805252744943
대파(일반),2022-07-05,1766.1593973363322,1480.7870820510886
대파(일반),2022-07-12,1593.5108274900515,1554.321384516261
대파(일반),2022-07-19,1369.499503592859,1441.7364941525534
대파(일반),2022-07-26,1885.4378116114397,1571.2635800872006
대파(일반),2022-08-02,1972.9158913688802,1825.6405936273225
대파(일반),2022-08-09,1545.1156303616756,1978.3645076492778
대파(일반),2022-08-16,1329.264838850469,1612.3792488244155
대파(일반),2022-08-23,1898.7585487778697,1435.0175917860754
대파(일반),2022-08-30,1626.8764862894186,1868.2419940967452
대파(일반),2022-09-06,1437.7201365909914,1670.9019423445807
대파(일반),2022-09-13,1522.1471042319063,1399.0021764118123
대파(일반),2022-09-20,1721.2463159161016,1501.813090187603
대파(일반),2022-09-27,1900.0592135172424,1657.2720641529154
대파(일반),2022-10-04,1641.3245603366745,1836.4536918399695
대파(일반),2022-10-11,1422.1436637950878,1683.627922508364
대파(일반),2022-10-18,1437.496488182504,1453.36018695863
대파(일반),2022-10-25,1490.3600185104524,1438.8690411538887
대파(일반),2022-11-01,1645.5027835778064,1539.5712208181342
대파(일반),2022-11-08,1580.0206894305497,1660.8278181786798
대파(일반),2022-11-15,1407.685813725976,1572.212350909404
대파(일반),2022-11-22,1426.5115734596952,1451.9116743130062
대파(일반),2022-11-29,1494.3071915964595,1450.3934120043023
대파(일반),2022-12-06,1604.4689073750903,1562.6726228063767
대파(일반),2022-12-13,1811.5992767393357,1656.9945226425145
대파(일반),2022-12-20,1829.745429877178,1923.9969621302187
대파(일반),2022-12-27,1293.736609461719,1893.2287261319736
돌미나리,2022-01-04,8395.741864983002,8291.935614827757
돌미나리,2022-01-11,8572.739807624426,7480.987223892181
돌미나리,2022-01-18,9006.323105758218,7209.945201036538
돌미나리,2022-01-25,5047.198194301779,6264.043472574379
돌미나리,2022-02-01,3946.9602640705302,4061.5360929348626
돌미나리,2022-02-08,3333.624586735038,3970.6568442143416
돌미나리,2022-02-15,4375.040570128364,3268.335225467131
돌미나리,2022-02-22,3834.3429684887756,3944.2757069925815
돌미나리,2022-03-01,3304.22859868055,3521.4992985609283
돌미나리,2022-03-08,2883.8159278977305,3093.1074774210138
돌미나리,2022-03-15,3181.7579089179058,2613.319147329075
돌미나리,2022-03-22,3761.652138503808,2824.7284944870576
돌미나리,2022-03-29,2558.2212433910117,3362.611709001498
돌미나리,2022-04-05,2293.9771726141153,2173.2482661531885
돌미나리,2022-04-12,1752.5443145857857,2324.8163118392563
돌미나리,2022-04-19,2211.6824027197813,1852.6181901118862
돌미나리,2022-04-26,2363.713413350179,2308.653998096477
돌미나리,2022-05-03,2050.118166591807,2379.699822462214
돌미나리,2022-05-10,1907.3535434452901,1859.3632341890866
돌미나리,2022-05-17,2130.2826495615395,1984.3072488875703
돌미나리,2022-05-24,1499.4645316402512,2206.5158346062144
돌미나리,2022-05-31,1520.0022854644462,1575.331823073416
돌미나리,2022-06-07,1686.4408459358215,1594.7861703575918
돌미나리,2022-06-14,2149.4406111921294,1697.6677251695157
돌미나리,2022-06-21,3489.055038877878,2137.454823234322
돌미나리,2022-06-28,5044.1183668768535,3001.9129801156982
돌미나리,2022-07-05,5720.575920829186,4192.141870537346
돌미나리,2022-07-12,2997.903940851131,4500.4283923507055
돌미나리,2022-07-19,2751.6587108801264,2787.548398794787
돌미나리,2022-07-26,4848.447610013889,3166.9690410529815
돌미나리,2022-08-02,6171.9539830620615,5422.112170139148
돌미나리,2022-08-09,9056.335402634402,6986.561709394542
돌미나리,2022-08-16,7508.204446592556,7427.852502002003
돌미나리,2022-08-23,7102.117502642616,5771.432927369396
돌미나리,2022-08-30,8853.857737208147,6434.172303306937
돌미나리,2022-09-06,5336.9578243389515,7786.2129709432
돌미나리,2022-09-13,4635.784950056707,4829.713430180069
돌미나리,2022-09-20,3261.749811722544,4555.357079711949
돌미나리,2022-09-27,4819.701284198772,3365.560349865021
돌미나리,2022-10-04,3649.1580232586252,5232.54895210215
돌미나리,2022-10-11,3913.153628445031,4072.227602295739
돌미나리,2022-10-18,3896.370559727326,3923.525385727094
돌미나리,2022-10-25,3977.2302662307334,4092.6999237244763
돌미나리,2022-11-01,3712.509717543405,4028.3922696738177
돌미나리,2022-11-08,3875.795011122862,4061.0038580238606
돌미나리,2022-11-15,3017.688438198659,4166.427759837294
돌미나리,2022-11-22,5148.733063852084,3207.39315688873
돌미나리,2022-11-29,8196.598710759394,5230.430671233985
돌미나리,2022-12-06,8825.041612724246,8879.742710244866
돌미나리,2022-12-13,10104.318805022369,8815.245826125973
돌미나리,2022-12-20,11772.925338619094,9442.197492430789
돌미나리,2022-12-27,10695.127169785734,9290.389858942528
레드치커리,2022-01-04,4416.886064457558,6169.571306833932
레드치커리,2022-01-11,4732.788944723618,5032.540672515937
레드치커리,2022-01-18,4748.887444010981,5287.431559728307
레드치커리,2022-01-25,3935.624332977588,4818.875873132623
레드치커리,2022-02-01,3429.544117647059,3868.025261170018
레드치커리,2022-02-08,2746.004606661942,3575.3648722733965
레드치커리,2022-02-15,2994.9249140582597,2816.790973242699
레드치커리,2022-02-22,3832.820554123711,3124.953732268054
레드치커리,2022-03-01,2602.582704585026,3878.55822115068
레드치커리,2022-03-08,2272.7640845070423,2610.6509294489474
레드치커리,2022-03-15,2560.0904233456636,2531.8522384433845
레드치커리,2022-03-22,4422.948602344454,2642.4882817201055
레드치커리,2022-03-29,4554.565469293163,4299.899426429953
레드치커리,2022-04-05,3543.497854077253,4239.571824846679
레드치커리,2022-04-12,2502.3178016726406,3901.8365432024266
레드치커리,2022-04-19,3066.165179497821,2816.2617969217677
레드치커리,2022-04-26,6541.903749002925,3372.8599899109404
레드치커리,2022-05-03,6958.909921671018,5974.561179125295
레드치커리,2022-05-10,5076.222935044106,7433.2491093382205
레드치커리,2022-05-17,3560.909574468085,4621.180531924736
레드치커리,2022-05-24,4187.462995855536,3735.8327298786685
레드치커리,2022-05-31,4477.258965999068,4341.872194042534
레드치커리,2022-06-07,3590.431198478123,4492.684929057828
레드치커리,2022-06-14,4485.330463760067,3835.1440622844407
레드치커리,2022-06-21,7126.5376585835875,4234.859995905621
레드치커리,2022-06-28,9854.709759727833,6557.960203429587
레드치커리,2022-07-05,9112.772071411104,7905.489135058185
레드치커리,2022-07-12,5715.008796860197,5499.103966293173
레드치커리,2022-07-19,4213.196806151116,5022.613842685832
레드치커리,2022-07-26,5970.265830346476,5039.955082908101
레드치커리,2022-08-02,5807.845778804209,5577.435334674124
레드치커리,2022-08-09,7138.20895522388,5404.343492089729
레드치커리,2022-08-16,7492.279979413279,6458.752993761608
레드치커리,2022-08-23,7118.452860596293,6037.875109151165
레드치커리,2022-08-30,6115.446559297218,6705.647110945918
레드치커리,2022-09-06,5672.910685805423,6024.024836612295
레드치커리,2022-09-13,4034.6096376540904,4853.2551755680415
레드치커리,2022-09-20,4624.980617149946,3904.321003634206
레드치커리,2022-09-27,3528.43931837074,4483.06880127314
레드치커리,2022-10-04,3081.5375891121193,3572.894160433589
레드치커리,2022-10-11,3225.735294117647,3307.4792864264036
레드치커리,2022-10-18,3931.368390258173,3339.3649764257534
레드치커리,2022-10-25,2827.9376629018243,3842.1791422008873
레드치커리,2022-11-01,3177.8086134237847,2813.806423523097
레드치커리,2022-11-08,3281.3809294485914,3243.2572453241046
레드치커리,2022-11-15,3725.1886330230277,3468.540880759102
레드치커리,2022-11-22,3278.5266608813035,3779.6649241865284
레드치커리,2022-11-29,3141.7607713690063,3453.9812421048355
레드치커리,2022-12-06,3578.649903726356,3433.374011498975
레드치커리,2022-12-13,5690.852399793566,4247.176261523523
레드치커리,2022-12-20,3995.87123025371,5693.64186286652
레드치커리,2022-12-27,4084.924390017627,4571.588801319772
마늘,2022-01-04,4545.486586934371,5474.165592182356
마늘,2022-01-11,5051.951252248211,4663.797945940139
마늘,2022-01-18,4908.203216095015,5065.932389713379
마늘,2022-01-25,5070.565942316868,5095.151302533238
마늘,2022-02-01,4474.331366702799,4965.097684568389
마늘,2022-02-08,4548.4721402271725,4510.511304922409
마늘,2022-02-15,4856.976157651552,4624.11901384335
마늘,2022-02-22,4940.8807586929215,5175.579454821088
마늘,2022-03-01,5119.456883251696,5046.32921208337
마늘,2022-03-08,5236.872361682514,5059.955323022863
마늘,2022-03-15,5392.335329976865,5362.0759135811495
마늘,2022-03-22,5465.22508567551,5407.2057051316615
마늘,2022-03-29,5048.406230112696,5417.176026422592
마늘,2022-04-05,4932.508208703092,5116.524762731341
마늘,2022-04-12,4333.409601420938,5080.417686019252
마늘,2022-04-19,4296.3955950551535,4336.592070465272
마늘,2022-04-26,5197.014044317821,4387.501757072135
마늘,2022-05-03,5708.987883273156,5000.2465459771465
마늘,2022-05-10,4970.820959680608,5718.355143907353
마늘,2022-05-17,5503.016896176168,5064.017156401274
마늘,2022-05-24,5202.61435186588,5270.660603936728
마늘,2022-05-31,6061.307841619003,5002.8248084981715
마늘,2022-06-07,5142.736973342102,5946.564737610552
마늘,2022-06-14,4968.393836958255,5034.153276167924
마늘,2022-06-21,4836.033208436113,5035.038957533333
마늘,2022-06-28,5556.391400737685,4991.4611323333465
마늘,2022-07-05,5624.783310062997,5250.0832283210175
마늘,2022-07-12,5463.87891137432,5445.9967073859625
마늘,2022-07-19,5339.935622742301,5357.782247237244
마늘,2022-07-26,4323.451166195965,5406.175790049114
마늘,2022-08-02,4950.231314662644,4346.452649142946
마늘,2022-08-09,4696.656908437831,5078.806091850416
마늘,2022-08-16,3771.1727039188304,4715.929643217285
마늘,2022-08-23,4075.243251590216,3894.3684532659113
마늘,2022-08-30,5123.252574223158,3939.4293807043055
마늘,2022-09-06,4402.196359768362,4947.512947469142
마늘,2022-09-13,3434.1554664855776,4463.24239082752
마늘,2022-09-20,4561.646240419599,3617.5782640141742
마늘,2022-09-27,5450.576472400962,4360.466036654237
마늘,2022-10-04,5782.012390312057,5346.942183578025
마늘,2022-10-11,4596.466562609049,5829.079009512466
마늘,2022-10-18,5322.658208342244,4562.531031432167
마늘,2022-10-25,4551.228316232097,5220.702733799651
마늘,2022-11-01,5758.364855918721,4550.178327588088
마늘,2022-11-08,4563.620675351812,5557.361461304924
마늘,2022-11-15,4465.880284854501,4470.1525333171685
마늘,2022-11-22,5097.168090092093,4508.94651943358
마늘,2022-11-29,4892.812204692035,5057.129695866398
마늘,2022-12-06,6225.057499119408,5151.863633763296
마늘,2022-12-13,5249.370086922234,6350.987152189419
마늘,2022-12-20,5760.283776781534,5418.588660351237
마늘,2022-12-27,5969.892981243861,5636.1093639480905
만생양파,2022-01-04,509.9514888351951,677.7985203754996
만생양파,2022-01-11,517.5427381415072,542.9431727723569
만생양파,2022-01-18,473.18179211532777,532.4555486293659
만생양파,2022-01-25,559.378200103495,510.77442165336595
만생양파,2022-02-01,444.8517023410149,567.9524188162059
만생양파,2022-02-08,390.67618727661807,502.8310641038686
만생양파,2022-02-15,371.6564254922678,430.0576547971436
만생양파,2022-02-22,431.0674672766371,417.59612824959817
만생양파,2022-03-01,387.78833408435327,471.179707513583
만생양파,2022-03-08,311.39065298811266,400.85072606111345
만생양파,2022-03-15,285.4422376013742,375.4369946476287
만생양파,2022-03-22,345.45583260433153,376.07451171723227
만생양파,2022-03-29,287.2704408762024,384.54752585890094
만생양파,2022-04-05,235.04023952604422,400.38300759224046
만생양파,2022-04-12,275.1617161716172,415.6751993010071
만생양파,2022-04-19,128.9893228023987,420.91207299524666
만생양파,2022-05-24,1080.2950342481754,693.4651436835018
만생양파,2022-05-31,1128.720675201289,1133.5547526233615
만생양파,2022-06-07,1179.593136254967,1228.9611958805822
만생양파,2022-06-14,1167.4949418811188,1088.7171223000887
만생양파,2022-06-21,1052.6833518947049,1074.335112849526
만생양파,2022-06-28,1176.3010245568385,1041.3959356791836
만생양파,2022-07-05,1035.6406662576815,1198.9285952812895
만생양파,2022-07-12,1151.7437050609367,1053.8173640253458
만생양파,2022-07-19,1031.1870263786875,1092.0679786271676
만생양파,2022-07-26,1138.2304504220924,1123.3530633335724
만생양파,2022-08-02,1253.0724700550097,1149.194064230209
만생양파,2022-08-09,1250.572634075286,1229.5462705776224
만생양파,2022-08-16,1094.741625319299,1260.635150750009
만생양파,2022-08-23,1152.8808497435182,1137.683336958449
만생양파,2022-08-30,1389.490277620554,1174.0815883725068
만생양파,2022-09-06,1235.918960537465,1324.0835420756002
만생양파,2022-09-13,1271.843101255822,1209.4319521486545
만생양파,2022-09-20,1283.7563613125133,1277.3140521797804
만생양파,2022-09-27,1377.599158605189,1274.432004026325
만생양파,2022-10-04,1462.2110231181505,1337.0065644660212
만생양파,2022-10-11,1334.1098850725255,1372.8714503281967
만생양파,2022-10-18,1376.2364560482297,1329.3442752862143
만생양파,2022-10-25,1329.37256060988,1409.8976962954034
만생양파,2022-11-01,1352.4231353689756,1331.579597511643
만생양파,2022-11-08,1355.7084786767189,1363.2521996552264
만생양파,2022-11-15,1261.0266199686575,1328.2979481339733
만생양파,2022-11-22,1176.024387251055,1248.0080061998422
만생양파,2022-11-29,1357.0341955879696,1240.452004042495
만생양파,2022-12-06,1242.4608745250118,1314.9026121860672
만생양파,2022-12-13,1274.7069836727094,1266.5189906204184
만생양파,2022-12-20,1312.6327733476219,1324.3129077070955
만생양파,2022-12-27,1334.8697605104633,1297.2827577286082
맛느타리버섯,2022-01-04,4526.263522715101,3508.5337682781583
맛느타리버섯,2022-01-11,4743.363753857516,4591.972241082642
맛느타리버섯,2022-01-18,6936.611062335382,5007.739932836006
맛느타리버섯,2022-01-25,5187.44764924402,5509.313255910697
맛느타리버섯,2022-02-01,2836.348646544222,3702.835186809807
맛느타리버섯,2022-02-08,3529.3855115267866,2757.600926466928
맛느타리버섯,2022-02-15,3978.0732529957118,3428.7330527223917
맛느타리버섯,2022-02-22,3729.412706801839,3436.3818081876634
맛느타리버섯,2022-03-01,3190.6744607390697,3263.631966962898
맛느타리버섯,2022-03-08,3050.3347301290505,3085.6003464453893
맛느타리버섯,2022-03-15,3629.202281503983,2910.0919804271957
맛느타리버섯,2022-03-22,3353.2515878080653,3255.8530621974105
맛느타리버섯,2022-03-29,3362.9507943853155,3084.2821819951496
맛느타리버섯,2022-04-05,2608.567515825659,3211.2708424741254
맛느타리버섯,2022-04-12,2715.33907116451,2614.0201507769193
맛느타리버섯,2022-04-19,2772.5299482605924,2690.0444136641045
맛느타리버섯,2022-04-26,3227.5286201437098,2755.46093661697
맛느타리버섯,2022-05-03,3730.8063516906323,2989.1726988793
맛느타리버섯,2022-05-10,2754.4144706065804,3252.461561973446
맛느타리버섯,2022-05-17,2405.8234614273333,2693.7641556175395
맛느타리버섯,2022-05-24,2027.7143178684973,2541.1680141996208
맛느타리버섯,2022-05-31,2814.323574346023,2241.489461724342
맛느타리버섯,2022-06-07,2767.5791328424893,2684.1345472585667
맛느타리버섯,2022-06-14,2615.2683908563877,2600.052841097959
맛느타리버섯,2022-06-21,1999.1727748691098,2520.507491559779
맛느타리버섯,2022-06-28,2200.86180874185,2096.6024278275067
맛느타리버섯,2022-07-05,2579.8628616012484,2304.6323336691485
맛느타리버섯,2022-07-12,1987.5841973300805,2486.497834032292
맛느타리버섯,2022-07-19,1851.1894796532822,2030.945539991938
맛느타리버섯,2022-07-26,2996.0181387001667,2500.4951220143766
맛느타리버섯,2022-08-02,2184.7852918488043,3004.6158689771883
맛느타리버섯,2022-08-09,2611.929187239377,2551.283531728291
맛느타리버섯,2022-08-16,2932.804456295045,3003.3736314948733
맛느타리버섯,2022-08-23,4576.049705689993,3430.5174768114694
맛느타리버섯,2022-08-30,6435.864501893268,4618.446674756998
맛느타리버섯,2022-09-06,3005.940620494473,5632.331206391812
맛느타리버섯,2022-09-13,3143.791380387258,2662.669968525753
맛느타리버섯,2022-09-20,2971.451876019576,3165.9349535530146
맛느타리버섯,2022-09-27,2384.96931717718,3122.226240198031
맛느타리버섯,2022-10-04,2907.4482161942083,2634.4157890742404
맛느타리버섯,2022-10-11,2439.3491267591985,3203.6423566254625
맛느타리버섯,2022-10-18,2291.806071083541,2629.445956280688
맛느타리버섯,2022-10-25,2289.3360210427986,2457.576213606973
맛느타리버섯,2022-11-01,2500.7894069944246,2432.8187542542123
맛느타리버섯,2022-11-08,1893.8371265186138,2636.2969334950003
맛느타리버섯,2022-11-15,1579.9142172322443,2201.866259938342
맛느타리버섯,2022-11-22,1771.628449280995,2100.6190303539806
맛느타리버섯,2022-11-29,3396.7558392178166,2167.719128968885
맛느타리버섯,2022-12-06,2675.9191768935166,3620.6692888858615
맛느타리버섯,2022-12-13,3467.4890455324826,2959.6491611083193
맛느타리버섯,2022-12-20,3689.677941817729,3629.0023112496765
맛느타리버섯,2022-12-27,3501.3073618176545,3857.4705526746466
미나리(일반),2022-01-04,5371.265633157047,6032.136867425751
미나리(일반),2022-01-11,7890.665818566233,5660.378200619726
미나리(일반),2022-01-18,10156.866751339114,6933.418860524386
미나리(일반),2022-01-25,5339.403611927762,7926.711433276031
미나리(일반),2022-02-01,4633.158051887732,4493.246693563407
미나리(일반),2022-02-08,5082.702495913564,4609.143673839452
미나리(일반),2022-02-15,6126.981679248757,4936.604855435801
미나리(일반),2022-02-22,7035.378643560909,5771.51376197503
미나리(일반),2022-03-01,5177.2387728668,6372.351932646971
미나리(일반),2022-03-08,4572.341933551079,4564.099033000167
미나리(일반),2022-03-15,4800.623601789709,4138.686760541659
미나리(일반),2022-03-22,5042.787133565001,4625.763509878896
미나리(일반),2022-03-29,4820.338922652291,4471.041788315826
미나리(일반),2022-04-05,3776.2156912538862,4487.509993999765
미나리(일반),2022-04-12,3812.002224173673,3616.7310957596223
미나리(일반),2022-04-19,2935.7776694295467,3655.486912634277
미나리(일반),2022-04-26,4955.788670192465,2939.708288480031
미나리(일반),2022-05-03,3324.847943937591,4483.103843054261
미나리(일반),2022-05-10,2988.4075171054396,3394.9733838547586
미나리(일반),2022-05-17,3091.9775816948054,3308.748223342542
미나리(일반),2022-05-24,3219.952124744125,3394.9683384650293
미나리(일반),2022-05-31,3229.085027483365,3338.4937599580917
미나리(일반),2022-06-07,3163.8139522273136,3162.346308441867
미나리(일반),2022-06-14,3030.04512480722,2974.9671148390767
미나리(일반),2022-06-21,4193.875923661687,2605.883020438641
미나리(일반),2022-06-28,5948.438017441219,3612.581870654451
미나리(일반),2022-07-05,5453.0083074599315,4751.088016066596
미나리(일반),2022-07-12,4438.549947546334,4411.845784894755
미나리(일반),2022-07-19,3727.072651073494,3917.7427711765013
미나리(일반),2022-07-26,4716.213527851459,4099.692101590317
미나리(일반),2022-08-02,7294.7398677780975,5018.930746251
미나리(일반),2022-08-09,9530.709437267353,7424.738304756959
미나리(일반),2022-08-16,8834.95720040282,9286.969600195087
미나리(일반),2022-08-23,10415.355924717198,8280.275171312642
미나리(일반),2022-08-30,11290.600574520677,8970.653813034924
미나리(일반),2022-09-06,7169.463254331807,9515.905728674757
미나리(일반),2022-09-13,5678.283522389284,6447.186213501165
미나리(일반),2022-09-20,4180.742237537662,5582.595945342758
미나리(일반),2022-09-27,5925.923737493106,4758.43921234546
미나리(일반),2022-10-04,5538.52478271083,6650.110128426582
미나리(일반),2022-10-11,4636.596377726652,5495.801364232277
미나리(일반),2022-10-18,5491.710155636632,5161.491505150143
미나리(일반),2022-10-25,6388.411529672738,5694.561538559261
미나리(일반),2022-11-01,6075.601874540554,6472.883180827991
미나리(일반),2022-11-08,7238.744471119121,6099.551230789287
미나리(일반),2022-11-15,8153.069748549619,6826.265022308259
미나리(일반),2022-11-22,7327.282182196379,7721.512971984038
미나리(일반),2022-11-29,7077.597520137569,6671.995133225711
미나리(일반),2022-12-06,5285.940598625652,6906.089202063085
미나리(일반),2022-12-13,5941.693311165111,5224.505191689559
미나리(일반),2022-12-20,6311.15486001022,6317.177199455016
미나리(일반),2022-12-27,6736.676268054222,6373.394839801095
밤고구마,2022-01-04,1274.7091570908572,1826.1650513527081
밤고구마,2022-01-11,1337.848679338435,1589.0169315182081
밤고구마,2022-01-18,1476.8393623543839,1654.2618164949095
밤고구마,2022-01-25,1735.0560702096539,1732.0093390602044
밤고구마,2022-02-01,1672.110552763819,1839.2053545606962
밤고구마,2022-02-08,1540.850975364679,1741.287384788692
밤고구마,2022-02-15,1815.0828075709778,1695.332886364282
밤고구마,2022-02-22,1725.946418171229,1928.4645663422016
밤고구마,2022-03-01,1402.6658624849215,1815.869503054955
밤고구마,2022-03-08,1417.9270038167938,1611.0851602432876
밤고구마,2022-03-15,1099.5889449587273,1620.5549299220768
밤고구마,2022-03-22,1173.377379975108,1345.9723923856834
밤고구마,2022-03-29,1499.0727041613702,1324.7249091423205
밤고구마,2022-04-05,1293.4507691849913,1526.5249816345874
밤고구마,2022-04-12,1375.755184042477,1452.9463126725059
밤고구마,2022-04-19,1479.5664338745567,1569.8520584046662
밤고구마,2022-04-26,1698.9162040708432,1535.1549484557272
밤고구마,2022-05-03,1581.810820911016,1724.118207117277
밤고구마,2022-05-10,1422.715373631604,1619.1436757224806
밤고구마,2022-05-17,1197.8462902977017,1593.9191998349233
밤고구마,2022-05-24,1350.605224039074,1405.0866815321872
밤고구마,2022-05-31,1391.4958128790067,1577.8236650126544
밤고구마,2022-06-07,1657.4575493345571,1570.5399941918467
밤고구마,2022-06-14,1616.8006123230005,1770.256537804375
밤고구마,2022-06-21,1231.3382193268187,1670.3529284533322
밤고구마,2022-06-28,1212.1430551705018,1396.110153898872
밤고구마,2022-07-05,1729.9334433130439,1426.9013869901535
밤고구마,2022-07-12,1857.0652173913043,1872.7709183613836
밤고구마,2022-07-19,1737.001545595054,1938.5333622743196
밤고구마,2022-07-26,1603.6236119228522,1739.6451925530612
밤고구마,2022-08-02,1357.830535152151,1660.1467225526467
밤고구마,2022-08-09,1525.1477541371157,1512.2095320491155
밤고구마,2022-08-16,1478.4435080326573,1658.9650074831472
밤고구마,2022-08-23,1262.4563445867288,1566.1659201549264
밤고구마,2022-08-30,1327.4026512013256,1460.7971202568315
밤고구마,2022-09-06,1129.9189844677228,1471.4411791703176
밤고구마,2022-09-13,994.9076449461262,1255.2537912746088
밤고구마,2022-09-20,1304.351376574895,1194.077008083827
밤고구마,2022-09-27,1020.4880817253121,1315.303752863873
밤고구마,2022-10-04,1126.7570900123305,1154.126870311743
밤고구마,2022-10-11,1139.676909269627,1244.8814491848311
밤고구마,2022-10-18,1304.3846720707443,1242.5922359546682
밤고구마,2022-10-25,1107.2392497712717,1299.661143536928
밤고구마,2022-11-01,1179.6001159084324,1213.2343691914962
밤고구마,2022-11-08,1109.6947060734005,1286.2172553583505
밤고구마,2022-11-15,856.6012488849242,1225.6632399281837
밤고구마,2022-11-22,1205.500921942225,998.389088495577
밤고구마,2022-11-29,1365.236220472441,1268.7052194671667
밤고구마,2022-12-06,1316.5426587301588,1358.9033172168013
밤고구마,2022-12-13,1498.1709145427287,1442.6653211425462
밤고구마,2022-12-20,1351.7573696145125,1589.5943839885767
밤고구마,2022-12-27,1354.646781789639,1458.1528319966187
방울토마토,2022-01-04,5448.124966100776,5149.488222679634
방울토마토,2022-01-11,5318.624671268902,5511.582335457458
방울토마토,2022-01-18,5340.843584394408,5076.41818135657
방울토마토,2022-01-25,3459.038884038644,4783.358125674394
방울토마토,2022-02-01,2860.821527502968,3118.4063297069747
방울토마토,2022-02-08,2605.718130106193,3069.3743413661405
방울토마토,2022-02-15,3422.338749721761,2883.888948980051
방울토마토,2022-02-22,6526.410265326703,3690.520126235094
방울토마토,2022-03-01,3385.09985576813,5530.125214752865
방울토마토,2022-03-08,3182.865526613272,3277.1232236392593
방울토마토,2022-03-15,4635.9703364817005,3244.618212943564
방울토마토,2022-03-22,3738.4351913196747,4012.8907943919976
방울토마토,2022-03-29,3161.6748466993868,3022.986811226514
방울토마토,2022-04-05,3495.357053201325,2945.044160567156
방울토마토,2022-04-12,3200.780888791311,3138.0846951540316
방울토마토,2022-04-19,2858.2485212495585,3052.524090401993
방울토마토,2022-04-26,2565.030357284226,2840.8596814812054
방울토마토,2022-05-03,2566.5341842418293,2549.311467390833
방울토마토,2022-05-10,2102.160667368658,2475.6778427663335
방울토마토,2022-05-17,2585.467382916245,2074.2124850774535
방울토마토,2022-05-24,2039.433676975945,2542.5535938899066
방울토마토,2022-05-31,2096.016582947641,1899.924501018847
방울토마토,2022-06-07,2035.5942758140195,2071.2098688998017
방울토마토,2022-06-14,2242.6090298493805,1992.439996206669
방울토마토,2022-06-21,1642.1995215620352,2291.685091051652
방울토마토,2022-06-28,3106.5566763549323,1862.126816653831
방울토마토,2022-07-05,4035.9232145405053,3041.095333006276
방울토마토,2022-07-12,4482.986612223825,3650.8754405150144
방울토마토,2022-07-19,4692.492721583037,4060.865840588309
방울토마토,2022-07-26,4259.514892656544,4124.6951792253985
방울토마토,2022-08-02,4324.784125738405,3722.5770445211874
방울토마토,2022-08-09,5883.165185221362,4020.522670435372
방울토마토,2022-08-16,7693.077180172769,5587.055767252005
방울토마토,2022-08-23,7367.38381142042,5927.084242350627
방울토마토,2022-08-30,5143.457457873934,5201.117958890605
방울토마토,2022-09-06,2529.4991617022793,3543.2367780099125
방울토마토,2022-09-13,2734.7440277285145,2607.585423376504
방울토마토,2022-09-20,6070.759160762301,2805.888883831227
방울토마토,2022-09-27,6382.780777430216,5518.25251838858
방울토마토,2022-10-04,6458.881873727088,5166.788198339911
방울토마토,2022-10-11,4708.406235784022,4976.88420464115
방울토마토,2022-10-18,2368.4370828311107,4158.543394037905
방울토마토,2022-10-25,1672.4538662191703,2329.105872100272
방울토마토,2022-11-01,2099.2131342775724,2087.440176703654
방울토마토,2022-11-08,3139.0030733768726,2382.9346197798723
방울토마토,2022-11-15,2275.033475759513,3275.392483933615
방울토마토,2022-11-22,1723.1437004859167,2385.2612951867873
방울토마토,2022-11-29,2061.875807918801,2056.6069912961207
방울토마토,2022-12-06,2815.761766792418,2172.8145476046475
방울토마토,2022-12-13,3014.171241545543,2994.7791869892485
방울토마토,2022-12-20,3335.9262068820194,3433.528124844239
방울토마토,2022-12-27,3353.228754540617,3582.9538015439075
백다다기,2022-01-04,3235.722032311759,3327.3481125675717
백다다기,2022-01-11,3519.1769849244915,3029.489091670082
백다다기,2022-01-18,4385.734798033236,3171.8023947789866
백다다기,2022-01-25,2498.735105419382,3734.2737662374593
백다다기,2022-02-01,2846.641330032875,2517.3848887624677
백다다기,2022-02-08,2544.7158651252184,2630.389610554126
백다다기,2022-02-15,2546.518991453753,2556.4411499598864
백다다기,2022-02-22,2992.4168650908878,2702.8376323097204
백다다기,2022-03-01,2512.770188257134,2423.803298303787
백다다기,2022-03-08,2872.8886720078895,2397.0907209103525
백다다기,2022-03-15,3386.0290624856657,2404.291428569401
백다다기,2022-03-22,2401.229128375055,2582.540426564141
백다다기,2022-03-29,1926.5540781843042,2214.2555847837893
백다다기,2022-04-05,1311.4366561935155,1708.8215448443452
백다다기,2022-04-12,1757.0324371120266,1324.3744827374233
백다다기,2022-04-19,1462.8455890233568,1653.706789286361
백다다기,2022-04-26,1648.7263391540155,1406.9778099614157
백다다기,2022-05-03,1154.1967612040016,1539.5611871165331
백다다기,2022-05-10,1316.4099272818994,1219.929439281425
백다다기,2022-05-17,1232.458432335936,1325.5713603592098
백다다기,2022-05-24,1346.2191879270385,1226.9011971525163
백다다기,2022-05-31,1489.886929086372,1340.5580997035277
백다다기,2022-06-07,1490.9459134837482,1560.2219857551431
백다다기,2022-06-14,1443.8167481359753,1470.6047329588002
백다다기,2022-06-21,2104.375519361073,1523.8204520310592
백다다기,2022-06-28,2658.9466963486616,2064.2818148388183
백다다기,2022-07-05,2783.423206826711,2317.6790833614323
백다다기,2022-07-12,2459.1862416107383,2365.2218486329098
백다다기,2022-07-19,1879.8603241031524,2299.5123041063744
백다다기,2022-07-26,2012.5276260425726,2115.2265260859217
백다다기,2022-08-02,3077.081743543538,2033.5749899792777
백다다기,2022-08-09,3949.8539595648567,2849.969740061164
백다다기,2022-08-16,2902.2652680735987,3449.533893163701
백다다기,2022-08-23,3159.9972172102084,2389.07442902766
백다다기,2022-08-30,2367.9408663769,2613.7632060212195
백다다기,2022-09-06,1503.603372659044,2358.418839312836
백다다기,2022-09-13,2536.1815731316055,1584.9274340128422
백다다기,2022-09-20,2778.392594419451,2374.369144315557
백다다기,2022-09-27,1613.1142326072938,2642.6643663843893
백다다기,2022-10-04,3395.1160585553407,1604.0896814309224
백다다기,2022-10-11,1952.4608720762344,3119.808498168091
백다다기,2022-10-18,1555.0923976710246,1644.1143267173288
백다다기,2022-10-25,1788.3104670103612,1547.0620285872708
백다다기,2022-11-01,1906.0664542981376,1856.2247546127421
백다다기,2022-11-08,2048.0591144380805,1925.178467053086
백다다기,2022-11-15,2093.778213027799,1992.8508345066532
백다다기,2022-11-22,2402.5673007672367,2070.9546359397564
백다다기,2022-11-29,2508.6639377824354,2425.3910405524834
백다다기,2022-12-06,2906.291985557991,2508.9894404429265
백다다기,2022-12-13,3253.4556917275513,2799.1825695455877
백다다기,2022-12-20,3673.485215791371,3050.9115033475455
백다다기,2022-12-27,3223.212667128924,3372.793556717324
브로코리(국산),2022-01-04,4269.832214765101,3795.581126799899
브로코리(국산),2022-01-11,4345.144400720336,4062.1035015120046
브로코리(국산),2022-01-18,3007.641590461274,3832.880904878432
브로코리(국산),2022-01-25,2259.965537047674,2634.866140846043
브로코리(국산),2022-02-01,2737.5758620689653,2130.4886940456586
브로코리(국산),2022-02-08,2527.5872231558355,2558.803115703423
브로코리(국산),2022-02-15,2694.126182878521,2450.9672613804632
브로코리(국산),2022-02-22,2637.5883016298567,2735.2312823946
브로코리(국산),2022-03-01,2036.468711020395,2515.9469207096536
브로코리(국산),2022-03-08,2605.305672376654,2003.3190831348356
브로코리(국산),2022-03-15,3003.766107110991,2670.8750739642933
브로코리(국산),2022-03-22,3427.799266091441,3040.6467376047704
브로코리(국산),2022-03-29,3608.823769599303,3388.4805432099565
브로코리(국산),2022-04-05,3061.6524860409468,3463.152487847088
브로코리(국산),2022-04-12,3518.0164762534228,3022.1226308029186
브로코리(국산),2022-04-19,3290.9386428281186,3505.938042108922
브로코리(국산),2022-04-26,3862.9517436460355,3272.0259216125437
브로코리(국산),2022-05-03,3151.165584200411,3612.234678141944
브로코리(국산),2022-05-10,3085.1546621377065,3063.6051742996315
브로코리(국산),2022-05-17,2684.4312946014134,2789.456462064742
브로코리(국산),2022-05-24,2515.710008398145,2604.910507839827
브로코리(국산),2022-05-31,2294.362773894143,2539.7113078688103
브로코리(국산),2022-06-07,2506.4092626000674,2306.468095883648
브로코리(국산),2022-06-14,2514.9421784256956,2540.6883118956325
브로코리(국산),2022-06-21,2689.1610782879616,2568.8893817521007
브로코리(국산),2022-06-28,3644.4324324324325,2783.3469687471575
브로코리(국산),2022-07-05,4022.478184471513,3738.52358247045
브로코리(국산),2022-07-12,3812.7662530098164,4199.384381643832
브로코리(국산),2022-07-19,4786.102032903119,3928.2117707334223
브로코리(국산),2022-07-26,5064.366548188095,4999.413689112969
브로코리(국산),2022-08-02,5606.22876820699,4986.640934267522
브로코리(국산),2022-08-09,5778.723487516631,5505.734623796907
브로코리(국산),2022-08-16,6236.8383319393,5461.550351525803
브로코리(국산),2022-08-23,7960.87159312135,5926.522414230733
브로코리(국산),2022-08-30,5583.324958965598,6342.872739871692
브로코리(국산),2022-09-06,4952.88842903949,4927.580974296164
브로코리(국산),2022-09-13,4767.570134424313,4799.584983277762
브로코리(국산),2022-09-20,3665.058264373085,4450.112439096784
브로코리(국산),2022-09-27,3093.8301955963857,3386.476224661263
브로코리(국산),2022-10-04,4196.98209924586,3090.956585396145
브로코리(국산),2022-10-11,3481.947536540509,4285.8043589287745
브로코리(국산),2022-10-18,4157.8171459983505,3453.4326458513888
브로코리(국산),2022-10-25,2965.739790683357,3924.960235043333
브로코리(국산),2022-11-01,2613.657051829095,2996.9548790161402
브로코리(국산),2022-11-08,1804.5226166825028,2589.3872857373713
브로코리(국산),2022-11-15,1421.7505163765122,1868.9705985049231
브로코리(국산),2022-11-22,1651.5037271345202,1755.594542742352
브로코리(국산),2022-11-29,1687.386356874128,1897.4042993654843
브로코리(국산),2022-12-06,2126.420262301421,1937.656197904502
브로코리(국산),2022-12-13,2459.6396895056605,2194.356142077093
브로코리(국산),2022-12-20,2274.27273968861,2645.6188744817614
브로코리(국산),2022-12-27,2864.654690764223,2369.9319640841372
빨강파프리카,2022-01-04,5474.374221581279,5865.515420796815
빨강파프리카,2022-01-11,5326.047256256989,5784.492516202066
빨강파프리카,2022-01-18,5533.957776900388,5306.437287409547
빨강파프리카,2022-01-25,6242.890493856766,5351.995213588899
빨강파프리카,2022-02-01,5778.525626577713,5860.47610693288
빨강파프리카,2022-02-08,5648.5659136485265,5278.642816635593
빨강파프리카,2022-02-15,5004.805400163381,5272.857351701555
빨강파프리카,2022-02-22,5023.280971525676,4944.692299676173
빨강파프리카,2022-03-01,4023.404461646787,4977.84798087005
빨강파프리카,2022-03-08,3430.0936399794878,4086.703397827291
빨강파프리카,2022-03-15,4017.783624111511,3515.381559610245
빨강파프리카,2022-03-22,3831.0178393980977,4034.284961012478
빨강파프리카,2022-03-29,3380.070128415126,3496.9948796467756
빨강파프리카,2022-04-05,3334.225560171529,3295.5546603448715
빨강파프리카,2022-04-12,3322.4582900168557,3435.093047240468
빨강파프리카,2022-04-19,3392.6116511285168,3244.82025620609
빨강파프리카,2022-04-26,4206.8415051311285,3456.013270282233
빨강파프리카,2022-05-03,4548.691883917663,3910.7436054864547
빨강파프리카,2022-05-10,2805.028767860748,3913.112516622989
빨강파프리카,2022-05-17,2088.51563869893,2569.739683755
빨강파프리카,2022-05-24,2132.16215983737,2222.458688691249
빨강파프리카,2022-05-31,2188.528174936922,2362.047554909214
빨강파프리카,2022-06-07,2071.9545891549938,2298.943018446019
빨강파프리카,2022-06-14,1768.7347837848283,2088.258930251563
빨강파프리카,2022-06-21,1611.0331085628325,1855.4919611963846
빨강파프리카,2022-06-28,2641.161856433027,1728.2044041484364
빨강파프리카,2022-07-05,2584.8039415998737,2842.451527638994
빨강파프리카,2022-07-12,2818.7732512511084,2560.5106509331476
빨강파프리카,2022-07-19,4259.742927573659,2743.3793118366007
빨강파프리카,2022-07-26,5990.625169588105,4846.330299494557
빨강파프리카,2022-08-02,6691.159081732711,5106.606401425198
빨강파프리카,2022-08-09,5686.880980640662,5419.651810475697
빨강파프리카,2022-08-16,6969.653035642487,4785.875220687966
빨강파프리카,2022-08-23,8678.064450954642,6810.132347654297
빨강파프리카,2022-08-30,7566.637743333262,6900.4012280035595
빨강파프리카,2022-09-06,7544.661451538685,5811.851293208376
빨강파프리카,2022-09-13,7054.7522264832205,5121.00337802061
빨강파프리카,2022-09-20,6503.368666770638,5310.330858806928
빨강파프리카,2022-09-27,4687.40914458693,5061.896047813721
빨강파프리카,2022-10-04,4957.753386268099,3695.3158128644295
빨강파프리카,2022-10-11,4469.117997087288,4885.402551496123
빨강파프리카,2022-10-18,3019.8882175226586,4091.668805723398
빨강파프리카,2022-10-25,2413.4545392628033,2760.0692220992178
빨강파프리카,2022-11-01,2071.2483360705332,2382.322258093991
빨강파프리카,2022-11-08,2266.728338606985,2177.286928253617
빨강파프리카,2022-11-15,2320.695526476566,2383.1760887091423
빨강파프리카,2022-11-22,2817.0127038126197,2481.9191096040586
빨강파프리카,2022-11-29,2525.3904045155223,2887.989099261328
빨강파프리카,2022-12-06,2434.55674367043,2456.7235079449147
빨강파프리카,2022-12-13,3215.4149210131836,2925.825996637712
빨강파프리카,2022-12-20,4482.863140942685,3775.6879083647436
빨강파프리카,2022-12-27,5412.927305505797,5019.501140780147
새송이(일반),2022-01-04,3243.5623685754094,3274.961242534287
새송이(일반),2022-01-11,3802.9912723972884,3232.3170412023596
새송이(일반),2022-01-18,4100.751480577757,3474.330239403933
새송이(일반),2022-01-25,2744.9773497757183,3469.0847684537916
새송이(일반),2022-02-01,2462.162202157072,2431.494919265231
새송이(일반),2022-02-08,2498.6846565156275,2486.2210081307358
새송이(일반),2022-02-15,2840.7729153676096,2560.210216933167
새송이(일반),2022-02-22,2770.844779893345,2738.4576097779714
새송이(일반),2022-03-01,2764.063992359121,2532.040079417035
새송이(일반),2022-03-08,2473.2682819007973,2475.013712290837
새송이(일반),2022-03-15,2562.1311644140033,2397.526512550683
새송이(일반),2022-03-22,2536.01906377882,2498.9848906862676
새송이(일반),2022-03-29,2473.853425978497,2448.255247978669
새송이(일반),2022-04-05,2326.512156398842,2436.8001071632193
새송이(일반),2022-04-12,2456.1147745088997,2272.871211477476
새송이(일반),2022-04-19,2684.6669599449538,2449.480100290609
새송이(일반),2022-04-26,3318.679391713786,2556.3014087794354
새송이(일반),2022-05-03,3433.0011839444237,2965.4722440744836
새송이(일반),2022-05-10,3185.0496215788294,3101.565271506601
새송이(일반),2022-05-17,3050.720544042462,2733.594468349055
새송이(일반),2022-05-24,3031.7789763324713,2638.428163439462
새송이(일반),2022-05-31,2747.3419145745875,2693.181259340482
새송이(일반),2022-06-07,2638.0072683944,2484.053144384418
새송이(일반),2022-06-14,2371.7603498968206,2496.2776676826156
새송이(일반),2022-06-21,2077.078840047843,2291.667301887935
새송이(일반),2022-06-28,2198.7004788220784,2098.3180311888223
새송이(일반),2022-07-05,2476.7021925028234,2188.7136050279655
새송이(일반),2022-07-12,2202.896879349045,2331.2490668595938
새송이(일반),2022-07-19,2021.1713409418662,2159.2933898393703
새송이(일반),2022-07-26,2158.0736482166726,2136.0757057873266
새송이(일반),2022-08-02,2224.733476942497,2325.046140855696
새송이(일반),2022-08-09,2816.433547838111,2516.759559456072
새송이(일반),2022-08-16,3159.343573781326,2945.0337514830917
새송이(일반),2022-08-23,3409.9090851577707,3142.5128709581345
새송이(일반),2022-08-30,3229.248920095728,3610.6303694011426
새송이(일반),2022-09-06,2281.114391679984,3076.1923866937523
새송이(일반),2022-09-13,2291.016416422994,2345.112766389009
새송이(일반),2022-09-20,2731.8875475515097,2445.0259925312325
새송이(일반),2022-09-27,2369.1148393798785,2834.846938936078
새송이(일반),2022-10-04,2318.9614248390567,2499.312308445085
새송이(일반),2022-10-11,2269.830785121332,2489.0791991376773
새송이(일반),2022-10-18,2254.061818087354,2432.135951933923
새송이(일반),2022-10-25,2150.8948967993624,2416.7785134391256
새송이(일반),2022-11-01,2269.8940453387386,2295.902618134702
새송이(일반),2022-11-08,2191.295312492887,2415.885738430982
새송이(일반),2022-11-15,2089.4253105746893,2352.702987275914
새송이(일반),2022-11-22,2082.3339387865385,2224.9119337294514
새송이(일반),2022-11-29,2481.7836561918953,2242.3148386646776
새송이(일반),2022-12-06,2574.7098091367952,2655.316627791306
새송이(일반),2022-12-13,2996.311705094647,2695.849296886267
새송이(일반),2022-12-20,3046.723425635056,3146.4467228953886
새송이(일반),2022-12-27,2907.8739216234508,3017.216516188046
수미,2022-01-04,1569.6300277196358,1643.7874133809894
수미,2022-01-11,1694.306751444091,1604.0813318206206
수미,2022-01-18,1694.5072907380509,1678.4977218333916
수미,2022-01-25,1910.7130049639188,1667.798047649969
수미,2022-02-01,1646.8569217842312,1835.9507760387894
수미,2022-02-08,1723.0815780212151,1603.9156317923093
수미,2022-02-15,1949.6724327960587,1733.0656669968248
수미,2022-02-22,1911.4018580320292,1907.5836563719147
수미,2022-03-01,1756.264124951813,1897.6228331976158
수미,2022-03-08,1807.7375397434669,1724.9996943344954
수미,2022-03-15,2025.7212084252005,1771.5905608011544
수미,2022-03-22,2694.4214561234858,1914.4192317056077
수미,2022-03-29,2216.54191970901,2473.1459406235113
수미,2022-04-05,2212.9830163225215,2171.528428251138
수미,2022-04-12,2575.732673653805,2291.0721919080474
수미,2022-04-19,2714.1684924420506,2515.038050016167
수미,2022-04-26,2749.43888730728,2418.4203157459765
수미,2022-05-03,2135.4066952942244,2302.5007602684036
수미,2022-05-10,2112.0862237014735,2004.7669709824913
수미,2022-05-17,1648.556150427317,2129.8678093782414
수미,2022-05-24,1420.3851540224484,1559.2082780018807
수미,2022-05-31,1485.7064916100392,1356.3734473291734
수미,2022-06-07,1457.3807691475124,1319.5907006876448
수미,2022-06-14,1279.41378319714,1351.5418875711218
수미,2022-06-21,1290.8764785218332,1257.336780985777
수미,2022-06-28,1165.1279271838814,1255.3212535307664
수미,2022-07-05,1280.0492624646556,1188.3253673736278
수미,2022-07-12,1413.903227160183,1261.418094230407
수미,2022-07-19,1219.2201540217936,1401.8768085097836
수미,2022-07-26,1368.539025135153,1291.6513492198437
수미,2022-08-02,1424.827604580634,1366.1310470000421
수미,2022-08-09,1596.4111894981247,1445.3264377828839
수미,2022-08-16,1545.8642027984868,1629.6597468650284
수미,2022-08-23,1407.9950731618042,1532.5486188372756
수미,2022-08-30,1568.7029392851957,1466.849420757705
수미,2022-09-06,1681.516673281029,1571.507073489916
수미,2022-09-13,1613.297672713155,1654.7024579307817
수미,2022-09-20,1553.563839406818,1619.3754602271001
수미,2022-09-27,1499.8022060697253,1519.5076228830765
수미,2022-10-04,1596.8583473603412,1516.4441893212143
수미,2022-10-11,1521.5291000098146,1602.2297485056968
수미,2022-10-18,1489.8874994933715,1520.5000960869036
수미,2022-10-25,1533.1290124785291,1510.1156008382652
수미,2022-11-01,1612.8190164954872,1518.0124706226943
수미,2022-11-08,1546.9092434624529,1625.3145182326089
수미,2022-11-15,1530.5115361496848,1544.793960585858
수미,2022-11-22,1604.7609076777844,1540.9028535614664
수미,2022-11-29,1511.8289495250995,1637.4653886286917
수미,2022-12-06,1574.8861714583063,1554.9013315697612
수미,2022-12-13,1780.7186421024073,1599.0199027335009
수미,2022-12-20,1895.7253235764447,1908.5258331938019
수미,2022-12-27,1939.173828064406,1932.6790411006937
시금치(일반),2022-01-04,2582.6131630335485,2420.005559071265
시금치(일반),2022-01-11,2893.074744471649,2810.3559634072
시금치(일반),2022-01-18,3627.9325441201045,2730.7752638239717
시금치(일반),2022-01-25,4003.7362404231417,3250.4405187974667
시금치(일반),2022-02-01,3121.056742598016,3731.077311657615
시금치(일반),2022-02-08,3542.923615695117,2915.6301790028483
시금치(일반),2022-02-15,3250.2323036347652,3251.8220539036975
시금치(일반),2022-02-22,3650.1843624298344,2971.048073036905
시금치(일반),2022-03-01,2357.238446168617,3444.0032429282387
시금치(일반),2022-03-08,1905.1313593226537,2346.1315334990945
시금치(일반),2022-03-15,1972.409956672042,1999.0915962573781
시금치(일반),2022-03-22,2601.522265864802,1968.7474787372298
시금치(일반),2022-03-29,2299.9669972506986,2576.483564608409
시금치(일반),2022-04-05,2337.9117468667273,2305.5800413655925
시금치(일반),2022-04-12,2342.3015436602414,2331.366873772451
시금치(일반),2022-04-19,2715.3531907704505,2362.3850319447356
시금치(일반),2022-04-26,2909.6083480693073,2740.7293287898465
시금치(일반),2022-05-03,3030.7979902900925,3059.7953642578605
시금치(일반),2022-05-10,3210.224099170975,2983.1802104897292
시금치(일반),2022-05-17,3099.597193140555,3150.909083554845
시금치(일반),2022-05-24,3002.393983352816,3309.412758926263
시금치(일반),2022-05-31,3037.945667644231,3126.8109457825326
시금치(일반),2022-06-07,3248.0329549363605,3136.802611696062
시금치(일반),2022-06-14,3987.2920859849764,3446.2352534992856
시금치(일반),2022-06-21,5154.89570101307,4158.319909846492
시금치(일반),2022-06-28,9872.886198252327,5436.47881561713
시금치(일반),2022-07-05,9289.32988475804,9754.63242783851
시금치(일반),2022-07-12,8299.038434264643,7423.797749886296
시금치(일반),2022-07-19,6583.516095452689,7773.261226778695
시금치(일반),2022-07-26,7521.606896661015,7640.662017199672
시금치(일반),2022-08-02,10742.266714265881,7532.851708368316
시금치(일반),2022-08-09,14909.560822919404,9070.936946188056
시금치(일반),2022-08-16,14179.360003139163,14192.136375008704
시금치(일반),2022-08-23,12059.092647559159,10183.421653175308
시금치(일반),2022-08-30,12781.987571051532,9217.232912693034
시금치(일반),2022-09-06,6182.590406106702,9446.866486384271
시금치(일반),2022-09-13,5336.39918690311,5040.972601183486
시금치(일반),2022-09-20,4822.284134909977,4408.388037497425
시금치(일반),2022-09-27,3470.6718073088323,4224.258187874685
시금치(일반),2022-10-04,3228.007053621162,3234.7606517250406
시금치(일반),2022-10-11,3263.6295883201024,3077.172931362599
시금치(일반),2022-10-18,3081.6029296364113,3004.437823795492
시금치(일반),2022-10-25,2360.311132589759,2817.262330117276
시금치(일반),2022-11-01,1782.53786503531,2331.442723581719
시금치(일반),2022-11-08,1595.2225599501455,1917.4142653241572
시금치(일반),2022-11-15,1380.8941919268784,1710.8848929333424
시금치(일반),2022-11-22,1385.0385593271396,1544.5260082159741
시금치(일반),2022-11-29,1458.418752668286,1546.7155930128638
시금치(일반),2022-12-06,1571.543959115228,1585.2558453428458
시금치(일반),2022-12-13,2202.2441746019285,1831.3980291526386
시금치(일반),2022-12-20,2262.703764338972,2539.86923767585
시금치(일반),2022-12-27,2106.2412063114,2406.9140985032573
애호박,2022-01-04,4021.426283078106,3504.3855521113683
애호박,2022-01-11,4230.3858150386095,3856.1606446285755
애호박,2022-01-18,3910.584467574059,3691.24515307284
애호박,2022-01-25,3050.2408525754886,3324.6955312297923
애호박,2022-02-01,2746.1100147062184,2746.844677800595
애호박,2022-02-08,2724.753144273548,2505.1722115609377
애호박,2022-02-15,2876.2574678238207,2668.7994085381742
애호박,2022-02-22,2903.4495766560053,2715.935270281329
애호박,2022-03-01,2650.84774099644,2603.1504801929623
애호박,2022-03-08,2471.9631563130206,2313.9589843432236
애호박,2022-03-15,2881.927002079256,2224.5973149084657
애호박,2022-03-22,2372.203993275555,2478.3833508919283
애호박,2022-03-29,1946.9138677272338,2017.2431966792146
애호박,2022-04-05,1496.811812164037,1838.3505051160519
애호박,2022-04-12,1425.3155654871694,1464.733760717262
애호박,2022-04-19,1393.7014766219893,1403.6439482978662
애호박,2022-04-26,1499.550950556511,1413.6336183245753
애호박,2022-05-03,1157.0008150388724,1499.749179837485
애호박,2022-05-10,1312.631440701681,1240.1062511227415
애호박,2022-05-17,1388.8386642200255,1336.7511030640183
애호박,2022-05-24,1197.460144370037,1421.3392961297207
애호박,2022-05-31,1828.9930959221658,1253.9090758577643
애호박,2022-06-07,2117.5645497493765,1826.3131534199197
애호박,2022-06-14,2006.3795131150157,2041.7822699919614
애호박,2022-06-21,2749.0711503253287,1910.3135125388364
애호박,2022-06-28,2565.9519003202004,2201.670166012044
애호박,2022-07-05,2033.4725369132586,2150.1049708674113
애호박,2022-07-12,1882.3128632508194,1930.7922951721055
애호박,2022-07-19,1865.9067471117405,1895.069064930018
애호박,2022-07-26,2133.015578891553,2151.056465607302
애호박,2022-08-02,3699.6137741710563,2259.085979572378
애호박,2022-08-09,4561.856030548219,3512.761237958892
애호박,2022-08-16,3832.628505383539,3693.0385050372183
애호박,2022-08-23,4249.6660452751785,2890.354651161719
애호박,2022-08-30,3631.1426781690634,3385.654741149051
애호박,2022-09-06,2200.064833215546,3384.829797859578
애호박,2022-09-13,2086.084383271071,2308.6840505128052
애호박,2022-09-20,2049.9426380120026,2132.553253972828
애호박,2022-09-27,2036.0814972755272,2079.9446408450012
애호박,2022-10-04,2385.7531854005606,2016.8151107498397
애호박,2022-10-11,2121.8398787957344,2484.3147481173914
애호박,2022-10-18,1842.537444896521,2216.8647543770435
애호박,2022-10-25,1630.6098133995276,1904.9711572711872
애호박,2022-11-01,1499.760542974899,1676.1662704751514
애호박,2022-11-08,1378.545168007978,1590.6380430080353
애호박,2022-11-15,1295.744594858576,1525.7681591892915
애호박,2022-11-22,1681.8509631968034,1407.2911442991617
애호박,2022-11-29,2285.631387857038,1833.5816896584554
애호박,2022-12-06,2624.9242552031974,2304.3244289666277
애호박,2022-12-13,3269.492807337367,2614.6660383539406
애호박,2022-12-20,3449.193373124597,3103.2884659587266
애호박,2022-12-27,3638.1878569079577,3257.7135953132774
양배추(일반),2022-01-04,459.8125153834752,426.6127961340944
양배추(일반),2022-01-11,411.8049619458141,499.9044588793455
양배추(일반),2022-01-18,462.3028004360314,443.8403049391584
양배추(일반),2022-01-25,530.4136833515428,486.1393646059264
양배추(일반),2022-02-01,506.2847240486502,489.219068177545
양배추(일반),2022-02-08,461.7026294132148,483.4542518138987
양배추(일반),2022-02-15,601.1355319498215,475.5198732055835
양배추(일반),2022-02-22,779.1837853339786,567.2557882225562
양배추(일반),2022-03-01,770.5123537152464,720.7363199255354
양배추(일반),2022-03-08,734.4025294238852,758.9750092790812
양배추(일반),2022-03-15,856.8019417556131,735.400595199515
양배추(일반),2022-03-22,853.9701200158393,824.386577562459
양배추(일반),2022-03-29,992.9787896554336,874.1596146183483
양배추(일반),2022-04-05,956.9386490944053,964.8933341093269
양배추(일반),2022-04-12,913.4526595368302,990.0591978687368
양배추(일반),2022-04-19,1187.9144182988678,972.2604126788287
양배추(일반),2022-04-26,796.4416354357937,1188.861413657326
양배추(일반),2022-05-03,925.292899261835,813.4326464726037
양배추(일반),2022-05-10,1054.3784770599298,910.0658691219746
양배추(일반),2022-05-17,720.3601560382937,1030.6253644390176
양배추(일반),2022-05-24,527.6654770262891,707.3057050744978
양배추(일반),2022-05-31,537.7655714883348,517.9140337227356
양배추(일반),2022-06-07,513.2971909598316,538.2452673031379
양배추(일반),2022-06-14,613.5915267092561,496.44322357482605
양배추(일반),2022-06-21,629.4416938539215,616.9759322100521
양배추(일반),2022-06-28,815.1229642163555,606.1766401439331
양배추(일반),2022-07-05,902.3912539312277,784.3272490505238
양배추(일반),2022-07-12,745.7876489925083,868.6673954424742
양배추(일반),2022-07-19,609.2076337180306,788.973606898115
양배추(일반),2022-07-26,818.532221184107,637.1185079139461
양배추(일반),2022-08-02,863.2766936217101,794.15514813472
양배추(일반),2022-08-09,638.0032767869775,911.2505153973788
양배추(일반),2022-08-16,590.6408296001233,696.8075108753751
양배추(일반),2022-08-23,947.6154491936055,593.0039929976671
양배추(일반),2022-08-30,1048.8830133643976,944.2359952082053
양배추(일반),2022-09-06,811.5048781926254,1021.6186684929614
양배추(일반),2022-09-13,723.8242701168563,851.036834884921
양배추(일반),2022-09-20,1147.6662524106582,782.0217165668444
양배추(일반),2022-09-27,1276.8715330236544,1158.322922565019
양배추(일반),2022-10-04,1077.6310731428048,1263.499315028287
양배추(일반),2022-10-11,876.040467717967,1105.9960617453125
양배추(일반),2022-10-18,764.4907888950902,916.2878709099055
양배추(일반),2022-10-25,788.1954845758487,815.8165383962548
양배추(일반),2022-11-01,786.3813334616644,799.2188184260535
양배추(일반),2022-11-08,533.7968099548532,781.8847736242466
양배추(일반),2022-11-15,470.81965896712563,555.9819841439247
양배추(일반),2022-11-22,561.4698897072731,505.47199686877747
양배추(일반),2022-11-29,464.6894902603907,563.6036566662025
양배추(일반),2022-12-06,555.2405491271305,515.8214081273153
양배추(일반),2022-12-13,967.7671033319259,562.4529935387079
양배추(일반),2022-12-20,647.1787034161375,911.3806238162484
양배추(일반),2022-12-27,523.6588883089662,714.4656926885556
양상추(일반),2022-01-04,2033.4711986764928,1570.2538782511087
양상추(일반),2022-01-11,2012.641891275018,1978.3402393703473
양상추(일반),2022-01-18,1788.1820818343936,1908.5082798255464
양상추(일반),2022-01-25,1810.9753006825104,1878.2354270988737
양상추(일반),2022-02-01,1490.4035930812615,1845.3408758414066
양상추(일반),2022-02-08,1564.5259752151883,1557.9402973124058
양상추(일반),2022-02-15,1711.4498505229387,1620.3737351303566
양상추(일반),2022-02-22,1782.5967909927986,1693.0291003412947
양상추(일반),2022-03-01,1540.0018053888418,1794.1578273277414
양상추(일반),2022-03-08,1282.5558021753611,1472.102240918122
양상추(일반),2022-03-15,1226.392396838043,1328.0891197042652
양상추(일반),2022-03-22,1240.0463489354308,1248.2012649908936
양상추(일반),2022-03-29,1335.4667218608765,1270.7835920681778
양상추(일반),2022-04-05,1476.3995842880934,1372.3892218765955
양상추(일반),2022-04-12,1359.9870425682243,1467.173207838542
양상추(일반),2022-04-19,1366.5212967001019,1385.4242711166305
양상추(일반),2022-04-26,1156.6259822273676,1403.3744976331975
양상추(일반),2022-05-03,919.4696702260488,1291.612154385667
양상추(일반),2022-05-10,756.8450477276624,1040.3708311633507
양상추(일반),2022-05-17,784.7782977248836,930.6796516882981
양상추(일반),2022-05-24,683.7643439332171,938.1940778063897
양상추(일반),2022-05-31,727.349507202426,906.7472239456288
양상추(일반),2022-06-07,911.6908074778794,904.6642023366985
양상추(일반),2022-06-14,924.7686879287954,949.4545009109335
양상추(일반),2022-06-21,1178.1122363924314,938.0291163333189
양상추(일반),2022-06-28,1751.9420978091991,1233.984018377975
양상추(일반),2022-07-05,1804.988865028235,1622.1007164814603
양상추(일반),2022-07-12,1864.4243033277935,1905.3929231387947
양상추(일반),2022-07-19,1502.6087709103497,1977.102048323436
양상추(일반),2022-07-26,1528.7029481822153,1736.65754994037
양상추(일반),2022-08-02,1362.1363501730204,1708.1780405029629
양상추(일반),2022-08-09,1673.2952702264322,1458.6062922769302
양상추(일반),2022-08-16,2397.4280664891235,1753.7165946665018
양상추(일반),2022-08-23,2993.322670243961,2369.489475962499
양상추(일반),2022-08-30,2649.012206253191,2952.8722385003107
양상추(일반),2022-09-06,2251.081643437479,2186.030161766909
양상추(일반),2022-09-13,1551.3254357886437,2081.1510599767985
양상추(일반),2022-09-20,1350.5726872246696,1565.8492642124186
양상추(일반),2022-09-27,1319.9127951207001,1417.0428540235164
양상추(일반),2022-10-04,1283.7608685755906,1404.833355032338
양상추(일반),2022-10-11,1135.308886814237,1323.2341094432068
양상추(일반),2022-10-18,1138.490293626935,1179.9084090471254
양상추(일반),2022-10-25,970.3693588169706,1177.0163156917781
양상추(일반),2022-11-01,810.288208597115,1000.2261090324523
양상추(일반),2022-11-08,774.8697470659287,854.6313026194159
양상추(일반),2022-11-15,621.0249675653214,825.1255772094386
양상추(일반),2022-11-22,609.7101565438279,709.6702911943828
양상추(일반),2022-11-29,765.7173965484643,711.2502970878351
양상추(일반),2022-12-06,976.8347597017928,832.9201631707917
양상추(일반),2022-12-13,1130.5295231820803,1011.0389394337093
양상추(일반),2022-12-20,1535.121465551573,1254.3627432029903
양상추(일반),2022-12-27,1942.4947704055728,1598.868004871422
양송이(일반),2022-01-04,7674.991236416446,9266.04614127242
양송이(일반),2022-01-11,7276.609166120776,7435.1327756108
양송이(일반),2022-01-18,7549.273002476837,7180.690824257377
양송이(일반),2022-01-25,6445.7777335192195,7145.327342847446
양송이(일반),2022-02-01,6845.96991290578,5666.921308235436
양송이(일반),2022-02-08,7223.816218930455,7246.4772065788975
양송이(일반),2022-02-15,7520.886660509302,6977.496789428652
양송이(일반),2022-02-22,7975.5158213668465,7586.7077002081405
양송이(일반),2022-03-01,7973.595976529757,7827.457801649877
양송이(일반),2022-03-08,7412.19299097175,7877.8473811311
양송이(일반),2022-03-15,8366.536361379995,7835.222641790368
양송이(일반),2022-03-22,7839.525186255977,9025.744760667421
양송이(일반),2022-03-29,7954.3101290307895,7493.175802443667
양송이(일반),2022-04-05,7511.657764995892,7546.54847880881
양송이(일반),2022-04-12,7372.722833241327,7653.199206106761
양송이(일반),2022-04-19,6392.5782304356435,7453.014546206751
양송이(일반),2022-04-26,9285.91702330532,6644.393050254481
양송이(일반),2022-05-03,8945.275893793192,8528.108384931676
양송이(일반),2022-05-10,8941.305716291794,8726.678627329495
양송이(일반),2022-05-17,7664.821681753735,8822.56622900618
양송이(일반),2022-05-24,7045.93731111303,7947.745619371247
양송이(일반),2022-05-31,8071.608194308145,7639.407337589257
양송이(일반),2022-06-07,8025.197460871251,8222.228089809283
양송이(일반),2022-06-14,8157.214365553774,7751.159790784985
양송이(일반),2022-06-21,7248.418203349687,8184.731135855998
양송이(일반),2022-06-28,8509.915443919423,7553.552301226106
양송이(일반),2022-07-05,9016.401752839289,8714.777446287735
양송이(일반),2022-07-12,7723.835998125098,8473.735656985582
양송이(일반),2022-07-19,6344.149272612271,7576.576979833042
양송이(일반),2022-07-26,8587.688696858164,7599.6851627094275
양송이(일반),2022-08-02,7642.542045767852,9222.73536805587
양송이(일반),2022-08-09,8054.060780717841,8093.727322000809
양송이(일반),2022-08-16,9948.564102564103,8937.698868899462
양송이(일반),2022-08-23,10746.523774792367,10368.198277925283
양송이(일반),2022-08-30,8273.957621326042,9918.163316586042
양송이(일반),2022-09-06,9714.362005126744,8761.41142584049
양송이(일반),2022-09-13,12748.370911983357,9416.244471072914
양송이(일반),2022-09-20,12675.879639961318,10507.082797177485
양송이(일반),2022-09-27,12583.430438747593,10152.707500165723
양송이(일반),2022-10-04,11971.097678671204,11329.342706349855
양송이(일반),2022-10-11,9229.469283639199,11050.448435267654
양송이(일반),2022-10-18,8357.88140958008,8704.349375162015
양송이(일반),2022-10-25,11137.401060477983,8844.967796130515
양송이(일반),2022-11-01,10319.017544796647,10743.675653576265
양송이(일반),2022-11-08,6427.676188809659,10180.341643310945
양송이(일반),2022-11-15,6784.913941058207,6758.651553331466
양송이(일반),2022-11-22,6038.943262754979,7317.393139546278
양송이(일반),2022-11-29,6733.940654718362,6685.07522291083
양송이(일반),2022-12-06,6047.732641081409,7051.654018083041
양송이(일반),2022-12-13,8548.731948528723,7026.296214424851
양송이(일반),2022-12-20,7884.5237231134015,9837.61155522539
양송이(일반),2022-12-27,7005.509522363455,8628.339978763024
영양부추,2022-01-04,18672.329503788806,15511.707270480576
영양부추,2022-01-11,16640.95708056002,15345.024012140053
영양부추,2022-01-18,18961.62369486469,14300.423341450807
영양부추,2022-01-25,18935.342200055416,14659.582150587034
영양부추,2022-02-01,9690.606248706807,13748.599853053576
영양부추,2022-02-08,5940.775602409639,9041.824196058855
영양부추,2022-02-15,7566.300675675676,6326.606277551094
영양부추,2022-02-22,14496.835539327552,7142.074846311511
영양부추,2022-03-01,12221.35682049789,10510.314894681116
영양부추,2022-03-08,13391.130250831067,10427.986237663734
영양부추,2022-03-15,13339.351081530782,9876.953858609695
영양부추,2022-03-22,14324.23076923077,9702.351658726358
영양부추,2022-03-29,10565.956737183153,9813.641602202002
영양부추,2022-04-05,4298.485471491228,7595.6143566101055
영양부추,2022-04-12,4405.369442705072,4009.592677042766
영양부추,2022-04-19,3171.873062456082,3976.8256710014184
영양부추,2022-04-26,3224.4015203086,3209.4904500564317
영양부추,2022-05-03,3385.120092703139,3075.0956854719584
영양부추,2022-05-10,3481.5829694323143,3228.8375897695605
영양부추,2022-05-17,3848.551254507788,3280.734980748934
영양부추,2022-05-24,5672.906926406927,3605.609623612022
영양부추,2022-05-31,5199.078437637286,4405.437665599637
영양부추,2022-06-07,4563.856851437762,4203.180901521132
영양부추,2022-06-14,4049.8529102752677,4141.513360909106
영양부추,2022-06-21,4088.6829809139144,4025.4465221115256
영양부추,2022-06-28,4962.657220027413,4062.26967864449
영양부추,2022-07-05,5651.186910135412,4400.18439135157
영양부추,2022-07-12,5015.622940013184,4863.765924693022
영양부추,2022-07-19,4941.232992004489,4748.1292038432475
영양부추,2022-07-26,6469.394305151698,5682.027641836986
영양부추,2022-08-02,5751.3581488933605,6460.727835275536
영양부추,2022-08-09,8800.723714682723,5748.31723543984
영양부추,2022-08-16,9598.764886015651,8773.95395967419
영양부추,2022-08-23,9302.704907744446,8946.128599658747
영양부추,2022-08-30,9753.862567020462,8456.66496345966
영양부추,2022-09-06,9462.717125915591,9898.05648131078
영양부추,2022-09-13,8221.76681409181,8942.958415793453
영양부추,2022-09-20,8482.326736040264,8479.837453496199
영양부추,2022-09-27,6248.658791682047,8072.368912449411
영양부추,2022-10-04,6533.075221238938,7255.141218161183
영양부추,2022-10-11,9322.727272727272,7976.5089365155445
영양부추,2022-10-18,14223.31557134399,10876.357402126752
영양부추,2022-10-25,20544.007712844854,16422.698545258878
영양부추,2022-11-01,22706.626217467667,22528.545393700722
영양부추,2022-11-08,19127.012552301254,22422.749929569447
영양부추,2022-11-15,19129.41074523397,21117.811043774065
영양부추,2022-11-22,13586.60973251692,20123.96730988909
영양부추,2022-11-29,11890.612678192296,14664.720168491958
영양부추,2022-12-06,12328.10422960725,15086.984115288973
영양부추,2022-12-13,12905.223451645352,15278.55812103505
영양부추,2022-12-20,15707.496836777731,15944.334071070532
영양부추,2022-12-27,32651.88367481824,19488.946962701288
오이맛고추,2022-01-04,5160.058490691269,5323.595516591499
오이맛고추,2022-01-11,5256.753211510335,5772.672909451699
오이맛고추,2022-01-18,6579.265137350252,5549.596437214286
오이맛고추,2022-01-25,5481.5910138385,5871.98027644445
오이맛고추,2022-02-01,5020.92769150438,4949.422191520662
오이맛고추,2022-02-08,4460.454367920844,5086.55727102816
오이맛고추,2022-02-15,4436.487651890927,4653.117283732201
오이맛고추,2022-02-22,5300.469698453789,4751.386405764681
오이맛고추,2022-03-01,3843.8225882502866,4669.896051967169
오이맛고추,2022-03-08,3460.02116893146,3414.2104812943344
오이맛고추,2022-03-15,4368.35265180254,3428.5239819687604
오이맛고추,2022-03-22,3338.5671442803564,3708.551667913002
오이맛고추,2022-03-29,3608.3451674761195,2967.8714961071846
오이맛고추,2022-04-05,4006.036533180718,3360.1577728742514
오이맛고추,2022-04-12,2321.5164073943934,3480.9568076226897
오이맛고추,2022-04-19,2137.6506530442184,2323.762964808485
오이맛고추,2022-04-26,3046.944509889304,2367.238617145059
오이맛고추,2022-05-03,3311.911262143198,2777.5444655272254
오이맛고추,2022-05-10,2703.073836795117,2993.9180200739606
오이맛고추,2022-05-17,2422.5516879762604,2418.045626616909
오이맛고추,2022-05-24,2658.110206363978,2411.7851352611046
오이맛고추,2022-05-31,2685.631786555389,2414.839405476493
오이맛고추,2022-06-07,2843.153424404652,2526.705297498022
오이맛고추,2022-06-14,2838.8226563403073,2619.193589907684
오이맛고추,2022-06-21,2763.6034540402816,2527.41192701712
오이맛고추,2022-06-28,4355.568045112782,2684.6664702835956
오이맛고추,2022-07-05,5865.163884793746,3767.9296180169426
오이맛고추,2022-07-12,5236.879975050493,4785.462861439862
오이맛고추,2022-07-19,2129.344854939596,4340.006122997842
오이맛고추,2022-07-26,2098.48957347066,2135.368537875041
오이맛고추,2022-08-02,3038.2767728544513,2401.494633939398
오이맛고추,2022-08-09,2946.241090821998,3008.0580509311067
오이맛고추,2022-08-16,3840.3881450681038,2520.3823747816405
오이맛고추,2022-08-23,7636.019380833918,3711.4892694649366
오이맛고추,2022-08-30,4601.981039211427,6388.602655397631
오이맛고추,2022-09-06,3122.7788429394527,3551.9757962403824
오이맛고추,2022-09-13,2496.464942833346,2793.779138474055
오이맛고추,2022-09-20,3363.4251498762846,2285.6228801260822
오이맛고추,2022-09-27,3089.0818561624947,3122.798773174199
오이맛고추,2022-10-04,3155.033974751519,2875.9534371196933
오이맛고추,2022-10-11,3607.5477840923572,3263.464920341901
오이맛고추,2022-10-18,4055.9623882881547,3471.0567786475076
오이맛고추,2022-10-25,3783.9496612396388,3640.541753997701
오이맛고추,2022-11-01,2818.8300661536387,3485.9556367188284
오이맛고추,2022-11-08,2617.059528322322,2426.5364162869705
오이맛고추,2022-11-15,2255.8064379110415,2434.716622050227
오이맛고추,2022-11-22,2220.218396194815,2359.778172932224
오이맛고추,2022-11-29,2274.509432560903,2464.7094318753834
오이맛고추,2022-12-06,2930.5670995325686,2553.5975475511996
오이맛고추,2022-12-13,3710.8657129273456,3277.426886379825
오이맛고추,2022-12-20,5118.584656220743,4241.292415131913
오이맛고추,2022-12-27,4914.639273177782,5053.29648245761
완숙토마토,2022-01-04,2596.8642532263434,3189.3345907679472
완숙토마토,2022-01-11,3207.3384173021627,2888.896739944674
완숙토마토,2022-01-18,4425.553861332855,3115.554501390078
완숙토마토,2022-01-25,2856.7809928815755,3993.561760607428
완숙토마토,2022-02-01,2826.1579651941097,2897.983568098257
완숙토마토,2022-02-08,2864.32594156987,2623.321358928441
완숙토마토,2022-02-15,2767.518310338954,2832.8877845879224
완숙토마토,2022-02-22,2858.1473580571055,2620.207383970275
완숙토마토,2022-03-01,2603.095983075968,2809.445575214921
완숙토마토,2022-03-08,2349.2369906912863,2453.8145953549747
완숙토마토,2022-03-15,2424.8676965841664,2260.724372877898
완숙토마토,2022-03-22,2483.643169849629,2337.287732622541
완숙토마토,2022-03-29,2253.3687666093483,2384.873639333218
완숙토마토,2022-04-05,1812.5855631611698,2128.536416764996
완숙토마토,2022-04-12,1546.965811965812,1831.969167827994
완숙토마토,2022-04-19,1718.998749739529,1583.25921961969
완숙토마토,2022-04-26,1912.5621522575227,1632.3064101686703
완숙토마토,2022-05-03,1879.283940397351,1772.6929356577955
완숙토마토,2022-05-10,1479.917501473188,1728.4119560948877
완숙토마토,2022-05-17,1151.4256300076092,1449.140308272388
완숙토마토,2022-05-24,1228.819131687984,1243.012085485703
완숙토마토,2022-05-31,1493.1702191534073,1266.692361336225
완숙토마토,2022-06-07,1321.933483652762,1519.2967948813396
완숙토마토,2022-06-14,1077.2287696079773,1370.2830303707594
완숙토마토,2022-06-21,778.6556991774384,1165.4500262844615
완숙토마토,2022-06-28,1658.1969018427428,1047.0272708783873
완숙토마토,2022-07-05,2032.9485834207765,1679.4787306046749
완숙토마토,2022-07-12,3008.6378132118452,1929.3470010606363
완숙토마토,2022-07-19,3155.7947221208806,2437.6096413453274
완숙토마토,2022-07-26,2361.4846153846156,2805.351768804645
완숙토마토,2022-08-02,1999.3725293342536,2090.655284684124
완숙토마토,2022-08-09,1767.2928731020017,2164.115532066643
완숙토마토,2022-08-16,3403.1307712602234,1961.0573159537482
완숙토마토,2022-08-23,3965.5252020007697,3411.3764569333152
완숙토마토,2022-08-30,2608.940460338596,3513.8969798498933
완숙토마토,2022-09-06,2024.206204853713,2447.1558756235436
완숙토마토,2022-09-13,2373.4137055837564,1916.213984093402
완숙토마토,2022-09-20,4633.490996597793,2505.411071665373
완숙토마토,2022-09-27,3888.8929776142286,4301.483697267077
완숙토마토,2022-10-04,2313.7237198503803,3235.5530463681685
완숙토마토,2022-10-11,2643.169730020871,2273.096990142361
완숙토마토,2022-10-18,2300.9729422626233,2630.2942735657375
완숙토마토,2022-10-25,2115.821029753429,2161.739157857574
완숙토마토,2022-11-01,2359.6845030025993,2212.8624868656184
완숙토마토,2022-11-08,2534.162862612281,2484.1313694463265
완숙토마토,2022-11-15,1742.2805561319776,2576.181230194007
완숙토마토,2022-11-22,1204.9508674596832,1808.5747583423376
완숙토마토,2022-11-29,1543.6950466932444,1406.4655333885776
완숙토마토,2022-12-06,1400.4711358347051,1701.1688856261842
완숙토마토,2022-12-13,1390.0938531353136,1638.868882372943
완숙토마토,2022-12-20,1468.205627057767,1690.9313513980073
완숙토마토,2022-12-27,1528.2,1657.3121247562653
일반부추,2022-01-04,4763.501462041608,4553.075048570055
일반부추,2022-01-11,6267.611496201732,5387.677952818649
일반부추,2022-01-18,6600.4950190542495,6055.811564016694
일반부추,2022-01-25,6681.386004815954,5569.7615651641145
일반부추,2022-02-01,4622.56888350774,4956.032520064935
일반부추,2022-02-08,4137.433314083791,3990.0804361373907
일반부추,2022-02-15,3735.461179848073,3597.918813858177
일반부추,2022-02-22,4616.363717922839,3341.067571378635
일반부추,2022-03-01,4387.349354895369,4034.638323750312
일반부추,2022-03-08,3391.603788051036,3731.894640611393
일반부추,2022-03-15,3866.4968007928405,3176.2620708823633
일반부추,2022-03-22,4441.514060308665,3262.8988812237067
일반부추,2022-03-29,4924.603400376474,3502.88356731109
일반부추,2022-04-05,4197.990282802845,3976.3651633337786
일반부추,2022-04-12,2808.897642586356,3453.687011188586
일반부추,2022-04-19,2520.8890695132573,2381.6918938794547
일반부추,2022-04-26,2856.3526329867655,2390.239606312564
일반부추,2022-05-03,2691.3436170180908,2640.638293340603
일반부추,2022-05-10,2394.386018828399,2378.275949187177
일반부추,2022-05-17,2047.1850178786506,2212.661534069192
일반부추,2022-05-24,1852.7923197532987,1922.938816478652
일반부추,2022-05-31,2197.4129245735735,1931.9467922029512
일반부추,2022-06-07,1979.268057760175,2280.7979234446725
일반부추,2022-06-14,1782.7819182587496,1914.2801718764947
일반부추,2022-06-21,2062.376265112475,1850.764414819122
일반부추,2022-06-28,3389.346707470175,2004.5492277559892
일반부추,2022-07-05,5041.628364691519,2945.39632453456
일반부추,2022-07-12,4155.7379099174905,3811.6528848939233
일반부추,2022-07-19,2297.301313108754,3529.172942675758
일반부추,2022-07-26,2481.126773330916,2318.508059970853
일반부추,2022-08-02,3802.414409358854,2885.2976655472467
일반부추,2022-08-09,5559.471896679512,3954.1729786571664
일반부추,2022-08-16,5712.221850711082,5146.797493659242
일반부추,2022-08-23,5413.943177548484,4631.676452786056
일반부추,2022-08-30,4240.559210882488,4349.743033704071
일반부추,2022-09-06,3352.1413806154833,4217.298513230749
일반부추,2022-09-13,2908.6214492380573,3298.5571162722977
일반부추,2022-09-20,3144.649416128948,2985.4216988729745
일반부추,2022-09-27,3514.833142625038,2958.6687903392253
일반부추,2022-10-04,4177.902713595408,3362.3171033710582
일반부추,2022-10-11,4166.378228891514,4005.3750815314597
일반부추,2022-10-18,4955.072042234778,4017.242425440199
일반부추,2022-10-25,3898.455454810451,4674.842431619506
일반부추,2022-11-01,4326.396533198842,3377.4400291234
일반부추,2022-11-08,4762.776541432125,4057.4330572955373
일반부추,2022-11-15,4400.787515999859,4695.938684076738
일반부추,2022-11-22,4186.43508052096,4100.9747088353015
일반부추,2022-11-29,4458.314867073536,3860.2309996229164
일반부추,2022-12-06,4088.3797890943774,4200.801899388073
일반부추,2022-12-13,5403.697299988934,3952.4100101056642
일반부추,2022-12-20,7472.237880775446,5515.7612746441655
일반부추,2022-12-27,9399.231087625798,6922.960572482051
자주양파,2022-01-04,574.6252872362649,749.6831546813406
자주양파,2022-01-11,549.7309182606556,639.6300194450529
자주양파,2022-01-18,561.8520256277504,566.2020679950812
자주양파,2022-01-25,845.6627459850713,591.9291826978603
자주양파,2022-02-01,964.0342914130824,859.006626320581
자주양파,2022-02-08,448.0042378895715,842.2247042231352
자주양파,2022-02-15,611.0574580250742,581.9863719630874
자주양파,2022-02-22,796.3789399850949,708.0005234408553
자주양파,2022-03-01,1031.2517821499857,747.1681486878463
자주양파,2022-03-08,605.3590769275203,986.8035320646729
자주양파,2022-03-15,757.2971588683679,679.0059055360118
자주양파,2022-03-22,735.2776807544534,836.6881851110088
자주양파,2022-03-29,827.6792393638842,812.900681194698
자주양파,2022-04-05,892.5042250720747,785.5476198917831
자주양파,2022-04-12,1151.7512769727928,924.3412777138822
자주양파,2022-04-19,1076.4058217559777,1038.691308476455
자주양파,2022-04-26,1472.9694482602722,1108.619997683425
자주양파,2022-05-03,769.2164726023382,1300.0960659978775
자주양파,2022-05-10,791.2634046753712,787.436806527203
자주양파,2022-05-17,870.3198178866643,778.8833353821491
자주양파,2022-05-24,761.9549312262218,816.7986296253124
자주양파,2022-05-31,876.9932934198024,722.5987139656697
자주양파,2022-06-07,1099.2374241460195,818.0394797263656
자주양파,2022-06-14,1051.5696635594277,995.4501067405505
자주양파,2022-06-21,1065.576034158571,945.1403936892858
자주양파,2022-06-28,1173.0587683219699,1061.3417041392347
자주양파,2022-07-05,1243.9460278701638,1130.102400259748
자주양파,2022-07-12,1067.857947776812,1187.1225959125222
자주양파,2022-07-19,1095.5598842525899,1028.4499935864214
자주양파,2022-07-26,1043.3957570804164,1087.6585171154295
자주양파,2022-08-02,1105.4454289229045,1013.2770147040417
자주양파,2022-08-09,1069.7212652936462,1078.0090673390412
자주양파,2022-08-16,919.8673103910521,1017.9687349028636
자주양파,2022-08-23,981.8898400278886,941.3206185920952
자주양파,2022-08-30,1079.197176885752,988.2424011091109
자주양파,2022-09-06,1109.6698335946207,1125.8479239182573
자주양파,2022-09-13,920.345076867468,1022.984389216167
자주양파,2022-09-20,883.8842165961289,899.0518831650545
자주양파,2022-09-27,935.3225613285695,860.8551312518547
자주양파,2022-10-04,955.1387149417435,897.2348246231884
자주양파,2022-10-11,948.8535629589236,945.2286465098123
자주양파,2022-10-18,956.0155164427975,930.6072722711701
자주양파,2022-10-25,963.8770506159145,945.8078480055185
자주양파,2022-11-01,1055.9593001313385,944.5436117864366
자주양파,2022-11-08,1259.1992402891804,1045.1792077004138
자주양파,2022-11-15,1256.1241116311319,1222.5814178161104
자주양파,2022-11-22,1286.6803692971225,1224.7648127426166
자주양파,2022-11-29,1122.3517408358973,1281.968784991769
자주양파,2022-12-06,885.468081528948,1119.220358417764
자주양파,2022-12-13,1234.4118185702948,956.5514976639329
자주양파,2022-12-20,1039.40235222856,1323.1720105975435
자주양파,2022-12-27,800.5594711902202,1045.4659558405447
적채(일반),2022-01-04,1359.8690667113483,1543.3378125955262
적채(일반),2022-01-11,1826.4175879502402,1414.834127460374
적채(일반),2022-01-18,2097.66713091922,1734.402559592873
적채(일반),2022-01-25,1953.4749269717624,2067.5112797616825
적채(일반),2022-02-01,1673.8484729556158,1759.431562975282
적채(일반),2022-02-08,1748.2032983659471,1594.5203669839823
적채(일반),2022-02-15,1784.1051195573914,1691.1519113876288
적채(일반),2022-02-22,1175.2722753634105,1683.1185667254986
적채(일반),2022-03-01,1806.5391977363515,1181.4633623644595
적채(일반),2022-03-08,1662.457259257463,1687.1508768935812
적채(일반),2022-03-15,1387.7987101903793,1621.023823038876
적채(일반),2022-03-22,1339.6246124073625,1441.6447992547182
적채(일반),2022-03-29,1388.1618989653073,1357.1058945883703
적채(일반),2022-04-05,1560.7044180369644,1401.7109611897415
적채(일반),2022-04-12,1801.3065360505088,1504.9244836865942
적채(일반),2022-04-19,1726.6436850519585,1721.4272355588032
적채(일반),2022-04-26,2206.338988185398,1685.3946087953973
적채(일반),2022-05-03,1709.0318961372016,2086.1746942196405
적채(일반),2022-05-10,1166.338353613937,1589.9582438540942
적채(일반),2022-05-17,893.1101238268565,1142.8714670739641
적채(일반),2022-05-24,669.8308870453095,861.533338246169
적채(일반),2022-05-31,645.2059855902457,696.9784600841308
적채(일반),2022-06-07,807.1242603550296,675.5763625466076
적채(일반),2022-06-14,859.4730621892575,788.3177957055237
적채(일반),2022-06-21,768.4566076313099,854.9080417530467
적채(일반),2022-06-28,895.6689409670721,842.9747233407384
적채(일반),2022-07-05,1498.6772770113957,934.0665865172755
적채(일반),2022-07-12,1238.8368597525725,1451.5554447942557
적채(일반),2022-07-19,1349.3892144204985,1295.5981193921855
적채(일반),2022-07-26,1714.143814272359,1562.6541618902063
적채(일반),2022-08-02,1779.1566114670884,1652.7290795854585
적채(일반),2022-08-09,1749.8416152490083,1791.4492858443143
적채(일반),2022-08-16,1778.003548394831,1767.2165542896398
적채(일반),2022-08-23,1825.553689752201,1753.8132032784627
적채(일반),2022-08-30,1919.459400915955,1816.375960720667
적채(일반),2022-09-06,1718.4758334662627,1901.56112419608
적채(일반),2022-09-13,2082.7538320177086,1663.5411361042436
적채(일반),2022-09-20,1936.66299108969,2137.1323033099375
적채(일반),2022-09-27,2121.9625015418774,1894.9096194939966
적채(일반),2022-10-04,2078.8391424821352,2157.4914074434746
적채(일반),2022-10-11,1492.31414815142,2026.0072255710268
적채(일반),2022-10-18,1213.6559196898072,1458.1752799242004
적채(일반),2022-10-25,1009.5128038385152,1202.8753993069085
적채(일반),2022-11-01,1036.6193875634042,1073.5477063454161
적채(일반),2022-11-08,790.5350333986004,1090.8681709786913
적채(일반),2022-11-15,720.7728177528753,896.2392677625776
적채(일반),2022-11-22,684.9347014925373,808.551026902631
적채(일반),2022-11-29,638.0104997015135,797.224879204992
적채(일반),2022-12-06,900.871266002845,736.8172470967859
적채(일반),2022-12-13,955.0338568607166,951.812172078025
적채(일반),2022-12-20,1023.7507221259388,1054.6475202806564
적채(일반),2022-12-27,918.5248629600626,1092.2195179296655
쥬키니호박,2022-01-04,1206.0552790058134,1150.0851092789733
쥬키니호박,2022-01-11,1436.0697395355403,1297.874622125546
쥬키니호박,2022-01-18,1125.4281113951536,1431.9302334112067
쥬키니호박,2022-01-25,766.9450652864369,1139.7601184234263
쥬키니호박,2022-02-01,1009.0243272891528,851.5797882531454
쥬키니호박,2022-02-08,872.0919072481572,986.1563657357142
쥬키니호박,2022-02-15,1206.6706934954132,950.0231145549329
쥬키니호박,2022-02-22,1299.514423040418,1256.9538689348556
쥬키니호박,2022-03-01,1431.7032854781494,1338.0084472114215
쥬키니호박,2022-03-08,1551.8091247760515,1407.766242596176
쥬키니호박,2022-03-15,2338.2222830300543,1505.8963610966434
쥬키니호박,2022-03-22,1754.3342929342766,2107.0328647518095
쥬키니호박,2022-03-29,1294.195494490166,1782.9615775234338
쥬키니호박,2022-04-05,910.3213518661101,1232.5683183445512
쥬키니호박,2022-04-12,695.3641335636154,932.4352249541407
쥬키니호박,2022-04-19,653.9548581893778,748.7920255522793
쥬키니호박,2022-04-26,696.0170247263883,770.3262664520909
쥬키니호박,2022-05-03,522.2664343567527,707.5976403304447
쥬키니호박,2022-05-10,657.4935703611025,643.4797449273088
쥬키니호박,2022-05-17,497.5678896739593,708.7302553192877
쥬키니호박,2022-05-24,558.4237726098191,557.7354857746911
쥬키니호박,2022-05-31,608.5828520657485,607.0141694764752
쥬키니호박,2022-06-07,907.8473905831313,700.0537282881808
쥬키니호박,2022-06-14,1168.569615589307,824.8580272788425
쥬키니호박,2022-06-21,2212.392867135263,1061.4850520606176
쥬키니호박,2022-06-28,3807.213178536938,2356.4171424936885
쥬키니호박,2022-07-05,1424.5000506277845,3142.236552567844
쥬키니호박,2022-07-12,1080.815133237558,1090.2908120478141
쥬키니호박,2022-07-19,919.9752704791345,1045.0137319930268
쥬키니호박,2022-07-26,1024.6244057858032,1076.4115036196054
쥬키니호박,2022-08-02,3005.234343020876,1220.830092746742
쥬키니호박,2022-08-09,4730.51125524609,2466.3078988842935
쥬키니호박,2022-08-16,3049.9660617547993,3735.4020419949297
쥬키니호박,2022-08-23,2010.6828414207102,2083.2512693260846
쥬키니호박,2022-08-30,1148.959397119414,1309.6107114170002
쥬키니호박,2022-09-06,1192.3745183934132,1040.4638651700293
쥬키니호박,2022-09-13,1062.6544857318825,1128.661383368939
쥬키니호박,2022-09-20,1098.2996267473347,1099.1305573498178
쥬키니호박,2022-09-27,1073.5222967064997,1135.976881666273
쥬키니호박,2022-10-04,1115.0703338232206,1032.015623007901
쥬키니호박,2022-10-11,879.892012269423,950.1750577320296
쥬키니호박,2022-10-18,930.1031870906363,884.6758430630478
쥬키니호박,2022-10-25,718.2349215286087,953.2338716188076
쥬키니호박,2022-11-01,640.7090994473142,743.977567476283
쥬키니호박,2022-11-08,683.9126976700664,757.8416559418428
쥬키니호박,2022-11-15,641.5881871225305,823.1053947020379
쥬키니호박,2022-11-22,1228.9316674725426,799.1641480864813
쥬키니호박,2022-11-29,1392.581834431907,1218.807239628323
쥬키니호박,2022-12-06,1646.9330242873461,1464.6805286098252
쥬키니호박,2022-12-13,1980.0245361801042,1582.506610631926
쥬키니호박,2022-12-20,2618.4063604970947,2177.5342955823144
쥬키니호박,2022-12-27,2415.107148699493,2545.895101109768
쪽파(일반),2022-01-04,5401.651560926485,6053.454734739882
쪽파(일반),2022-01-11,5612.632808957411,5815.747936726169
쪽파(일반),2022-01-18,8111.745717817411,5400.039190246376
쪽파(일반),2022-01-25,7120.453674611082,7226.642975068875
쪽파(일반),2022-02-01,4549.885412979076,5783.499444350348
쪽파(일반),2022-02-08,4795.316070068546,4045.7426500545926
쪽파(일반),2022-02-15,5697.914368378328,4799.888427590253
쪽파(일반),2022-02-22,4137.651196248735,4998.269908307278
쪽파(일반),2022-03-01,3222.9078702674883,3858.0292111020285
쪽파(일반),2022-03-08,1945.3646133470827,3166.5752167098362
쪽파(일반),2022-03-15,1970.5671224609716,2155.4759857481563
쪽파(일반),2022-03-22,1668.547506370586,2141.1225879399403
쪽파(일반),2022-03-29,1784.2098933421298,1765.4010913582354
쪽파(일반),2022-04-05,2358.4462151394423,2026.3997985362396
쪽파(일반),2022-04-12,1978.3209367928644,2583.637786459166
쪽파(일반),2022-04-19,2766.2898511318062,2325.1126898299
쪽파(일반),2022-04-26,2788.9285179827407,2925.0829478668034
쪽파(일반),2022-05-03,2996.0266147762227,2897.1097453540833
쪽파(일반),2022-05-10,4283.971166120191,3086.2368322009397
쪽파(일반),2022-05-17,4423.133634842947,3788.5464816702006
쪽파(일반),2022-05-24,4480.271476385274,3977.1944410152664
쪽파(일반),2022-05-31,5828.538410423829,3923.0639873703185
쪽파(일반),2022-06-07,6389.789018122802,4838.835167695717
쪽파(일반),2022-06-14,5881.648775204663,5885.010705559943
쪽파(일반),2022-06-21,4802.7465037612965,5087.324693832557
쪽파(일반),2022-06-28,4234.739235551462,4323.893624736952
쪽파(일반),2022-07-05,4438.878546849439,3720.5370382350256
쪽파(일반),2022-07-12,4561.074539530554,3968.658973491645
쪽파(일반),2022-07-19,3344.462715378566,4277.427200354858
쪽파(일반),2022-07-26,4295.985130111524,3581.319302222039
쪽파(일반),2022-08-02,2545.0566695727985,4244.993104453331
쪽파(일반),2022-08-09,3165.9437751004016,2759.169258908759
쪽파(일반),2022-08-16,4693.444328824142,3228.761334837042
쪽파(일반),2022-08-23,3379.2096876991714,4666.227100115551
쪽파(일반),2022-08-30,4313.0496453900705,3413.9505321321676
쪽파(일반),2022-09-06,2328.7413280475716,4095.0360925016694
쪽파(일반),2022-09-13,2304.654442877292,2380.9527706300955
쪽파(일반),2022-09-20,2517.517301038062,2618.663346271987
쪽파(일반),2022-09-27,2796.5262379896526,2659.2320715562596
쪽파(일반),2022-10-04,2679.3635007458975,2788.426664945772
쪽파(일반),2022-10-11,2681.433473122379,2805.498978367534
쪽파(일반),2022-10-18,2790.254089801601,2761.0422253950546
쪽파(일반),2022-10-25,2315.7852564102564,2673.0345445866765
쪽파(일반),2022-11-01,2241.1971830985917,2383.358927535005
쪽파(일반),2022-11-08,2257.8224101479914,2435.133145771689
쪽파(일반),2022-11-15,2259.78125,2542.4121559090613
쪽파(일반),2022-11-22,1570.4312114989732,2515.26448840335
쪽파(일반),2022-11-29,1608.6908690869086,1824.077976730461
쪽파(일반),2022-12-06,500.0,1864.9069812313023
쪽파(일반),2022-12-27,1691.1764705882354,1559.275004998308
청고추,2022-01-04,4885.142270460546,5351.225965829087
청고추,2022-01-11,5059.7419100801835,5961.254067968638
청고추,2022-01-18,6786.064106920376,5927.258578908963
청고추,2022-01-25,6578.437387224829,6613.626120638716
청고추,2022-02-01,4944.673557503598,6351.536668306247
청고추,2022-02-08,3967.5855594150134,4741.1964923892965
청고추,2022-02-15,4327.374826835543,4110.410603265779
청고추,2022-02-22,5129.236511188115,4230.853416929369
청고추,2022-03-01,3572.2027434311776,4628.509482818453
청고추,2022-03-08,3347.5949310104215,3438.1675879128948
청고추,2022-03-15,4277.959522634908,3113.7041098787968
청고추,2022-03-22,3939.057542487366,3834.293930446824
청고추,2022-03-29,3876.694342280929,3330.0387013498726
청고추,2022-04-05,3895.3285166324977,3289.884222912299
청고추,2022-04-12,2188.8912346233615,3067.5143561657987
청고추,2022-04-19,2138.274724726972,2391.2508085048194
청고추,2022-04-26,3883.3946458391665,2451.0221597187788
청고추,2022-05-03,2990.7095290746242,3332.0345443447513
청고추,2022-05-10,2513.36622797091,2626.0699905382244
청고추,2022-05-17,2584.662945824551,2509.2403039261576
청고추,2022-05-24,3046.60492803238,2666.3117419837017
청고추,2022-05-31,2819.0791269067513,2761.632644024029
청고추,2022-06-07,3123.0421014688327,2489.380271345191
청고추,2022-06-14,3182.6416696629562,2796.4269126634986
청고추,2022-06-21,2378.200002714497,2746.10914402993
청고추,2022-06-28,4417.162765187176,2415.06828261142
청고추,2022-07-05,7099.715001817141,4147.096234016067
청고추,2022-07-12,5069.19962166268,6412.16584397289
청고추,2022-07-19,2263.2315199553163,3762.1589962712715
청고추,2022-07-26,3663.5294283646344,2477.644807167166
청고추,2022-08-02,5122.174756681046,3785.0724541842033
청고추,2022-08-09,3852.6903383629774,4806.824687516518
청고추,2022-08-16,6108.582250330113,3603.128042074046
청고추,2022-08-23,8198.477611899114,5854.174245487931
청고추,2022-08-30,4550.991467766337,7081.221562246711
청고추,2022-09-06,2800.0626950319124,3736.8110827116952
청고추,2022-09-13,2451.4190600184293,2636.6550408711028
청고추,2022-09-20,3948.4787310104234,2662.2547056560456
청고추,2022-09-27,3288.387478618079,4288.853818966649
청고추,2022-10-04,2985.6778758427795,3237.4183838447166
청고추,2022-10-11,2964.8411479808196,3010.756931131367
청고추,2022-10-18,4175.945758383062,2944.503399847124
청고추,2022-10-25,3935.4269401351326,3908.019534443226
청고추,2022-11-01,3330.025738005658,3446.018757970798
청고추,2022-11-08,2535.364053241134,2903.3282659538486
청고추,2022-11-15,1996.1940884122416,2451.4723434201433
청고추,2022-11-22,2080.248633879781,2053.4890749715955
청고추,2022-11-29,2206.615952832746,2256.9283464139185
청고추,2022-12-06,2652.601958559742,2501.8343215361174
청고추,2022-12-13,3509.363105810708,2898.717561382614
청고추,2022-12-20,4409.7633780721635,3522.3619164684173
청고추,2022-12-27,4568.59315170381,4300.969507045276
청양,2022-01-04,5971.149144785661,5911.862910135167
청양,2022-01-11,6970.296961838634,6571.857461989451
청양,2022-01-18,7476.2980742556865,7442.441430965831
청양,2022-01-25,6266.935598468304,7544.319057128826
청양,2022-02-01,5405.422826960436,6257.320833225716
청양,2022-02-08,5913.842805298818,5420.9732307507675
청양,2022-02-15,5650.440369614017,5928.0925929866025
청양,2022-02-22,6220.1213747714055,5581.384271504137
청양,2022-03-01,3664.4437070385516,6134.474610382613
청양,2022-03-08,3325.5056036383044,3510.00123877375
청양,2022-03-15,3072.5513409523555,3024.0250777441624
청양,2022-03-22,2899.520085803876,3082.512002705969
청양,2022-03-29,2923.038501133277,2895.5500273501575
청양,2022-04-05,3345.8509845805884,2847.5252552136603
청양,2022-04-12,2834.539997691331,3131.583307724301
청양,2022-04-19,2436.7536397440686,2673.813806288171
청양,2022-04-26,2979.789950869382,2605.483131787835
청양,2022-05-03,3582.529397905649,2813.210824576042
청양,2022-05-10,3140.9529005067006,3474.240641901601
청양,2022-05-17,3202.703807083552,3000.8448876044567
청양,2022-05-24,3914.2331228695157,3065.634686627776
청양,2022-05-31,3414.5061394319764,3617.2075057492234
청양,2022-06-07,3322.0352694197027,3132.3187245607587
청양,2022-06-14,4131.700007321657,3176.460206954286
청양,2022-06-21,4092.2820709229395,3628.068235479723
청양,2022-06-28,5694.269725070829,3911.082757169249
청양,2022-07-05,7076.014828910182,5368.1236872326535
청양,2022-07-12,6721.118059495826,6986.480035871483
청양,2022-07-19,2921.593170923159,5996.30918522108
청양,2022-07-26,4177.27504587549,2986.4574751550194
청양,2022-08-02,3042.7685298178,3921.1399926319978
청양,2022-08-09,3153.1576924436276,3288.774178805293
청양,2022-08-16,3901.3311971411554,3193.925167295837
청양,2022-08-23,6828.86242296175,3940.575587595792
청양,2022-08-30,5259.335172812407,6931.092957555031
청양,2022-09-06,4465.312903835336,4556.823339796741
청양,2022-09-13,3595.4571639034493,3989.3760635400527
청양,2022-09-20,4130.968528876909,3329.1035323155675
청양,2022-09-27,4280.259467248096,3802.991756454564
청양,2022-10-04,4020.2832687214523,4108.389687434941
청양,2022-10-11,4880.688195597088,4068.469419533823
청양,2022-10-18,5059.69036189257,4734.19466518567
청양,2022-10-25,4974.84358187636,4708.953263541224
청양,2022-11-01,4080.515368091989,4852.004978304982
청양,2022-11-08,3705.587902467711,3995.6543062939445
청양,2022-11-15,3337.1378106530838,3521.025729226726
청양,2022-11-22,3390.661387717899,3258.7075282225765
청양,2022-11-29,3618.732396559626,3389.6231446999905
청양,2022-12-06,3805.1923553446686,3694.936234397392
청양,2022-12-13,5789.953642832938,3933.5806193932717
청양,2022-12-20,6620.025904032313,5951.246471527339
청양,2022-12-27,6464.694515455879,6632.215482724644
청초(일반),2022-01-04,4937.971741959472,4343.103743552113
청초(일반),2022-01-11,5667.878903274943,6094.37060755092
청초(일반),2022-01-18,6190.4471683900565,6218.514612341301
청초(일반),2022-01-25,7344.385264092321,6668.159753728101
청초(일반),2022-02-01,6413.9773624638065,6658.103702094208
청초(일반),2022-02-08,6277.514151511502,6068.042188179193
청초(일반),2022-02-15,6803.930020283976,6408.354975556497
청초(일반),2022-02-22,7942.036450079239,6896.039601706409
청초(일반),2022-03-01,4817.743502550401,7183.976996749666
청초(일반),2022-03-08,5544.889371521651,4718.202979166975
청초(일반),2022-03-15,5535.168393782384,5173.793876359043
청초(일반),2022-03-22,5408.173636844892,4860.497127446712
청초(일반),2022-03-29,5403.622632462239,4455.074334275441
청초(일반),2022-04-05,5163.161332462443,4732.912768187165
청초(일반),2022-04-12,3284.323487111406,4553.069827139608
청초(일반),2022-04-19,3093.27731092437,3337.4798707321584
청초(일반),2022-04-26,4809.647602541883,3098.936675166957
청초(일반),2022-05-03,4000.0740897544456,4594.069290198409
청초(일반),2022-05-10,3440.333618477331,3835.5548075732286
청초(일반),2022-05-17,4531.02422439439,3677.059723886325
청초(일반),2022-05-24,4201.670359638657,4145.313269786146
청초(일반),2022-05-31,3316.922431865828,4191.362682020671
청초(일반),2022-06-07,4345.346382652082,3410.202333784097
청초(일반),2022-06-14,4762.468899521531,3670.7655576675443
청초(일반),2022-06-21,3061.5694888178914,4287.959501561561
청초(일반),2022-06-28,5170.3535564853555,3077.9326025637492
청초(일반),2022-07-05,5658.476156541362,4453.224846911954
청초(일반),2022-07-12,4401.552763819095,4614.942402959829
청초(일반),2022-07-19,2328.5673060600916,3539.257481056233
청초(일반),2022-07-26,4779.097557790257,2517.554605092262
청초(일반),2022-08-02,2948.661776367962,4481.108161705392
청초(일반),2022-08-09,3304.2496732026143,3099.3390654028867
청초(일반),2022-08-16,3851.5793348877164,3528.7536183833854
청초(일반),2022-08-23,7132.552145768401,4041.207002672943
청초(일반),2022-08-30,5670.966325036603,7316.36274085597
청초(일반),2022-09-06,3579.083654375344,4941.383801550646
청초(일반),2022-09-13,2559.4597165414248,3560.9143052814516
청초(일반),2022-09-20,2673.654637085095,2555.9817936455374
청초(일반),2022-09-27,2401.221426922189,2816.554878780668
청초(일반),2022-10-04,1736.2734355491184,2476.59735475288
청초(일반),2022-10-11,2100.199519905228,2124.464544779213
청초(일반),2022-10-18,3322.026767701619,2396.7354426172105
청초(일반),2022-10-25,3439.299449638618,3409.7222358258227
청초(일반),2022-11-01,2835.1157391120805,3143.827447632454
청초(일반),2022-11-08,2646.239485403266,2489.794606576767
청초(일반),2022-11-15,2088.472065689905,2534.2368158113204
청초(일반),2022-11-22,1803.6845425867507,2113.8826187801214
청초(일반),2022-11-29,1818.1721160376444,1982.8376049968076
청초(일반),2022-12-06,1965.617325295825,1968.4631225969893
청초(일반),2022-12-13,3166.762225969646,2119.898784196621
청초(일반),2022-12-20,3361.0812920854883,3174.852696221621
청초(일반),2022-12-27,3890.4513888888887,3498.049580218338
청피망,2022-01-04,7551.179043453456,6104.051466753641
청피망,2022-01-11,8131.544772542331,6006.948162786209
청피망,2022-01-18,7417.51524270231,6234.874855785154
청피망,2022-01-25,5843.640148361214,6269.121577824275
청피망,2022-02-01,5309.905888832965,5504.276534008339
청피망,2022-02-08,4787.151115313534,4783.23535746177
청피망,2022-02-15,4896.736051140029,4937.583100185537
청피망,2022-02-22,5169.656716285585,4998.001639658234
청피망,2022-03-01,3477.149819640903,4941.519852257347
청피망,2022-03-08,3500.5879328765254,3317.705975160422
청피망,2022-03-15,3683.4633499847077,3186.2010298689215
청피망,2022-03-22,3513.7596069906367,3414.630699549304
청피망,2022-03-29,3683.5710866443274,3213.810246901508
청피망,2022-04-05,3735.000421297033,3345.739910686196
청피망,2022-04-12,4578.795912870753,3243.473434751952
청피망,2022-04-19,3163.0142816684875,3598.4897283908103
청피망,2022-04-26,2142.1654678465716,2776.2887582559733
청피망,2022-05-03,2760.295684688588,1897.9047191882796
청피망,2022-05-10,2750.9996793587175,2414.672275608727
청피망,2022-05-17,2483.903002845126,2269.789049636455
청피망,2022-05-24,1664.6890918959214,2113.1428873616373
청피망,2022-05-31,1643.5597875846915,1679.991658013732
청피망,2022-06-07,2658.755085435313,1708.7182203386183
청피망,2022-06-14,3002.012176400548,2575.6627473035433
청피망,2022-06-21,2230.795819475882,2616.855709853593
청피망,2022-06-28,3951.5427585513235,2019.43234236831
청피망,2022-07-05,1835.3726233837758,3356.8478249359946
청피망,2022-07-12,2072.735468816292,1663.096287497618
청피망,2022-07-19,2484.9615781626335,2047.3074707947576
청피망,2022-07-26,2001.3292181358295,2711.7862877158286
청피망,2022-08-02,2519.8287181460078,1908.40321089349
청피망,2022-08-09,2802.662296294774,2806.501589893559
청피망,2022-08-16,4297.908086469175,2916.942143356249
청피망,2022-08-23,5856.26111058014,4251.461854927541
청피망,2022-08-30,7574.007887129812,5182.124265904581
청피망,2022-09-06,6627.82731824604,6628.261443601462
청피망,2022-09-13,3009.8624075785583,5131.7524727131595
청피망,2022-09-20,2116.9445891957616,2622.1496439713806
청피망,2022-09-27,1463.3772425324235,2022.2098879914518
청피망,2022-10-04,1670.7709010382216,1657.2297666261816
청피망,2022-10-11,1802.6494806896371,2001.0823281510936
청피망,2022-10-18,2604.084198784847,2002.1303174636453
청피망,2022-10-25,2705.2457466918713,2784.4573748958555
청피망,2022-11-01,2161.816499244377,2967.436190588154
청피망,2022-11-08,1613.9019042123484,2163.9086983729867
청피망,2022-11-15,1533.1544328985187,1659.2874649948533
청피망,2022-11-22,1692.3026809496714,1798.3393251593398
청피망,2022-11-29,2139.4055391845304,1926.6706641900714
청피망,2022-12-06,3174.7962040921643,2617.943446634312
청피망,2022-12-13,4342.251028895026,3763.4571476208876
청피망,2022-12-20,5896.013055054539,5001.985914050614
청피망,2022-12-27,6599.6500597167715,6080.402804933657
취청,2022-01-04,3592.9587791234453,3578.954189475571
취청,2022-01-11,4009.98434646491,3280.043788824718
취청,2022-01-18,5157.898879806236,3351.2609488229077
취청,2022-01-25,3218.2590650729903,4831.753713115199
취청,2022-02-01,3173.8895290051028,2676.5369273152855
취청,2022-02-08,2678.857225420677,2846.7709858443127
취청,2022-02-15,2432.197174808711,2554.7635224778837
취청,2022-02-22,3072.453149291987,2457.449323612307
취청,2022-03-01,2446.241744417654,2801.6260973845856
취청,2022-03-08,3111.8194249176668,2402.3500859454243
취청,2022-03-15,4863.023682913875,2646.977611369144
취청,2022-03-22,3122.7499818984866,3628.9892172460286
취청,2022-03-29,2673.3394488173444,2211.673145103327
취청,2022-04-05,1567.4284380694212,2278.8848715333625
취청,2022-04-12,2113.966528393649,1740.660006967416
취청,2022-04-19,1570.9558759963345,2400.2371292617077
취청,2022-04-26,2052.7005895550656,1704.6469439056164
취청,2022-05-03,1145.665965289753,1847.1150846749495
취청,2022-05-10,1346.1770219603643,1088.6354203084986
취청,2022-05-17,1314.5727363048886,1520.6647483094991
취청,2022-05-24,1256.2834875791525,1408.8331061280817
취청,2022-05-31,1577.9349438440347,1425.9850462175716
취청,2022-06-07,2087.0303776322153,1841.1961963180827
취청,2022-06-14,1605.5364905056051,1986.2434466537873
취청,2022-06-21,3093.7358609259504,1818.6811883645787
취청,2022-06-28,4831.957686908647,2375.062865810849
취청,2022-07-05,4108.150636760592,3493.453881489073
취청,2022-07-12,3321.3349364152054,3067.189522855059
취청,2022-07-19,1870.3084910729829,2320.481485482367
취청,2022-07-26,1291.4767754202758,1771.2677671635893
취청,2022-08-02,2752.6950446251394,1733.9803867045443
취청,2022-08-09,5079.535847362982,2436.5195962275925
취청,2022-08-16,2584.767056219173,4139.370302110884
취청,2022-08-23,3525.397334122249,1869.2015820957483
취청,2022-08-30,1899.4305829506025,2895.7790911440325
취청,2022-09-06,1615.5721058641575,1721.1704708939556
취청,2022-09-13,2254.1565057172274,1733.9316955091442
취청,2022-09-20,3348.93413346699,2716.672307645959
취청,2022-09-27,1669.2577923196143,2786.9169232259032
취청,2022-10-04,1726.2387981022666,1646.426535882282
취청,2022-10-11,1822.716918195501,2116.393889585761
취청,2022-10-18,1096.8367552888938,1747.5667400970335
취청,2022-10-25,1079.0532816072566,1187.2480074874811
취청,2022-11-01,1501.5841225381218,1340.2523073669279
취청,2022-11-08,1630.1635729281518,1853.833467640133
취청,2022-11-15,1808.0139519640434,1884.8798353091688
취청,2022-11-22,2342.144154238467,1962.6933906341394
취청,2022-11-29,2779.449021915812,2279.54917273596
취청,2022-12-06,3935.196879435795,2864.1910145058446
취청,2022-12-13,4256.269469970188,3368.919424006084
취청,2022-12-20,4344.553397720956,3701.2418250110363
취청,2022-12-27,3871.1740619032053,3855.525875900337
치커리(일반),2022-01-04,4226.186806836007,3174.9197322999653
치커리(일반),2022-01-11,3831.822387867883,3837.840709541833
치커리(일반),2022-01-18,3501.7770222341805,3260.3278851362466
치커리(일반),2022-01-25,3053.185846883942,3011.415533687418
치커리(일반),2022-02-01,1431.7738552173525,2588.3807533659656
치커리(일반),2022-02-08,935.6836739297154,1598.6736709318488
치커리(일반),2022-02-15,1159.3664437362538,1096.5666703997945
치커리(일반),2022-02-22,1355.8185665167946,1351.8348828265732
치커리(일반),2022-03-01,1051.05739238927,1504.2998095050245
치커리(일반),2022-03-08,938.4633625800332,1175.4451128690102
치커리(일반),2022-03-15,1970.843793934525,1054.1132905631432
치커리(일반),2022-03-22,3668.7136098981077,1853.6903477808662
치커리(일반),2022-03-29,2941.3001413197085,3137.4620808052723
치커리(일반),2022-04-05,1432.5804351685638,2400.8587116967633
치커리(일반),2022-04-12,1560.8227575822757,1423.856093152931
치커리(일반),2022-04-19,2190.9969271381137,1824.8830862771606
치커리(일반),2022-04-26,2833.5012317437972,2276.667553315151
치커리(일반),2022-05-03,2615.551727631979,2515.5420892675706
치커리(일반),2022-05-10,3016.8624181060154,2300.367585426873
치커리(일반),2022-05-17,3849.5419900706243,2538.853933904702
치커리(일반),2022-05-24,3915.573595954219,3287.20370327781
치커리(일반),2022-05-31,3374.00155453444,3263.787971310022
치커리(일반),2022-06-07,5091.684202615362,2840.7615545409144
치커리(일반),2022-06-14,5948.54262031424,4271.902024260622
치커리(일반),2022-06-21,8643.830316639105,4782.073678665664
치커리(일반),2022-06-28,14600.147296065092,5730.537841800069
치커리(일반),2022-07-05,7745.436736978347,7746.980521766285
치커리(일반),2022-07-12,3633.0254114383,4495.423248341068
치커리(일반),2022-07-19,2262.3777702847683,2804.6870095293593
치커리(일반),2022-07-26,3363.9320356534276,2584.5652810234187
치커리(일반),2022-08-02,3591.592226171037,3046.286462806888
치커리(일반),2022-08-09,5939.901865190451,3632.7204188083792
치커리(일반),2022-08-16,5106.167004597767,4636.202291434164
치커리(일반),2022-08-23,4510.991457105041,3806.8395148960662
치커리(일반),2022-08-30,2206.767926527729,3888.888646182493
치커리(일반),2022-09-06,2883.9977689055895,2321.691462639909
치커리(일반),2022-09-13,3245.5810126256783,2424.5763070227654
치커리(일반),2022-09-20,2548.2469398880025,2646.218079173868
치커리(일반),2022-09-27,2311.7857509232663,2269.5081873323634
치커리(일반),2022-10-04,2114.9120826394965,2326.397161233411
치커리(일반),2022-10-11,3614.719436554403,2163.2687608398714
치커리(일반),2022-10-18,2257.6886944053003,3313.775145533509
치커리(일반),2022-10-25,1154.44048803477,2125.4383829034623
치커리(일반),2022-11-01,1243.2003179214514,1308.7933059577315
치커리(일반),2022-11-08,739.6844747221227,1532.258053903332
치커리(일반),2022-11-15,971.5588747099767,1193.7508179209635
치커리(일반),2022-11-22,1017.1152989644805,1214.9153661608018
치커리(일반),2022-11-29,1277.7012786286357,1303.4143246099038
치커리(일반),2022-12-06,1643.4284440481497,1657.292057576014
치커리(일반),2022-12-13,1766.557420031463,2033.3181830978779
치커리(일반),2022-12-20,3021.067526256848,2265.4868285811253
치커리(일반),2022-12-27,3212.5477415666096,2904.6779680462573
치콘,2022-01-04,4884.361233480176,7327.754601616624
치콘,2022-01-11,10631.818181818182,5318.493855872614
치콘,2022-01-18,6384.355828220859,8086.368887645984
치콘,2022-01-25,4723.4375,6065.139270098555
치콘,2022-02-01,2704.9479166666665,5073.311487304426
치콘,2022-02-08,2332.4561403508774,3059.6769878830564
치콘,2022-02-15,2570.2868852459014,2887.435700040596
치콘,2022-02-22,4424.626865671642,3060.385307934146
치콘,2022-03-01,2110.0247524752476,4085.0609940104023
치콘,2022-03-08,1559.077809798271,2860.2836208363324
치콘,2022-03-15,4370.377358490566,2047.128078747945
치콘,2022-03-22,4141.008403361345,4054.2823568107897
치콘,2022-03-29,4210.251798561151,4320.686036692516
치콘,2022-04-05,4092.1307506053267,3317.7341091930098
치콘,2022-04-12,2309.595300261097,3415.879041555116
치콘,2022-04-19,1929.6140939597315,2418.866166939198
치콘,2022-04-26,4053.614457831325,2789.784458221107
치콘,2022-05-03,2984.7402597402597,3866.308975137018
치콘,2022-05-10,3105.09977827051,3361.9124382713007
치콘,2022-05-17,2660.8848314606744,3188.980084078479
치콘,2022-05-24,3259.5522388059703,2659.815733905034
치콘,2022-05-31,3077.8801843317974,3309.305899976605
치콘,2022-06-07,3094.2193087008345,3114.866169231541
치콘,2022-06-14,4657.134363852557,2799.1042623741155
치콘,2022-06-21,7412.863795110594,3781.0315369344275
치콘,2022-06-28,13155.123216601816,6866.704229018972
치콘,2022-07-05,9668.965517241379,8642.789800785258
치콘,2022-07-12,4629.880843263061,6217.543976363651
치콘,2022-07-19,3120.04662004662,3771.0762579787506
치콘,2022-07-26,4552.899906454631,3828.0412318468098
치콘,2022-08-02,4891.114313160423,4828.003704519862
치콘,2022-08-09,11626.184538653366,5783.919305683225
치콘,2022-08-16,8608.092175777063,9142.07658037006
치콘,2022-08-23,6340.49008168028,5755.208206906615
치콘,2022-08-30,4696.853741496599,6655.819984756474
치콘,2022-09-06,3080.668016194332,4856.155640325608
치콘,2022-09-13,2196.8277945619334,3294.7074510898133
치콘,2022-09-20,2787.7475247524753,2882.5648123393908
치콘,2022-09-27,1861.804384485666,3109.6565880779076
치콘,2022-10-04,2755.235849056604,2668.4780254524185
치콘,2022-10-11,2871.931493815414,2913.013747453653
치콘,2022-10-18,3144.579008073818,2873.263005394049
치콘,2022-10-25,1722.2832722832723,2904.193054716183
치콘,2022-11-01,1197.6047904191616,2349.182475635018
치콘,2022-11-08,1537.3068432671082,2035.5023149705887
치콘,2022-11-15,1323.5655737704917,2244.939111161969
치콘,2022-11-22,2302.3356401384085,2057.888315346632
치콘,2022-11-29,1538.9908256880733,2555.1546438191367
치콘,2022-12-06,4485.029069767442,2239.7740832343775
치콘,2022-12-13,3838.2618510158013,3437.531372905222
치콘,2022-12-20,5190.576923076923,3958.0298417799236
치콘,2022-12-27,5214.713216957606,4268.394611120164
토마토(일반),2022-01-04,2706.3253375686472,2977.251372926468
토마토(일반),2022-01-11,3081.6202964652225,3219.737506269203
토마토(일반),2022-01-18,4395.41541483707,2982.76768823045
토마토(일반),2022-01-25,2704.0796187923147,3638.6979612311975
토마토(일반),2022-02-01,2760.801603636627,2615.9455360314337
토마토(일반),2022-02-08,2851.2610611042696,2578.0842448496624
토마토(일반),2022-02-15,2816.12884252009,2676.4663318375706
토마토(일반),2022-02-22,2960.611338173052,2713.838752075292
토마토(일반),2022-03-01,2749.0788203264533,2777.6359598460726
토마토(일반),2022-03-08,2476.198292843073,2554.869552204172
토마토(일반),2022-03-15,2487.0336934903207,2421.907316794954
토마토(일반),2022-03-22,2523.447181024155,2481.4147539085125
토마토(일반),2022-03-29,2298.8722329039833,2452.4677364429704
토마토(일반),2022-04-05,1743.8469860615019,2118.5138467164606
토마토(일반),2022-04-12,1583.171429323596,1772.1287875906603
토마토(일반),2022-04-19,1809.2872735262788,1676.0700780297134
토마토(일반),2022-04-26,1939.389401046045,1839.9298444720312
토마토(일반),2022-05-03,2140.5730740754225,1790.4123926828684
토마토(일반),2022-05-10,1521.9016325317118,2002.0630555320258
토마토(일반),2022-05-17,1221.6898342725199,1483.458625147462
토마토(일반),2022-05-24,1328.5776562838823,1294.5600361465172
토마토(일반),2022-05-31,1451.97802437376,1400.5759982393845
토마토(일반),2022-06-07,1445.9517754485162,1470.6205330880614
토마토(일반),2022-06-14,1144.8051741065167,1501.7245792330639
토마토(일반),2022-06-21,790.3268082794018,1213.3282662601328
토마토(일반),2022-06-28,1657.6468984561536,1078.8996271123324
토마토(일반),2022-07-05,2306.159323078527,1791.52073245304
토마토(일반),2022-07-12,3438.1932329693523,2305.835833250072
토마토(일반),2022-07-19,2983.365142340319,2926.891839430305
토마토(일반),2022-07-26,2505.0337884443725,2789.3986588976886
토마토(일반),2022-08-02,2115.756980374067,2354.0434590500463
토마토(일반),2022-08-09,1713.7548376656682,2314.4962463096913
토마토(일반),2022-08-16,3198.139026127424,1961.8079122962993
토마토(일반),2022-08-23,3855.2443849532524,2950.12355271605
토마토(일반),2022-08-30,2755.719533205474,3689.5505813658515
토마토(일반),2022-09-06,2120.788680519474,2590.1690487280503
토마토(일반),2022-09-13,2987.5443759525983,1988.118112882161
토마토(일반),2022-09-20,5227.723797186622,3068.0067647573524
토마토(일반),2022-09-27,4590.1466010610875,4356.669766614904
토마토(일반),2022-10-04,2966.778225043129,3806.9860513200942
토마토(일반),2022-10-11,2936.575916622075,2839.674556210178
토마토(일반),2022-10-18,2483.9417515847813,2865.376890445245
토마토(일반),2022-10-25,2264.8145121470757,2331.3404205978854
토마토(일반),2022-11-01,2516.436877704577,2486.8692904065533
토마토(일반),2022-11-08,2513.0655824867877,2658.312723864325
토마토(일반),2022-11-15,1615.6133328475732,2628.2698932252583
토마토(일반),2022-11-22,1230.1008192809418,1653.7918250929529
토마토(일반),2022-11-29,1595.3784471035076,1454.847649083361
토마토(일반),2022-12-06,1420.5517898169257,1840.411592493478
토마토(일반),2022-12-13,1404.6569772170135,1679.9066434668289
토마토(일반),2022-12-20,1620.1899434550412,1754.4656007989581
토마토(일반),2022-12-27,1622.786345520707,1854.665533505041
파프리카,2022-01-04,5185.073765734077,5292.707473255339
파프리카,2022-01-11,4396.943959694214,5529.583651194386
파프리카,2022-01-18,4613.10854206844,4888.13752634261
파프리카,2022-01-25,5452.425120678907,5436.4002436178425
파프리카,2022-02-01,4891.479680127785,4890.706545669832
파프리카,2022-02-08,4500.484082687594,4987.056816914926
파프리카,2022-02-15,4544.050237196471,4587.664869905056
파프리카,2022-02-22,3968.490021792524,4431.369196576381
파프리카,2022-03-01,4467.085079196659,4381.163996524348
파프리카,2022-03-08,4406.088382515075,4324.64367384351
파프리카,2022-03-15,2237.6199399079496,4017.6495179789554
파프리카,2022-03-22,6225.231381669781,2790.144350024875
파프리카,2022-03-29,5357.554718065616,4944.130710681857
파프리카,2022-04-05,5185.907209758223,4732.100022076017
파프리카,2022-04-12,5805.664356733956,4361.029591751132
파프리카,2022-04-19,2642.3697958349744,4041.6668694356604
파프리카,2022-04-26,2608.7083509583704,2570.720164318101
파프리카,2022-05-03,3008.9360254366566,2242.8020696654003
파프리카,2022-05-10,5162.924281984334,2928.4639157913534
파프리카,2022-05-17,3398.948497269001,4097.382143012711
파프리카,2022-05-24,2274.934706954285,3538.451609186583
파프리카,2022-05-31,3254.2762521341456,2348.8580035182945
파프리카,2022-06-07,4058.162132148806,2839.0645029191473
파프리카,2022-06-14,1034.4920501277152,3612.348651325081
파프리카,2022-06-21,1683.0089298133175,1466.1144593680222
파프리카,2022-06-28,1873.1140913750198,2112.4306026518516
파프리카,2022-07-05,1673.8884861359538,2266.0059472810867
파프리카,2022-07-12,4557.304404884659,2702.7397431435406
파프리카,2022-07-19,4212.62281076463,4802.877793427526
파프리카,2022-07-26,6253.586559850327,5063.6736629662755
파프리카,2022-08-02,8702.880972345267,5226.304063884793
파프리카,2022-08-09,9215.673575129535,6104.084577714922
파프리카,2022-08-16,10000.544725173255,6593.925458942156
파프리카,2022-08-23,6276.320081595283,7645.614493236545
파프리카,2022-08-30,2594.345006334769,5556.802510179842
파프리카,2022-09-06,8169.096381686894,2596.310180719526
파프리카,2022-09-13,4416.867227770454,5294.145894038597
파프리카,2022-09-20,3750.873328287175,4028.3291622532747
파프리카,2022-09-27,5733.51357159736,3945.137622950006
파프리카,2022-10-04,2500.7503600973328,4180.320385628505
파프리카,2022-10-11,1100.5832795857398,2552.7500070321785
파프리카,2022-10-18,1150.7165464734862,1262.5881516214101
파프리카,2022-10-25,687.0197700183817,1200.6400506669527
파프리카,2022-11-01,598.3991582457112,831.4399536148181
파프리카,2022-11-08,602.417626327997,588.220720690955
파프리카,2022-11-15,554.3716125300114,588.3797881110921
파프리카,2022-11-22,474.67114301672717,577.3755837488707
파프리카,2022-11-29,485.4477868606614,567.6162727349572
파프리카,2022-12-06,647.2770297667361,638.7266504886267
파프리카,2022-12-13,659.154687271066,925.5748193536074
파프리카,2022-12-20,1339.877049108401,992.4992985656675
파프리카,2022-12-27,1636.1282671664385,1958.638229120484
팽이,2022-01-04,2704.520145098449,2361.3279273074045
팽이,2022-01-11,2979.3171962698148,3029.800700931156
팽이,2022-01-18,2667.103297571575,2806.925073108796
팽이,2022-01-25,1833.595851406693,2759.5580375258637
팽이,2022-02-01,1636.7617818550236,1619.632629843977
팽이,2022-02-08,1678.0394020565109,1619.9042912150253
팽이,2022-02-15,1876.7442962775706,1648.3875425208346
팽이,2022-02-22,2406.0335387792134,1794.7886012576896
팽이,2022-03-01,2323.8587294131908,2233.5312575985577
팽이,2022-03-08,2125.0157734677655,2102.6518184876354
팽이,2022-03-15,2169.760115562522,2021.4628297309687
팽이,2022-03-22,2535.0475491447537,2067.911573795189
팽이,2022-03-29,2709.8638535749706,2296.121853045436
팽이,2022-04-05,2288.3283967494494,2364.2774139299995
팽이,2022-04-12,2284.460967641798,2051.0848516873943
팽이,2022-04-19,2097.161245752795,2117.5234833196464
팽이,2022-04-26,2090.2245222395127,2022.554831410162
팽이,2022-05-03,2241.5300367163477,1921.8604089067
팽이,2022-05-10,1982.4359357583648,2061.491966483026
팽이,2022-05-17,1926.5128702550887,1778.356247243213
팽이,2022-05-24,1751.6685334619651,1791.0269330718304
팽이,2022-05-31,1520.3408129942932,1631.9650742526862
팽이,2022-06-07,1506.325371960377,1446.4606502364209
팽이,2022-06-14,1428.5708248221456,1461.5461446727443
팽이,2022-06-21,1255.1051732422188,1396.9617584927687
팽이,2022-06-28,1253.477809673985,1266.9365853615068
팽이,2022-07-05,1619.536809419071,1253.005997385418
팽이,2022-07-12,1509.730336761216,1507.0980878516316
팽이,2022-07-19,1384.559762170368,1476.011659663432
팽이,2022-07-26,2051.0856274166363,1668.6398958738937
팽이,2022-08-02,1898.062260948859,1976.8084305487196
팽이,2022-08-09,2396.289524023855,1989.0299214520066
팽이,2022-08-16,2364.927341227126,2514.9506370570984
팽이,2022-08-23,3145.2572801809442,2443.9067326619415
팽이,2022-08-30,2850.666210522525,2921.6920011268558
팽이,2022-09-06,1891.704455555613,2697.7225972198407
팽이,2022-09-13,1814.9375520399667,1819.9341882481667
팽이,2022-09-20,2007.8848502548854,1858.3983414323018
팽이,2022-09-27,1937.2521285361165,2036.4154847178602
팽이,2022-10-04,2379.9440204296575,1946.7433638841624
팽이,2022-10-11,2217.7356948228885,2516.9990481431673
팽이,2022-10-18,2057.5516631096766,2295.0665925846324
팽이,2022-10-25,1682.7385817955303,2053.945979057354
팽이,2022-11-01,1421.4864327920122,1766.2530656208896
팽이,2022-11-08,1105.9452349635299,1557.0335251270485
팽이,2022-11-15,948.322998518816,1266.1484429995223
팽이,2022-11-22,920.7437679799489,1065.2878138610345
팽이,2022-11-29,1165.317617436315,1091.5309749094438
팽이,2022-12-06,1293.297417397329,1354.0845203100669
팽이,2022-12-13,1954.9588961433744,1433.6723542991233
팽이,2022-12-20,2097.8155243590977,2170.2774407801226
팽이,2022-12-27,2071.336304487714,2383.8325099358053
포장쪽파,2022-01-04,5386.268376775617,6010.869899369889
포장쪽파,2022-01-11,5631.987434331961,5687.953324004355
포장쪽파,2022-01-18,7798.697954552067,5535.262212734128
포장쪽파,2022-01-25,6613.459674814257,6387.714366820758
포장쪽파,2022-02-01,4440.511536397782,4965.422791784641
포장쪽파,2022-02-08,4552.7151794227775,4067.795101625358
포장쪽파,2022-02-15,5807.155191498782,4102.348075990534
포장쪽파,2022-02-22,3966.1793156410145,4835.379323550868
포장쪽파,2022-03-01,3212.8182920491945,3648.652181558414
포장쪽파,2022-03-08,2006.1228734245665,3193.228905885703
포장쪽파,2022-03-15,2056.8983993895904,2065.130124146765
포장쪽파,2022-03-22,1695.4878154414737,2292.1587362965015
포장쪽파,2022-03-29,1896.7334138454946,1806.6238044542529
포장쪽파,2022-04-05,2480.971536539282,2109.8033323777895
포장쪽파,2022-04-12,2292.3732058882097,2740.057724226563
포장쪽파,2022-04-19,2855.6061160799904,2625.3643779878093
포장쪽파,2022-04-26,3032.0431610676687,3190.1495605820915
포장쪽파,2022-05-03,2908.665395378786,3129.636121217714
포장쪽파,2022-05-10,4352.230536356886,3127.0239840237964
포장쪽파,2022-05-17,4403.973509933775,4052.0051381117255
포장쪽파,2022-05-24,4547.138912691612,4129.13629005272
포장쪽파,2022-05-31,5701.550525752985,4222.344530099333
포장쪽파,2022-06-07,6453.872476331699,5096.170889527226
포장쪽파,2022-06-14,5749.51048951049,5542.826459853686
포장쪽파,2022-06-21,4995.211852922576,5025.043675507329
포장쪽파,2022-06-28,4305.814253374216,4578.4346966205185
포장쪽파,2022-07-05,4608.376023237391,3792.3481623947578
포장쪽파,2022-07-12,4387.0724911606085,4143.593355790982
포장쪽파,2022-07-19,3382.4135775531627,4227.192517066376
포장쪽파,2022-07-26,3115.9907998977765,3497.565957382707
포장쪽파,2022-08-02,3436.5187748781427,3170.238949544745
포장쪽파,2022-08-09,3794.857964383533,3592.570153173046
포장쪽파,2022-08-16,3991.146071444579,3998.837003493471
포장쪽파,2022-08-23,4192.75906605234,4050.793490991003
포장쪽파,2022-08-30,4481.367887511195,3733.597623125986
포장쪽파,2022-09-06,5059.6766337825065,4167.071915904353
포장쪽파,2022-09-13,4603.812570270313,4650.654636369582
포장쪽파,2022-09-20,3474.1002475460773,4237.0425183230345
포장쪽파,2022-09-27,2397.60988504946,3365.9303882740996
포장쪽파,2022-10-04,2844.745066940337,2531.4660960228666
포장쪽파,2022-10-11,2811.3218035824584,3041.4749131202702
포장쪽파,2022-10-18,2690.6321689613815,2932.1205309363822
포장쪽파,2022-10-25,2647.663427165107,2765.0980374497813
포장쪽파,2022-11-01,2609.171633120967,2610.299385443983
포장쪽파,2022-11-08,2092.063332357676,2591.5351654137658
포장쪽파,2022-11-15,2223.079117683842,2127.927753569805
포장쪽파,2022-11-22,2427.268406072656,2374.384930269316
포장쪽파,2022-11-29,2078.1689206949472,2663.329261307095
포장쪽파,2022-12-06,3022.1880655477603,2396.852020395552
포장쪽파,2022-12-13,4449.524699076515,3452.2259337577084
포장쪽파,2022-12-20,5537.024174786743,4846.222889455651
포장쪽파,2022-12-27,6151.85593300381,5350.015085988196
표고버섯(일반),2022-01-04,8452.824884982772,7627.169512542521
표고버섯(일반),2022-01-11,8803.784975958555,8528.082438090994
표고버섯(일반),2022-01-18,7960.88142831722,7899.366922659458
표고버섯(일반),2022-01-25,7888.247055345501,6847.9970803667175
표고버섯(일반),2022-02-01,7178.623668083107,6543.087018169192
표고버섯(일반),2022-02-08,6901.136363636364,6696.016597390098
표고버섯(일반),2022-02-15,6317.1196782693105,6635.919492647437
표고버섯(일반),2022-02-22,6803.234118530241,6105.376761624857
표고버섯(일반),2022-03-01,6749.38371239912,6785.874944525522
표고버섯(일반),2022-03-08,5592.363487895704,6199.931775831187
표고버섯(일반),2022-03-15,5938.654723157414,5507.3967343511895
표고버섯(일반),2022-03-22,6396.857205699064,5839.422058315259
표고버섯(일반),2022-03-29,6278.6988994416415,6028.5892994682845
표고버섯(일반),2022-04-05,5548.6238459903825,6036.065564033291
표고버섯(일반),2022-04-12,6162.710278667725,5330.808513671364
표고버섯(일반),2022-04-19,5668.533202833397,6062.374246730565
표고버섯(일반),2022-04-26,5993.103990907899,5495.024873934151
표고버섯(일반),2022-05-03,6342.812751435785,5766.106235561303
표고버섯(일반),2022-05-10,6533.657312406412,6087.888436974224
표고버섯(일반),2022-05-17,6118.604029642514,6178.169297600452
표고버섯(일반),2022-05-24,5959.198800828294,6138.45201042871
표고버섯(일반),2022-05-31,6312.3536385381085,5976.159774025363
표고버섯(일반),2022-06-07,6398.461514068875,6178.62369286117
표고버섯(일반),2022-06-14,6190.880029867115,6187.925163742618
표고버섯(일반),2022-06-21,5770.490876897768,6210.828230918555
표고버섯(일반),2022-06-28,6555.181489889937,5744.100767559255
표고버섯(일반),2022-07-05,7363.024804978526,6111.735869311916
표고버섯(일반),2022-07-12,6994.403693064374,6913.038309039046
표고버섯(일반),2022-07-19,5388.330927729603,6761.200860184319
표고버섯(일반),2022-07-26,5691.462504241602,5972.038969103697
표고버섯(일반),2022-08-02,6534.777675961077,5923.596457750916
표고버섯(일반),2022-08-09,6570.693831945735,6317.985099606445
표고버섯(일반),2022-08-16,6595.590298563305,6304.649912168218
표고버섯(일반),2022-08-23,6653.40458864875,6306.232659513574
표고버섯(일반),2022-08-30,6158.364278322274,6458.8355979056405
표고버섯(일반),2022-09-06,5632.83760840454,6265.296732530287
표고버섯(일반),2022-09-13,6574.748738106937,5606.788985075569
표고버섯(일반),2022-09-20,6941.68888254857,6255.480520294883
표고버섯(일반),2022-09-27,5408.056220326553,6927.213559947261
표고버섯(일반),2022-10-04,6136.894961405,5572.535818161366
표고버섯(일반),2022-10-11,6131.05962151288,6286.838709897272
표고버섯(일반),2022-10-18,6009.286743578017,6213.620511683972
표고버섯(일반),2022-10-25,5945.437878599287,6160.346170696283
표고버섯(일반),2022-11-01,6369.86175709313,6107.0893376209015
표고버섯(일반),2022-11-08,5405.968084484539,6334.439061394472
표고버섯(일반),2022-11-15,5502.856705835778,5644.424761863645
표고버섯(일반),2022-11-22,6069.624834936804,5664.061750996977
표고버섯(일반),2022-11-29,6766.016705035805,6447.173590106073
표고버섯(일반),2022-12-06,7441.9282056179645,6802.54838537287
표고버섯(일반),2022-12-13,7176.948017263482,7496.893348078082
표고버섯(일반),2022-12-20,8580.373129798792,7512.351847433778
표고버섯(일반),2022-12-27,9322.45720260675,8947.9133829758
호박고구마,2022-01-04,1826.30504225466,2280.5721445230465
호박고구마,2022-01-11,1760.6512452647698,2082.9889607604805
호박고구마,2022-01-18,1717.8287756723023,1912.9439117223708
호박고구마,2022-01-25,1941.81170620254,1814.0205192720139
호박고구마,2022-02-01,1893.3086071705873,2011.0620396580575
호박고구마,2022-02-08,1615.7698141827834,1929.2523299089878
호박고구마,2022-02-15,1620.5285595863104,1784.8389479339883
호박고구마,2022-02-22,1904.9833822091887,1773.1399815130553
호박고구마,2022-03-01,1766.0119574844996,1943.3745056606358
호박고구마,2022-03-08,1547.8664796058035,1921.8830852367546
호박고구마,2022-03-15,1613.529816739337,1667.4784895978023
호박고구마,2022-03-22,1466.7610803267023,1729.7220808610389
호박고구마,2022-03-29,1452.345441017316,1653.2602456494865
호박고구마,2022-04-05,1248.7558351135374,1661.6425796686256
호박고구마,2022-04-12,1399.9057181916749,1489.9301341741252
호박고구마,2022-04-19,1646.8855614973263,1706.215302704419
호박고구마,2022-04-26,1977.7347164753191,1727.6412080024631
호박고구마,2022-05-03,1788.491588103547,1978.7765648935388
호박고구마,2022-05-10,1465.1907576571737,1874.3291168638327
호박고구마,2022-05-17,1466.0578880407124,1731.503940270939
호박고구마,2022-05-24,1539.1609549920036,1724.7679645267124
호박고구마,2022-05-31,1558.3967100445045,1657.8572073821033
호박고구마,2022-06-07,1474.2673810941324,1713.9825244099545
호박고구마,2022-06-14,1398.730645288061,1680.4486659751005
호박고구마,2022-06-21,1422.3342447026657,1654.396088510789
호박고구마,2022-06-28,1056.8427276310604,1624.1620989867538
호박고구마,2022-07-05,966.4534867873098,1261.1661859292249
호박고구마,2022-07-12,1119.4852378767018,1180.804835746235
호박고구마,2022-07-19,1285.6289632797523,1371.9534576180652
호박고구마,2022-07-26,1138.5506973237843,1625.14707740918
호박고구마,2022-08-02,1295.0827995625684,1391.22315312708
호박고구마,2022-08-09,1623.3151443258205,1602.5618543769588
호박고구마,2022-08-16,1853.1262909256532,1850.8177760802987
호박고구마,2022-08-23,1845.5268305127986,1982.7957503594944
호박고구마,2022-08-30,2359.498931370221,2076.0856159312166
호박고구마,2022-09-06,2076.7067003792667,2395.6478065326596
호박고구마,2022-09-13,1905.093344155844,2002.8250445061446
호박고구마,2022-09-20,1886.9686546823284,1965.00229914211
호박고구마,2022-09-27,1749.4443456614508,1922.6906923385968
호박고구마,2022-10-04,1915.0714010034735,1878.0921089296712
호박고구마,2022-10-11,2086.749770394743,1851.4050082968217
호박고구마,2022-10-18,1922.0691943914378,2115.597822318635
호박고구마,2022-10-25,1863.1800391389434,1918.8539840234196
호박고구마,2022-11-01,2013.2114052027719,1964.706418403723
호박고구마,2022-11-08,2350.588348765432,2018.5611311969608
호박고구마,2022-11-15,2083.628882139708,2426.258241487638
호박고구마,2022-11-22,1962.576346474181,2138.3355642433557
호박고구마,2022-11-29,2297.578031511767,1972.7614231252278
호박고구마,2022-12-06,2195.224719101124,2379.74352990004
호박고구마,2022-12-13,2265.268538446488,2293.6753404572687
호박고구마,2022-12-20,2341.1127167630057,2462.971169061054
호박고구마,2022-12-27,2137.312841473078,2392.628314314045
홍고추(일반),2022-01-04,3870.5234881300157,4694.248778375908
홍고추(일반),2022-01-11,4650.651543722383,4388.115647873102
홍고추(일반),2022-01-18,7441.251569119724,4841.28023098344
홍고추(일반),2022-01-25,6076.949881134595,7544.405591040524
홍고추(일반),2022-02-01,4553.346616380844,6270.588579784977
홍고추(일반),2022-02-08,5052.957978682616,4931.842069360536
홍고추(일반),2022-02-15,8005.993354761818,5485.514610000101
홍고추(일반),2022-02-22,9429.23944476576,8514.391447855409
홍고추(일반),2022-03-01,8454.601249814015,10036.038878646998
홍고추(일반),2022-03-08,9578.52397926118,9571.132411796318
홍고추(일반),2022-03-15,10598.809494647625,10153.144890400634
홍고추(일반),2022-03-22,12185.229429224855,9465.748034577759
홍고추(일반),2022-03-29,9786.872020901059,10009.989610701434
홍고추(일반),2022-04-05,6657.026761648055,8632.492874913327
홍고추(일반),2022-04-12,5694.819454042848,6563.549407425627
홍고추(일반),2022-04-19,5410.545850226568,5331.959706499279
홍고추(일반),2022-04-26,6927.29131282632,5051.8603154341135
홍고추(일반),2022-05-03,8138.679622321027,6809.915679046158
홍고추(일반),2022-05-10,6797.431251848068,7419.047395728415
홍고추(일반),2022-05-17,4561.9145273470895,5917.453929074386
홍고추(일반),2022-05-24,4649.897016293998,4483.512732047195
홍고추(일반),2022-05-31,6262.966326000786,4679.369571971052
홍고추(일반),2022-06-07,5358.801957359133,5850.78234480144
홍고추(일반),2022-06-14,3969.6133232006077,4936.27911325125
홍고추(일반),2022-06-21,3226.006056359177,4107.679362956611
홍고추(일반),2022-06-28,3989.0347206370943,3431.583630686425
홍고추(일반),2022-07-05,3222.3314346012176,3985.3985603599635
홍고추(일반),2022-07-12,3032.6871153545926,3321.589694291487
홍고추(일반),2022-07-19,3313.773682722217,3102.299685440693
홍고추(일반),2022-07-26,3170.8092625819927,3323.3788051968627
홍고추(일반),2022-08-02,3216.042142972871,3065.786428766043
홍고추(일반),2022-08-09,3772.9655831184396,3222.7959414040456
홍고추(일반),2022-08-16,3656.1189198661946,3826.5537992928666
홍고추(일반),2022-08-23,3323.4688275315684,3806.108720067676
홍고추(일반),2022-08-30,4215.551415919081,3445.066397951423
홍고추(일반),2022-09-06,3914.681763978201,4269.613592918157
홍고추(일반),2022-09-13,6045.937912324137,3903.035064044951
홍고추(일반),2022-09-20,7500.337724000613,6558.399885779145
홍고추(일반),2022-09-27,8152.682987893203,8510.415430886975
홍고추(일반),2022-10-04,6502.914037272324,8874.676667661664
홍고추(일반),2022-10-11,8986.815001399384,6961.092501475471
홍고추(일반),2022-10-18,8679.681917644719,9239.025249881637
홍고추(일반),2022-10-25,6130.384360228874,7821.193223845628
홍고추(일반),2022-11-01,5304.057483063026,6418.254720217676
홍고추(일반),2022-11-08,4992.8067756960545,5354.403573657244
홍고추(일반),2022-11-15,4830.123281076669,4770.307771101211
홍고추(일반),2022-11-22,5575.250996417941,4830.780507243556
홍고추(일반),2022-11-29,6766.558696047134,5191.285852360225
홍고추(일반),2022-12-06,7257.013275665285,6474.010191287063
홍고추(일반),2022-12-13,8681.98265290863,6874.307982480631
홍고추(일반),2022-12-20,8273.69261102244,9245.353888499569
홍고추(일반),2022-12-27,7436.079094226229,7818.874352254729
홍청양,2022-01-04,2843.9687305860425,3590.948225863384
홍청양,2022-01-11,3574.69739292365,3459.2200755133285
홍청양,2022-01-18,3467.202493521048,4002.5358949993074
홍청양,2022-01-25,4726.101741022851,3818.334517846036
홍청양,2022-02-01,3364.0461768062505,5043.851147798103
홍청양,2022-02-08,3976.083032490975,3561.113025613508
홍청양,2022-02-15,4784.533750869868,4371.361082429027
홍청양,2022-02-22,5584.491881043605,5337.411107394038
홍청양,2022-03-01,3996.6666666666665,5761.955636233767
홍청양,2022-03-08,4879.575,4325.076899458511
홍청양,2022-03-15,5489.455816275587,5135.430124275123
홍청양,2022-03-22,6127.623231295663,5540.094397493504
홍청양,2022-03-29,4863.358490566037,5856.1701720013
홍청양,2022-04-05,3014.7376402790414,4665.762749050112
홍청양,2022-04-12,2839.4132093675994,3100.9624985887117
홍청양,2022-04-19,2614.8503864697327,2834.3848437687034
홍청양,2022-04-26,2790.623875610383,2725.355649857536
홍청양,2022-05-03,2783.8350916316435,2779.3563849244206
홍청양,2022-05-10,2702.164925204841,2861.8134626991473
홍청양,2022-05-17,2978.7689691680835,2723.609834517034
홍청양,2022-05-24,2909.6254034769804,3049.225677817846
홍청양,2022-05-31,2989.265659792816,3057.6974605757023
홍청양,2022-06-07,2566.721039293933,3097.344119014879
홍청양,2022-06-14,2720.3484395040614,2764.621247590476
홍청양,2022-06-21,2304.926596758818,2803.8811593112177
홍청양,2022-06-28,2974.892956750599,2480.861394864956
홍청양,2022-07-05,2801.5821510092646,3238.346988784813
홍청양,2022-07-12,4004.85107421875,3132.443128091089
홍청양,2022-07-19,4188.585192697768,4076.414454175734
홍청양,2022-07-26,6172.064985572701,4245.732172598653
홍청양,2022-08-02,4943.239038189533,6055.814344212937
홍청양,2022-08-09,5617.0463523834605,4801.585940161716
홍청양,2022-08-16,4525.214441317963,5275.622567268772
홍청양,2022-08-23,4468.638363496168,3989.249051108586
홍청양,2022-08-30,3715.8017943693926,4202.220206470511
홍청양,2022-09-06,4120.405522001725,3648.676139686871
홍청양,2022-09-13,5055.719571126548,3929.8521440775935
홍청양,2022-09-20,5711.238459619063,4793.485605613509
홍청양,2022-09-27,5854.813993174062,5252.680312547395
홍청양,2022-10-04,4746.544403073754,5653.520968199202
홍청양,2022-10-11,5121.08088324997,4831.694025210061
홍청양,2022-10-18,7990.358306188925,5020.096968914274
홍청양,2022-10-25,6952.222222222223,7482.943800549708
홍청양,2022-11-01,8472.861842105263,7240.252881848992
홍청양,2022-11-08,8838.199552286536,9060.23127260542
홍청양,2022-11-15,6406.7197875166,7969.319038618
홍청양,2022-11-22,6070.623455616803,5837.203589685432
홍청양,2022-11-29,6308.53134479272,5971.587448635802
홍청양,2022-12-06,5244.500218245308,6023.555986161319
홍청양,2022-12-13,4537.388671179195,4758.335957583906
홍청양,2022-12-20,4863.863201530612,4176.288553288086
홍청양,2022-12-27,4362.588702810105,4702.85562637964
홍피망,2022-01-04,5584.439609236235,4670.015187567776
홍피망,2022-01-11,5877.328463838323,6335.4624113610425
홍피망,2022-01-18,9682.327187819234,5927.842572295521
홍피망,2022-01-25,9239.808947772657,7598.3242625113735
홍피망,2022-02-01,7417.80888030888,6482.883679429472
홍피망,2022-02-08,8488.380703323928,6073.407801597625
홍피망,2022-02-15,7059.981099560843,7572.352711612071
홍피망,2022-02-22,8336.058347071894,6113.079994816346
홍피망,2022-03-01,7285.202991452991,7069.732985651044
홍피망,2022-03-08,5190.470025602628,5634.185999624174
홍피망,2022-03-15,4178.969488785613,4590.403369980657
홍피망,2022-03-22,5656.533884415307,3902.1423816969595
홍피망,2022-03-29,4913.6876006441225,5081.648159280616
홍피망,2022-04-05,3886.4118956971483,4463.056582831663
홍피망,2022-04-12,6136.762193227711,3777.9597434766033
홍피망,2022-04-19,5990.499355451523,5737.659593194771
홍피망,2022-04-26,6161.702101283085,5413.875071146105
홍피망,2022-05-03,5290.064543286095,5548.488153033738
홍피망,2022-05-10,4242.808266247791,4170.2988616084685
홍피망,2022-05-17,2802.1238839904618,3326.0083267802415
홍피망,2022-05-24,2300.932556203164,2543.701199376397
홍피망,2022-05-31,2184.705747521632,2241.0904363973027
홍피망,2022-06-07,2265.679964975647,2288.7550974523915
홍피망,2022-06-14,2218.5492081447965,2267.303357143053
홍피망,2022-06-21,3055.1680915343577,2200.4644714925234
홍피망,2022-06-28,2924.034465900758,2855.0002299968105
홍피망,2022-07-05,3705.743890914,2946.9073691160715
홍피망,2022-07-12,4282.733456610752,3504.0768956393613
홍피망,2022-07-19,5491.833128457283,3859.0435203580405
홍피망,2022-07-26,7917.569896591344,5471.232578829817
홍피망,2022-08-02,7205.893186003684,6803.166456221542
홍피망,2022-08-09,4908.913234005258,5999.059606216034
홍피망,2022-08-16,4540.904049673917,4222.482527808373
홍피망,2022-08-23,4875.012312996368,4083.003002678898
홍피망,2022-08-30,5883.324922004037,4221.534146684664
홍피망,2022-09-06,5261.675218471899,4980.257332139391
홍피망,2022-09-13,4704.5094248429195,5139.20908201262
홍피망,2022-09-20,6858.929881563778,4329.761236057288
홍피망,2022-09-27,6723.891983531122,6724.244273145641
홍피망,2022-10-04,6306.39879457559,5862.941610059494
홍피망,2022-10-11,4216.463921051346,5697.116181615418
홍피망,2022-10-18,2368.511157463891,3637.3832749852836
홍피망,2022-10-25,2872.6401789622137,2225.343690141684
홍피망,2022-11-01,1852.8887799297213,3048.390609220411
홍피망,2022-11-08,2183.061224489796,2278.532677287541
홍피망,2022-11-15,1557.6232001622388,2335.9799695506526
홍피망,2022-11-22,1870.5383553539737,1889.8121511773686
홍피망,2022-11-29,2151.025871285012,2088.330405547987
홍피망,2022-12-06,2021.6791676748126,2357.0816188282092
홍피망,2022-12-13,3492.087143142344,2344.3192687699852
홍피망,2022-12-20,3348.4963776405093,3521.1654637237975
홍피망,2022-12-27,3272.8558453354094,3467.2653751807748
