item,week,y_true,y_pred
기타,2021-01-05,4883.9317356572255,4083.607928551085
기타,2021-01-12,5186.412456747405,5220.5528244708
기타,2021-01-19,5934.117480671318,4925.079111583861
기타,2021-01-26,4820.707557268251,5409.133202644531
기타,2021-02-02,4093.4591492544146,4316.611359881069
기타,2021-02-09,2782.307170811377,3702.4616225216496
기타,2021-02-16,2171.4890512449006,2419.03789189414
기타,2021-02-23,2149.0845261647078,2250.4435509971113
기타,2021-03-02,2954.385955373842,2230.438935871931
기타,2021-03-09,3279.9304435483873,2877.2389036500576
기타,2021-03-16,2683.437721465648,2987.4197396221457
기타,2021-03-23,2110.6013557653964,2478.4465168074944
기타,2021-03-30,1695.7699187707105,2093.1229712702443
기타,2021-04-06,1756.7896027464444,1787.700238925056
기타,2021-04-13,2121.0476791427272,1836.2337033202282
기타,2021-04-20,2271.200213816164,2123.6494318320215
기타,2021-04-27,1976.4106441565477,2268.696123103188
기타,2021-05-04,1741.8962794938511,1908.438085950696
기타,2021-05-11,1553.1069348861831,1771.1500164515617
기타,2021-05-18,1456.6757475844333,1596.4442149215997
기타,2021-05-25,1533.4522435346416,1421.2781259160893
기타,2021-06-01,1481.6556143357425,1472.4577196463417
기타,2021-06-08,1241.114756883608,1497.955043159871
기타,2021-06-15,1239.638429635957,1208.4650968731007
기타,2021-06-22,1421.0247118627008,1244.4678761927191
기타,2021-06-29,1319.9627544051023,1498.2460380844705
기타,2021-07-06,1160.587934382012,1407.6346782811318
기타,2021-07-13,1623.9736123528985,1234.1393027907868
기타,2021-07-20,2557.3547005479386,1653.170062599147
기타,2021-07-27,3132.8366689816276,2922.5217111043075
기타,2021-08-03,2260.068331278257,3586.5845758880223
기타,2021-08-10,1970.1328484948658,2442.2038583650824
기타,2021-08-17,2731.2828659677402,2261.690780780338
기타,2021-08-24,3333.6744971010153,3083.7611502236987
기타,2021-08-31,3343.782624328915,3433.409013548237
기타,2021-09-07,4269.308554401726,3277.9599264241524
기타,2021-09-14,3165.011924417538,4045.612569021364
기타,2021-09-21,1899.455293022431,2716.713620482321
기타,2021-09-28,1547.95738214162,1978.8027413523596
기타,2021-10-05,2507.6158630527816,1739.3770167502691
기타,2021-10-12,3721.6885652268843,2675.2503516875217
기타,2021-10-19,5228.527447486758,3672.4801729736587
기타,2021-10-26,5876.945150845597,4976.422440253614
기타,2021-11-02,5111.3435352904435,5569.976249478918
기타,2021-11-09,4519.137068507124,4569.052873372526
기타,2021-11-16,5109.963935638986,4095.8255313590435
기타,2021-11-23,7234.927288280582,4291.2537820060215
기타,2021-11-30,5975.42290727546,5451.8992726145825
기타,2021-12-07,4997.0440881763525,4625.238505492425
기타,2021-12-14,3172.8842703349283,4032.3638350582873
기타,2021-12-21,3860.741915133807,3282.7843189118817
기타,2021-12-28,3642.5740722087116,3947.615450470434
깐양파,2021-01-05,2027.7020447906523,1687.9944057779087
깐양파,2021-01-12,2110.0101368474407,1951.1167634693647
깐양파,2021-01-19,2096.6916426512967,2148.0327529958904
깐양파,2021-01-26,2086.884396060135,2034.8853850076064
깐양파,2021-02-02,2151.5074441687343,1971.9160425740472
깐양파,2021-02-09,2291.049848942598,2066.459191997434
깐양파,2021-02-16,2479.834050399508,2203.3673597106695
깐양파,2021-02-23,2638.553500660502,2372.5865551581837
깐양파,2021-03-02,2307.8494623655915,2402.900342459755
깐양파,2021-03-09,2437.5162689804774,2158.4768201764537
깐양파,2021-03-16,2483.291298865069,2307.7285899056765
깐양파,2021-03-23,2335.7850070721356,2331.208036854323
깐양파,2021-03-30,2231.5151515151515,2152.2216018760364
깐양파,2021-04-06,1809.337506520605,2089.234131996574
깐양파,2021-04-13,1485.092426952892,1752.765808199767
깐양파,2021-04-20,1368.1385869565217,1425.8537419180536
깐양파,2021-04-27,1203.614744351962,1300.6834517128764
깐양파,2021-05-04,898.5264227642276,1192.4625329734872
깐양파,2021-05-11,1011.9911176905996,955.0827325854517
깐양파,2021-05-18,875.7945425361156,986.8888345390883
깐양파,2021-05-25,855.8935879945429,872.1907077120017
깐양파,2021-06-01,888.51526125194,870.0446632501827
깐양파,2021-06-08,956.5423990728221,881.9095528402995
깐양파,2021-06-15,983.5805306037184,912.1713308055974
깐양파,2021-06-22,1000.1926411096127,950.3166101318163
깐양파,2021-06-29,1005.9955257270693,1010.7464422084767
깐양파,2021-07-06,1015.2270210409745,1062.2489174282507
깐양파,2021-07-13,1017.4284279256655,1001.6413746448458
깐양파,2021-07-20,1004.0890183028287,1018.8684363380412
깐양파,2021-07-27,1010.6837186424004,1070.3251794007415
깐양파,2021-08-03,1123.8231780167264,1039.638282753617
깐양파,2021-08-10,1211.5397559949515,1139.7733281143685
깐양파,2021-08-17,1211.619937694704,1244.1996443875928
깐양파,2021-08-24,1270.363951473137,1252.3859245779868
깐양파,2021-08-31,1271.6111364673666,1299.432149346648
깐양파,2021-09-07,1275.8266818700115,1334.8140428341355
깐양파,2021-09-14,1275.9722962173682,1348.0103819715023
깐양파,2021-09-21,1279.0746582544689,1334.3665061664346
깐양파,2021-09-28,1279.134295227525,1331.7448153845282
깐양파,2021-10-05,1270.1848998459168,1322.850115035957
깐양파,2021-10-12,1347.3931423203383,1338.7285297169892
깐양파,2021-10-19,1367.8096212896621,1403.8571548191505
깐양파,2021-10-26,1367.7933365523902,1407.249460550155
깐양파,2021-11-02,1349.1074970249902,1399.9338063497448
깐양파,2021-11-09,1371.1258828417117,1403.218868289015
깐양파,2021-11-16,1326.8052516411378,1403.218868289015
깐양파,2021-11-23,1302.8411364545818,1387.2865893711457
깐양파,2021-11-30,1300.2488593944422,1378.7528951788554
깐양파,2021-12-07,1281.6193053676138,1379.6621680777862
깐양파,2021-12-14,1286.1936193619363,1350.232702484364
깐양파,2021-12-21,1199.5186522262334,1356.0600689421435
깐양파,2021-12-28,1199.3772703684483,1266.7087307934241
깐쪽파,2021-01-05,16831.163221228016,12337.668313247083
깐쪽파,2021-01-12,15922.318430010737,13709.401966253085
깐쪽파,2021-01-19,10305.483428856218,12820.15368934984
깐쪽파,2021-01-26,7932.999563096841,8309.249136572136
깐쪽파,2021-02-02,6510.907803092905,7044.582493689114
깐쪽파,2021-02-09,4645.511276341495,5903.631139105945
깐쪽파,2021-02-16,4929.1847227013795,4404.4996498493365
깐쪽파,2021-02-23,4080.046364563388,4541.951056456574
깐쪽파,2021-03-02,3815.826008564345,3882.3240309587786
깐쪽파,2021-03-09,3644.935214511949,3827.7892160355764
깐쪽파,2021-03-16,3639.194028039085,3704.570046974208
깐쪽파,2021-03-23,3109.298333284341,3503.0325238739233
깐쪽파,2021-03-30,3364.0153081730964,3089.162110949974
깐쪽파,2021-04-06,4337.832904781571,3360.653092564484
깐쪽파,2021-04-13,5140.871109006983,4089.8445531700513
깐쪽파,2021-04-20,5133.4403296547825,4728.798475409257
깐쪽파,2021-04-27,5834.555156849237,4901.851395525244
깐쪽파,2021-05-04,5863.017696826394,5517.2205034625795
깐쪽파,2021-05-11,4899.861558629308,5522.794870264396
깐쪽파,2021-05-18,4012.1457489878544,5117.457826008676
깐쪽파,2021-05-25,4909.508509332184,4399.754060021517
깐쪽파,2021-06-01,5221.279496439397,5168.035986835041
깐쪽파,2021-06-08,6601.671754099524,5116.4548337838
깐쪽파,2021-06-15,7313.020424194815,6265.328614592969
깐쪽파,2021-06-22,5834.050399508297,7144.791083418004
깐쪽파,2021-06-29,5349.051434326081,5748.213549168184
깐쪽파,2021-07-06,5288.866085171883,5360.5919859646465
깐쪽파,2021-07-13,7518.249860504493,5101.22251529381
깐쪽파,2021-07-20,9245.091983941413,6491.9738742633135
깐쪽파,2021-07-27,12987.040350978468,9081.526499734298
깐쪽파,2021-08-03,11837.25081072928,10386.565242690356
깐쪽파,2021-08-10,10491.235760217722,10650.930257074147
깐쪽파,2021-08-17,6311.38039593851,9456.40838778963
깐쪽파,2021-08-24,6857.478052214894,6511.511318691703
깐쪽파,2021-08-31,7429.960969200448,7189.366810890394
깐쪽파,2021-09-07,12858.734801974239,7390.000143049994
깐쪽파,2021-09-14,6532.236465506774,10231.788774646187
깐쪽파,2021-09-21,4767.588238659116,6229.894825210706
깐쪽파,2021-09-28,5747.335103638355,4927.793087194793
깐쪽파,2021-10-05,8391.030973630013,5767.349596901394
깐쪽파,2021-10-12,9892.424201734833,7639.2229619459995
깐쪽파,2021-10-19,9340.89444094412,7665.837488318163
깐쪽파,2021-10-26,7710.382897129754,7874.264060092888
깐쪽파,2021-11-02,7774.325480973127,6667.05992640274
깐쪽파,2021-11-09,6258.804772447353,6962.432036378179
깐쪽파,2021-11-16,4872.910454643264,5978.440592744174
깐쪽파,2021-11-23,4765.494378783511,5076.324896812555
깐쪽파,2021-11-30,4090.2186243735887,5276.057184881628
깐쪽파,2021-12-07,4930.555947962552,4721.022246321542
깐쪽파,2021-12-14,3887.886334960777,5590.52401969071
깐쪽파,2021-12-21,5194.943278712834,4368.948705075961
깐쪽파,2021-12-28,4501.51041427192,5594.219752162716
깻잎(일반),2021-01-05,9185.691072452686,7630.004291441263
깻잎(일반),2021-01-12,6807.980249935903,8345.129364642575
깻잎(일반),2021-01-19,6430.253801881857,6887.793197631384
깻잎(일반),2021-01-26,8068.8767097473265,6158.023929182336
깻잎(일반),2021-02-02,8475.129523934895,7263.43474885561
깻잎(일반),2021-02-09,3648.078798795378,6932.524163743274
깻잎(일반),2021-02-16,3846.1559987966725,3858.7373767732984
깻잎(일반),2021-02-23,4893.094463478536,4105.1295976573165
깻잎(일반),2021-03-02,5113.239920951437,5007.947939425367
깻잎(일반),2021-03-09,4657.835107653915,4968.534441486506
깻잎(일반),2021-03-16,4266.959868630739,4789.141450802312
깻잎(일반),2021-03-23,4734.517426735946,4647.277907668814
깻잎(일반),2021-03-30,4601.712607382689,4770.541093767189
깻잎(일반),2021-04-06,4993.631527842276,4598.123173525162
깻잎(일반),2021-04-13,5432.128966296312,5142.715934905537
깻잎(일반),2021-04-20,4782.8038318852905,5050.832415799576
깻잎(일반),2021-04-27,5317.4267202766605,5229.244219258351
깻잎(일반),2021-05-04,5396.2111396593245,5067.073900599583
깻잎(일반),2021-05-11,4419.643711987444,4889.290088867075
깻잎(일반),2021-05-18,5021.52775467199,4676.173582036993
깻잎(일반),2021-05-25,4970.391249062633,4826.033995317204
깻잎(일반),2021-06-01,3456.845042475352,4847.811116740704
깻잎(일반),2021-06-08,3463.3377080665814,3681.065975062902
깻잎(일반),2021-06-15,3815.174406949549,3701.6201373509807
깻잎(일반),2021-06-22,3553.5252891741866,3892.3012609218354
깻잎(일반),2021-06-29,4004.236902346392,3640.366213243562
깻잎(일반),2021-07-06,4105.1936018371825,4188.30986378695
깻잎(일반),2021-07-13,4734.6408847105,4274.711574871786
깻잎(일반),2021-07-20,5273.132314158563,4618.637836165662
깻잎(일반),2021-07-27,6888.852992210017,6418.497623971584
깻잎(일반),2021-08-03,6790.16158679947,6985.130317155583
깻잎(일반),2021-08-10,8276.33063213945,7233.157945536502
깻잎(일반),2021-08-17,8421.048391760925,8179.297532333174
깻잎(일반),2021-08-24,12278.856954652614,8355.097711126986
깻잎(일반),2021-08-31,12493.527721850405,10187.167138930628
깻잎(일반),2021-09-07,13868.256509161041,10394.006075467796
깻잎(일반),2021-09-14,5377.493770707264,10129.749651052623
깻잎(일반),2021-09-21,4968.637206471429,5058.595909046489
깻잎(일반),2021-09-28,5688.115320846517,5182.965785938983
깻잎(일반),2021-10-05,6867.090805254141,5499.187874661405
깻잎(일반),2021-10-12,11895.200606426937,6655.451809186753
깻잎(일반),2021-10-19,10489.47150545053,9627.510936992381
깻잎(일반),2021-10-26,6365.365478674427,9400.342112754895
깻잎(일반),2021-11-02,5281.083086712702,6003.656262428065
깻잎(일반),2021-11-09,7089.757046061051,4995.135009415334
깻잎(일반),2021-11-16,5009.891529163028,6950.585116880692
깻잎(일반),2021-11-23,5866.015485052347,4630.897970610474
깻잎(일반),2021-11-30,7501.69720288877,5576.123613559479
깻잎(일반),2021-12-07,7255.2521632378275,6958.548860161509
깻잎(일반),2021-12-14,9216.724871931643,7194.639635626068
깻잎(일반),2021-12-21,11093.363199704416,8595.335356537038
깻잎(일반),2021-12-28,9529.242106290567,10893.532273276069
노랑파프리카,2021-01-05,5830.179472440442,5583.884350620226
노랑파프리카,2021-01-12,6369.501038957645,5782.0677030261295
노랑파프리카,2021-01-19,6334.7916168185675,5939.216624937672
노랑파프리카,2021-01-26,6829.25028418447,5759.254584641215
노랑파프리카,2021-02-02,6149.684889344863,5688.02424421304
노랑파프리카,2021-02-09,4963.67473705795,5594.2616706512645
노랑파프리카,2021-02-16,6290.150302238197,4700.743878256898
노랑파프리카,2021-02-23,5896.338688707281,5703.973531704648
노랑파프리카,2021-03-02,5630.399082001457,5119.749669524233
노랑파프리카,2021-03-09,5108.371010098275,5054.264419750923
노랑파프리카,2021-03-16,5254.007388529999,4596.364538474935
노랑파프리카,2021-03-23,4470.609555043824,4769.247155390115
노랑파프리카,2021-03-30,3459.490392841453,4038.205059418195
노랑파프리카,2021-04-06,3411.491923628419,3094.019891347819
노랑파프리카,2021-04-13,3333.1127377078155,3174.408680678461
노랑파프리카,2021-04-20,3535.2522578343564,3238.428815598399
노랑파프리카,2021-04-27,2842.950344327655,3048.623297167549
노랑파프리카,2021-05-04,2215.848726424266,2391.9087969750285
노랑파프리카,2021-05-11,2477.7125321532053,2171.3533091571135
노랑파프리카,2021-05-18,3164.4818778946947,2495.8917646429218
노랑파프리카,2021-05-25,2788.1315995727327,2861.023493255923
노랑파프리카,2021-06-01,2347.579787322175,2322.4032811969364
노랑파프리카,2021-06-08,2196.5851592696886,2301.663182267623
노랑파프리카,2021-06-15,1968.8426549332726,2311.0391809112916
노랑파프리카,2021-06-22,2342.8617907339926,1982.8995392279328
노랑파프리카,2021-06-29,2831.8546116761095,2323.8659548580013
노랑파프리카,2021-07-06,2562.738213626124,2891.5788619359587
노랑파프리카,2021-07-13,1700.5848032015954,2378.228260840234
노랑파프리카,2021-07-20,1699.0299518033694,1786.3076161751615
노랑파프리카,2021-07-27,2204.608410140169,2284.178516909016
노랑파프리카,2021-08-03,2807.5572402745847,2757.858747766072
노랑파프리카,2021-08-10,4344.288272377168,3395.900680670089
노랑파프리카,2021-08-17,5304.085442101257,5523.174701335338
노랑파프리카,2021-08-24,5665.087159342008,4979.949295646384
노랑파프리카,2021-08-31,4972.754355836135,5196.867853614716
노랑파프리카,2021-09-07,4430.15740483038,5013.914040440255
노랑파프리카,2021-09-14,2875.834720431368,4598.222436124105
노랑파프리카,2021-09-21,2821.1466265085796,3199.0156668585328
노랑파프리카,2021-09-28,2605.2294448586727,2899.0725416590594
노랑파프리카,2021-10-05,2184.25343284813,2579.465582522581
노랑파프리카,2021-10-12,3806.988721888971,2483.7253252667097
노랑파프리카,2021-10-19,3969.528332334363,4063.288885501835
노랑파프리카,2021-10-26,2625.5159810806936,4087.0325219559754
노랑파프리카,2021-11-02,2177.6216291474866,2525.6191600602033
노랑파프리카,2021-11-09,2168.454956582893,2344.086375924658
노랑파프리카,2021-11-16,2388.5073510588636,2413.7078226502817
노랑파프리카,2021-11-23,2539.842248008789,2619.2538687145
노랑파프리카,2021-11-30,3294.1805288816663,2746.58927497884
노랑파프리카,2021-12-07,4051.3702110917425,3472.5015828115565
노랑파프리카,2021-12-14,4002.070114471278,4251.1124193601145
노랑파프리카,2021-12-21,4179.186041524993,4396.214898641292
노랑파프리카,2021-12-28,5190.830525606469,4710.218469114709
녹광,2021-01-05,3449.167469985102,2841.8345296530247
녹광,2021-01-12,4976.1033127456485,4181.415350231619
녹광,2021-01-19,7459.476442454462,5591.839607657606
녹광,2021-01-26,8738.0330040954,6898.620822953702
녹광,2021-02-02,11076.130198915009,7496.717774608429
녹광,2021-02-09,7374.096423408134,7409.32850183375
녹광,2021-02-16,9112.90735733599,5819.608149864309
녹광,2021-02-23,8350.250711897981,7224.344906649688
녹광,2021-03-02,5019.785313106923,6152.60991632143
녹광,2021-03-09,5798.572957545487,3937.1174626105576
녹광,2021-03-16,5694.141273318728,4390.261223308354
녹광,2021-03-23,5079.987108479756,4416.916897611826
녹광,2021-03-30,3384.7950819672133,3977.0914306412687
녹광,2021-04-06,3364.9762503492598,3251.7924677789597
녹광,2021-04-13,5217.053626920004,3268.4610479869352
녹광,2021-04-20,3891.533358969429,4289.451269019565
녹광,2021-04-27,3104.4249028484437,3395.1358150093606
녹광,2021-05-04,2981.463821119393,2929.0617523168785
녹광,2021-05-11,3519.9271320166845,2996.7503324025492
녹광,2021-05-18,4858.783959162485,3286.433305401843
녹광,2021-05-25,4403.300780184407,4387.31709732661
녹광,2021-06-01,5134.92405400604,3934.767689249319
녹광,2021-06-08,2942.7098961644415,4281.234272420401
녹광,2021-06-15,3752.255837088185,3030.8163308408225
녹광,2021-06-22,4818.254237288135,3509.5643866027185
녹광,2021-06-29,3933.54293971924,4186.2766625221975
녹광,2021-07-06,4470.951065891473,3444.338563816064
녹광,2021-07-13,3639.815157116451,3947.705924684952
녹광,2021-07-20,4586.388785046729,3186.4819044812148
녹광,2021-07-27,3204.8120326079634,4377.791638852024
녹광,2021-08-03,1368.9433530866502,3150.133239716042
녹광,2021-08-10,1631.1387389456759,1884.6636267980741
녹광,2021-08-17,1861.9948221828588,2225.2259634532197
녹광,2021-08-24,2559.2595557334403,2478.315198266636
녹광,2021-08-31,3103.0082604206295,3186.4957923024303
녹광,2021-09-07,4443.927247310521,3523.8468953016104
녹광,2021-09-14,3054.6315789473683,4763.279516996298
녹광,2021-09-21,1900.2461943243752,3272.846280416357
녹광,2021-09-28,2686.4955870665494,2160.844768170402
녹광,2021-10-05,3083.081404503228,2842.396155630856
녹광,2021-10-12,5864.839837228715,3327.2745376903636
녹광,2021-10-19,7600.038809831824,5356.895624693219
녹광,2021-10-26,5622.548368740516,6365.276524184509
녹광,2021-11-02,4797.092625195618,4513.225734008895
녹광,2021-11-09,3076.0874005982346,4335.597280012744
녹광,2021-11-16,2366.908689132665,2884.8109646970465
녹광,2021-11-23,2361.4703712810424,2460.685717195826
녹광,2021-11-30,2851.95261737363,2362.8840203431046
녹광,2021-12-07,2066.7068732012867,2846.648993684235
녹광,2021-12-14,1940.9472305752256,2370.8028191002904
녹광,2021-12-21,3191.3143018654605,2267.6900883395556
녹광,2021-12-28,3487.2564902991267,3509.677428676623
뉴그린,2021-01-05,2854.978354978355,2794.7589297064605
뉴그린,2021-01-12,3096.4895635673624,3122.717318973929
뉴그린,2021-01-19,2382.603406326034,3184.4354661064517
뉴그린,2021-01-26,2701.3250883392225,2526.6249527899545
뉴그린,2021-02-02,2526.184210526316,2348.078379215786
뉴그린,2021-02-09,1375.3799392097264,2505.5805392878992
뉴그린,2021-02-16,3065.3424657534247,1801.0324442410513
뉴그린,2021-02-23,3503.562340966921,2804.9992751943637
뉴그린,2021-03-02,4019.281914893617,2785.6738945409797
뉴그린,2021-03-09,3795.5555555555557,3049.32149667675
뉴그린,2021-03-16,3603.5714285714284,3139.8012601655832
뉴그린,2021-03-23,3441.0752688172042,2894.8846590796807
뉴그린,2021-03-30,7006.428571428572,2737.8597352628426
뉴그린,2021-04-06,3560.5187319884726,7063.8289723180205
뉴그린,2021-04-13,7414.310954063604,2750.0505029139917
뉴그린,2021-04-20,5094.054878048781,6224.948147612169
뉴그린,2021-04-27,7581.836734693878,4220.086015013492
뉴그린,2021-05-04,9390.322580645161,6441.609252501321
뉴그린,2021-05-11,5261.201298701299,6636.484794318035
뉴그린,2021-05-18,7968.913043478261,4244.867981072787
뉴그린,2021-05-25,5356.495468277945,6558.620674019573
뉴그린,2021-06-01,5846.374622356496,3705.237102153596
뉴그린,2021-06-08,5012.739726027397,4574.877028239226
뉴그린,2021-06-15,3998.3511154219204,4077.037406688138
뉴그린,2021-06-22,3471.618357487923,3159.0165062831074
뉴그린,2021-06-29,2986.642599277978,2851.390515031372
뉴그린,2021-07-06,1986.658031088083,3035.6642144896264
뉴그린,2021-07-13,5663.2009345794395,2249.6020550061567
뉴그린,2021-07-20,4928.4,4368.002969932083
뉴그린,2021-07-27,10526.923076923076,6297.416159014543
뉴그린,2021-08-03,6020.911949685535,8841.851241706578
뉴그린,2021-08-10,5471.304347826087,5496.959688517031
뉴그린,2021-08-17,3023.8805970149256,5005.747563971327
뉴그린,2021-08-24,8818.695652173914,3151.6019350023867
뉴그린,2021-08-31,8270.222222222223,6910.7136413709095
뉴그린,2021-09-07,10795.76923076923,7295.399446669591
뉴그린,2021-09-14,5098.993288590604,8520.58959150793
뉴그린,2021-09-21,2620.303605313093,5230.380049079206
뉴그린,2021-09-28,4561.5301724137935,2684.5752811778193
뉴그린,2021-10-05,6473.3490566037735,4363.128723093453
뉴그린,2021-10-12,9268.465430016864,5769.069965176568
뉴그린,2021-10-19,8441.522157996147,7312.060943308036
뉴그린,2021-10-26,2565.1162790697676,7136.834572231811
뉴그린,2021-11-02,1781.6430020283976,3084.670947064729
뉴그린,2021-11-09,2017.5398633257403,2524.1791344050125
뉴그린,2021-11-16,3675.0,2960.919438990762
뉴그린,2021-11-23,2534.945054945055,3800.5605696633097
뉴그린,2021-11-30,2726.95530726257,2638.229188699691
뉴그린,2021-12-07,3033.59173126615,2632.35862618051
뉴그린,2021-12-14,3653.0737704918033,3291.299470234435
뉴그린,2021-12-21,4744.956140350877,3324.030045839654
뉴그린,2021-12-28,3613.883495145631,5189.285519974232
느타리버섯(일반),2021-01-05,2543.0180584922327,1964.6853043493488
느타리버섯(일반),2021-01-12,2728.8002829433553,3028.559597266773
느타리버섯(일반),2021-01-19,2719.327020629016,3082.6929592824886
느타리버섯(일반),2021-01-26,3182.2283669029407,3082.4754084541255
느타리버섯(일반),2021-02-02,3730.8652939499593,2641.182003295065
느타리버섯(일반),2021-02-09,2350.819483487038,2801.1208245288635
느타리버섯(일반),2021-02-16,2272.160267869811,2176.669954610918
느타리버섯(일반),2021-02-23,2055.1513846453877,2250.7261647706623
느타리버섯(일반),2021-03-02,2486.400662547776,1951.699080119991
느타리버섯(일반),2021-03-09,2513.964784944078,2321.5308367315783
느타리버섯(일반),2021-03-16,2623.7164565147104,2305.212645136569
느타리버섯(일반),2021-03-23,2748.5297507748264,2306.045474968533
느타리버섯(일반),2021-03-30,2424.159356725146,2327.573109019716
느타리버섯(일반),2021-04-06,2165.3525037261925,2083.3212512218556
느타리버섯(일반),2021-04-13,2460.7753710437873,2002.3732446505248
느타리버섯(일반),2021-04-20,2134.754186630546,2180.5288168878465
느타리버섯(일반),2021-04-27,2360.2053298742244,1972.1426026326312
느타리버섯(일반),2021-05-04,2471.866959930526,2152.0537749506652
느타리버섯(일반),2021-05-11,1980.6269251379554,2203.158274632909
느타리버섯(일반),2021-05-18,2068.1596650460056,1793.8841648348944
느타리버섯(일반),2021-05-25,2225.6881245716654,1954.8752781057185
느타리버섯(일반),2021-06-01,2348.293420741502,2057.671240454821
느타리버섯(일반),2021-06-08,2261.4386405167115,2102.1216629556616
느타리버섯(일반),2021-06-15,1936.807751861369,2127.8122901473394
느타리버섯(일반),2021-06-22,1985.7294764579785,1789.0669932682486
느타리버섯(일반),2021-06-29,1900.0404562801075,1869.7953988570462
느타리버섯(일반),2021-07-06,1206.7581361324237,1896.996989173671
느타리버섯(일반),2021-07-13,1413.046356406534,1332.6836866931978
느타리버섯(일반),2021-07-20,1740.9330356491412,1500.3611458097714
느타리버섯(일반),2021-07-27,2313.2399939126467,2086.289112617137
느타리버섯(일반),2021-08-03,2223.5011141243326,2579.8347954504666
느타리버섯(일반),2021-08-10,2107.948243240494,2409.5115538079663
느타리버섯(일반),2021-08-17,2599.124687609724,2141.770875811756
느타리버섯(일반),2021-08-24,3320.464586932222,2616.4199541374755
느타리버섯(일반),2021-08-31,3502.2334887365955,2994.813620512594
느타리버섯(일반),2021-09-07,5367.429727161328,3145.638286760812
느타리버섯(일반),2021-09-14,3257.435460992908,4313.056062165209
느타리버섯(일반),2021-09-21,2988.018897579557,2430.0055575470687
느타리버섯(일반),2021-09-28,2674.8803694755075,2689.1769897232575
느타리버섯(일반),2021-10-05,2908.512951264129,2558.413575944881
느타리버섯(일반),2021-10-12,3828.5041998472784,2591.9445197327027
느타리버섯(일반),2021-10-19,3769.670980468274,3129.336076755051
느타리버섯(일반),2021-10-26,3452.9442862776195,3000.481542092033
느타리버섯(일반),2021-11-02,3046.917042090075,2926.3690679871106
느타리버섯(일반),2021-11-09,3426.5705342161764,2577.1084980842634
느타리버섯(일반),2021-11-16,2740.6069419955984,2948.6662533148024
느타리버섯(일반),2021-11-23,3293.457878318555,2493.7458490915574
느타리버섯(일반),2021-11-30,3031.3775981772455,2934.0264813867784
느타리버섯(일반),2021-12-07,2916.449507358598,2722.3827947073723
느타리버섯(일반),2021-12-14,2663.8326758331546,2757.616267720352
느타리버섯(일반),2021-12-21,3224.5533803419767,2637.395858674087
느타리버섯(일반),2021-12-28,3336.9722999211276,3021.991181049484
단호박,2021-01-05,2164.5995225760576,2250.018807254547
단호박,2021-01-12,2328.57678540992,2108.9051707248677
단호박,2021-01-19,1935.6273622129004,2304.5764973187856
단호박,2021-01-26,1408.824533454711,1947.5785526049478
단호박,2021-02-02,1502.536374360991,1396.4614412247097
단호박,2021-02-09,1980.952380952381,1349.6439071267437
단호박,2021-02-16,725.1620947630922,1673.3664327193485
단호박,2021-02-23,1304.7074729596854,1114.8796298109955
단호박,2021-03-09,1355.9322033898304,917.9281356326461
단호박,2021-03-16,1200.0,874.0840829689528
단호박,2021-03-23,2235.2430555555557,1407.9449753431813
단호박,2021-04-06,2074.468085106383,1235.2319604292861
단호박,2021-04-13,2000.0,1737.5972200751557
단호박,2021-04-20,2373.6702127659573,1724.0242078157505
단호박,2021-05-04,1958.2089552238806,1432.450987007366
단호박,2021-05-18,2357.1428571428573,1390.1790252710155
단호박,2021-05-25,2470.528455284553,1774.6131079932081
단호박,2021-06-01,3710.169491525424,2057.263434861354
단호박,2021-06-08,2490.847115263224,2998.7086300028386
단호박,2021-06-15,1724.4766355140187,2259.8373896059175
단호박,2021-06-22,1546.3339798416584,1656.2478108598975
단호박,2021-06-29,1380.6212636938303,1362.6695150342375
단호박,2021-07-06,1172.5900022560995,1194.057195764078
단호박,2021-07-13,1203.5170685875353,1091.9410101707786
단호박,2021-07-20,1141.7633252574196,1071.9323153706882
단호박,2021-07-27,1399.2334818114327,1181.816841970034
단호박,2021-08-03,1371.243532981793,1319.6208380282226
단호박,2021-08-10,1354.868505943902,1251.180317234985
단호박,2021-08-17,1302.9785910821304,1301.9845781691665
단호박,2021-08-24,1440.3736562621423,1343.9116782988401
단호박,2021-08-31,1423.2809840812356,1445.6897939437288
단호박,2021-09-07,1366.4686030134728,1450.5452271939766
단호박,2021-09-14,1828.6990333599826,1440.4283746716553
단호박,2021-09-21,1428.1431245465733,1793.0027129987122
단호박,2021-09-28,1347.9545738064264,1357.3791802438457
단호박,2021-10-05,1303.2715635115208,1381.9533365024668
단호박,2021-10-12,1377.1971469882392,1364.741944719062
단호박,2021-10-19,1309.9096665650527,1394.7583645576665
단호박,2021-10-26,1257.045618444747,1349.4695341102415
단호박,2021-11-02,1366.722302049934,1292.174890326356
단호박,2021-11-09,1528.0176951144692,1408.557278215394
단호박,2021-11-16,1473.7611649913038,1505.9134232452202
단호박,2021-11-23,1505.0168708932695,1515.3887629053718
단호박,2021-11-30,1414.181589129848,1495.6064797638273
단호박,2021-12-07,1412.7613833622647,1448.2082212573243
단호박,2021-12-14,1443.7738644782585,1500.565725943863
단호박,2021-12-21,1802.4598905684875,1440.4182031015846
단호박,2021-12-28,1888.5153674569178,1878.5943514055502
당근(일반),2021-01-05,1204.3266284525878,1134.8737178423821
당근(일반),2021-01-12,1254.1154599966173,1197.2772007529643
당근(일반),2021-01-19,1281.9163661299335,1229.4965270186992
당근(일반),2021-01-26,1183.9007842649073,1306.1064504339995
당근(일반),2021-02-02,1074.251986909771,1211.1808789959446
당근(일반),2021-02-09,1095.3696296644864,1119.7468797221436
당근(일반),2021-02-16,1095.739872468117,1094.8963572818268
당근(일반),2021-02-23,1007.6686851424705,1103.692161162145
당근(일반),2021-03-02,999.2429851736455,1008.3494479092033
당근(일반),2021-03-09,920.8969098453764,1008.5907157287927
당근(일반),2021-03-16,1003.8939790575917,952.2447468142058
당근(일반),2021-03-23,1225.0846546111075,1038.0847650376143
당근(일반),2021-03-30,1021.1343351395282,1196.1082380156374
당근(일반),2021-04-06,1115.033823523342,1024.443305950066
당근(일반),2021-04-13,1265.7950694175433,1105.1667336150992
당근(일반),2021-04-20,1117.1473483003879,1253.9840227141221
당근(일반),2021-04-27,1070.2548732573086,1127.7599869497471
당근(일반),2021-05-04,1039.0530285859345,1087.2505307320723
당근(일반),2021-05-11,1037.6959931108215,1031.0050038931445
당근(일반),2021-05-18,1030.932445244943,1023.6274386288171
당근(일반),2021-05-25,982.7035230315377,1020.8760016402842
당근(일반),2021-06-01,957.9856215294097,973.2694978023725
당근(일반),2021-06-08,891.1040343218149,939.0555139750107
당근(일반),2021-06-15,851.048062534425,890.4263378442171
당근(일반),2021-06-22,722.7079769817836,908.445794997522
당근(일반),2021-06-29,750.0035743172033,786.1570534923404
당근(일반),2021-07-06,851.1680777875551,809.9533563990237
당근(일반),2021-07-13,865.1571911410166,904.4979111067079
당근(일반),2021-07-20,791.8945772260757,927.925055576429
당근(일반),2021-07-27,802.592820900967,884.7799473000615
당근(일반),2021-08-03,896.7935096939674,845.3829808812584
당근(일반),2021-08-10,1051.2463971561162,922.532035704633
당근(일반),2021-08-17,982.1692392635864,1065.7685665070019
당근(일반),2021-08-24,913.895535127118,1032.619961794806
당근(일반),2021-08-31,1126.0014304988865,987.1438579056487
당근(일반),2021-09-07,1376.1903825139386,1132.8969689547157
당근(일반),2021-09-14,1386.8795203066081,1401.0166785805854
당근(일반),2021-09-21,1086.5489496474731,1435.524001622969
당근(일반),2021-09-28,1073.08681817156,1178.3002436762906
당근(일반),2021-10-05,982.1492657439537,1158.0091385317003
당근(일반),2021-10-12,876.3188582588828,1003.864023749092
당근(일반),2021-10-19,832.4938043446319,899.343565593506
당근(일반),2021-10-26,839.7040281908703,859.9376809146188
당근(일반),2021-11-02,1061.1197251973952,857.4971314806833
당근(일반),2021-11-09,1027.6829818250465,1032.5494187842066
당근(일반),2021-11-16,1063.3649454651625,1025.693055806667
당근(일반),2021-11-23,1104.0194292004423,1047.2819307365135
당근(일반),2021-11-30,869.5659038710913,1121.089349016214
당근(일반),2021-12-07,969.8951444334031,920.0979747709404
당근(일반),2021-12-14,890.1263005649964,970.2424199725461
당근(일반),2021-12-21,871.912075410369,908.4571398122421
당근(일반),2021-12-28,854.3417183451247,913.699997785017
대추방울,2021-01-05,5142.350314119549,4655.210054808452
대추방울,2021-01-12,5226.07393955754,5428.060013737122
대추방울,2021-01-19,4405.281785816304,5267.8921692627555
대추방울,2021-01-26,4237.238433694813,4570.749519599166
대추방울,2021-02-02,4003.036078314788,4324.246780305192
대추방울,2021-02-09,3591.9041028848865,4065.6758262722574
대추방울,2021-02-16,4283.261258758197,3479.836011058721
대추방울,2021-02-23,5545.366173100011,4309.18967084446
대추방울,2021-03-02,6276.369626695705,5170.756718085238
대추방울,2021-03-09,5301.691093573844,5966.957234629206
대추방울,2021-03-16,4228.869290990832,4957.4901326914005
대추방울,2021-03-23,5323.143400518337,4213.517088621466
대추방울,2021-03-30,5083.422316831114,4943.810517822746
대추방울,2021-04-06,4562.879694913751,4818.263065061819
대추방울,2021-04-13,3945.8234225084852,4324.552032319744
대추방울,2021-04-20,3796.0221572818073,3761.4368017360352
대추방울,2021-04-27,3649.758367773842,3412.9963078650558
대추방울,2021-05-04,3766.4360796857904,3260.577547788758
대추방울,2021-05-11,3056.4137338081064,3423.8549361834907
대추방울,2021-05-18,2517.1163847375046,2867.5037431192136
대추방울,2021-05-25,2543.7780364544888,2520.7038329988122
대추방울,2021-06-01,3087.871356400231,2535.435604313654
대추방울,2021-06-08,2967.8532343902257,2932.634375748903
대추방울,2021-06-15,2318.130253095372,2845.089507102253
대추방울,2021-06-22,2459.6598196730083,2353.4661644503335
대추방울,2021-06-29,2607.2978282000317,2524.103334920129
대추방울,2021-07-06,2822.200611093912,2743.9469917330257
대추방울,2021-07-13,3016.868934150191,3007.130997715324
대추방울,2021-07-20,2597.3270514643445,3083.024587356012
대추방울,2021-07-27,2973.192648525077,2873.7940020774695
대추방울,2021-08-03,3341.7823011966666,3239.8971282462403
대추방울,2021-08-10,3651.021235109527,3561.011404604979
대추방울,2021-08-17,5504.061942830851,3836.3605507926286
대추방울,2021-08-24,5543.224843039101,5251.376358103011
대추방울,2021-08-31,5555.209104644345,5348.774740333754
대추방울,2021-09-07,4459.7164260951195,5281.959591680909
대추방울,2021-09-14,4255.141471451181,5010.715911974939
대추방울,2021-09-21,3683.6557936768195,4641.49460248115
대추방울,2021-09-28,3466.1559950666447,3479.0115890201837
대추방울,2021-10-05,2967.6217411832567,3437.2517685064827
대추방울,2021-10-12,2978.358032220058,3091.5498168165313
대추방울,2021-10-19,4938.718811965934,3141.161115710762
대추방울,2021-10-26,5057.0520982545495,5133.995973607043
대추방울,2021-11-02,4966.2976479699555,5101.900168324807
대추방울,2021-11-09,5289.76573753772,5079.288439615443
대추방울,2021-11-16,4857.691119768056,5163.8999374430605
대추방울,2021-11-23,4095.9070012173315,5074.806354547399
대추방울,2021-11-30,4548.358433527682,4144.169633312088
대추방울,2021-12-07,5016.6755484902405,4642.500272070952
대추방울,2021-12-14,5164.950149228907,5144.103222337307
대추방울,2021-12-21,6172.860133311298,5170.920281862481
대추방울,2021-12-28,5967.420095531726,6300.302277960023
대파(일반),2021-01-05,3044.6127718248526,2498.673532389454
대파(일반),2021-01-12,2784.7164374914037,2581.724847952019
대파(일반),2021-01-19,3646.19966455056,2711.8927222281873
대파(일반),2021-01-26,4033.4930473433105,3102.223773904371
대파(일반),2021-02-02,4294.7548666724415,3018.918357958273
대파(일반),2021-02-09,4536.922789771666,3037.31199116307
대파(일반),2021-02-16,5309.016177816922,3251.6519274903862
대파(일반),2021-02-23,5031.0909121703635,3999.5726425465086
대파(일반),2021-03-02,4061.540393193458,3613.217718584255
대파(일반),2021-03-09,4122.66312355796,2931.7606220526327
대파(일반),2021-03-16,4173.413233464864,3151.0422189711026
대파(일반),2021-03-23,4114.8059765396265,3166.796736869137
대파(일반),2021-03-30,4161.120858491756,3224.346808615598
대파(일반),2021-04-06,4062.765561091289,3228.606504611899
대파(일반),2021-04-13,3508.240389102581,3087.0267914779106
대파(일반),2021-04-20,2975.155515484618,2714.795385036489
대파(일반),2021-04-27,3193.1846823847422,2407.5984223707615
대파(일반),2021-05-04,1961.8199646283101,2588.1476697118533
대파(일반),2021-05-11,1566.9789840865064,1837.5830473962108
대파(일반),2021-05-18,1207.3473486788653,1633.9485268104945
대파(일반),2021-05-25,1119.4491210122615,1168.9698532851487
대파(일반),2021-06-01,965.5921716559917,1112.7966416663992
대파(일반),2021-06-08,769.1356023539616,947.6833681573328
대파(일반),2021-06-15,768.0335301071823,892.4421436330761
대파(일반),2021-06-22,820.5366659272524,875.2066388836201
대파(일반),2021-06-29,779.1299101850614,885.3023710097995
대파(일반),2021-07-06,730.7343845125778,912.429370156914
대파(일반),2021-07-13,726.3098639272431,879.7170799716206
대파(일반),2021-07-20,723.9412103933084,890.1104352858365
대파(일반),2021-07-27,1358.613766521122,994.679934492793
대파(일반),2021-08-03,1142.1674580036968,1535.4081771516983
대파(일반),2021-08-10,978.4205745503973,1328.95055971359
대파(일반),2021-08-17,1172.6402616805294,1210.384227701692
대파(일반),2021-08-24,1207.187988257637,1389.9397290138527
대파(일반),2021-08-31,1321.7312728190498,1422.72818946421
대파(일반),2021-09-07,1790.3825816761566,1497.41728783819
대파(일반),2021-09-14,1138.7843417015658,1850.0984841198438
대파(일반),2021-09-21,1034.7124952243933,1259.8821811143787
대파(일반),2021-09-28,1033.3208247806226,1214.354798853494
대파(일반),2021-10-05,1196.7850711567098,1166.6555211618977
대파(일반),2021-10-12,1367.2453231946197,1309.710141084624
대파(일반),2021-10-19,1376.2014187147993,1446.4060757903617
대파(일반),2021-10-26,1318.1687116252456,1495.3798571545826
대파(일반),2021-11-02,1714.3346039545497,1444.7299857581386
대파(일반),2021-11-09,1362.8165042120897,1704.6572705780159
대파(일반),2021-11-16,1183.115480470065,1443.4662302599515
대파(일반),2021-11-23,1541.97205554384,1279.0893764657083
대파(일반),2021-11-30,1090.8615544373592,1530.638170832335
대파(일반),2021-12-07,1061.0022858255081,1195.0347583882647
대파(일반),2021-12-14,1097.0715449035715,1164.2175537290868
대파(일반),2021-12-21,1223.4445769541448,1171.389625413904
대파(일반),2021-12-28,1099.788689856116,1325.9305115242391
돌미나리,2021-01-05,6997.12398194051,4938.555254261349
돌미나리,2021-01-12,6799.023788150808,5633.190916064585
돌미나리,2021-01-19,4646.825535289453,5496.198116725462
돌미나리,2021-01-26,4441.005712145332,4445.106144968511
돌미나리,2021-02-02,5826.620811767911,3894.0656846079796
돌미나리,2021-02-09,2916.610292137857,4413.008067853159
돌미나리,2021-02-16,2576.1218108431335,2541.4033060720208
돌미나리,2021-02-23,2584.9303437759913,2238.249676688085
돌미나리,2021-03-02,2946.8971991180388,2377.3269470805303
돌미나리,2021-03-09,3055.2241992344693,2499.8815773350398
돌미나리,2021-03-16,2243.595710235909,2397.38824063847
돌미나리,2021-03-23,1936.328640223126,2064.4108043955516
돌미나리,2021-03-30,1758.196058650378,1814.5250687682485
돌미나리,2021-04-06,1693.034268264325,1645.4406651704119
돌미나리,2021-04-13,1729.8307239390163,1604.2910659003467
돌미나리,2021-04-20,1913.7923742459047,1562.9130798918306
돌미나리,2021-04-27,3045.746351121138,1769.448787020458
돌미나리,2021-05-04,2064.8347869580166,2445.3792244154706
돌미나리,2021-05-11,2572.925298286128,1946.387572688958
돌미나리,2021-05-18,2098.525555417381,2400.856943999438
돌미나리,2021-05-25,1966.5811416705974,1952.2703832770885
돌미나리,2021-06-01,1600.508101212904,1844.1725246849846
돌미나리,2021-06-08,1499.9421606220947,1633.08205377993
돌미나리,2021-06-15,1545.1694378982281,1496.3430159672903
돌미나리,2021-06-22,1574.5640261925332,1517.9721095218492
돌미나리,2021-06-29,1613.6878709411305,1515.5871061550324
돌미나리,2021-07-06,1689.8424543946933,1561.157183115084
돌미나리,2021-07-13,2283.196539812819,1581.4204127902065
돌미나리,2021-07-20,2296.737379948466,2224.5295436717493
돌미나리,2021-07-27,4432.762890853428,2790.686009394433
돌미나리,2021-08-03,4016.1558401951816,4799.148314947543
돌미나리,2021-08-10,4956.271358484182,4368.377336456054
돌미나리,2021-08-17,5564.484370961552,5620.147003953959
돌미나리,2021-08-24,6075.398501872659,5307.754642846235
돌미나리,2021-08-31,6456.088161486915,5836.330389082936
돌미나리,2021-09-07,8231.580229037778,5690.063623907062
돌미나리,2021-09-14,9196.244409027813,5900.068527928394
돌미나리,2021-09-21,3646.977721534808,5687.043133692706
돌미나리,2021-09-28,4935.220492650245,3333.1186042819054
돌미나리,2021-10-05,4071.8104106243322,4145.822205849439
돌미나리,2021-10-12,5901.982680700936,3418.8746823234806
돌미나리,2021-10-19,5122.0575414123805,4459.101483526739
돌미나리,2021-10-26,3431.813189756777,4036.7848714602974
돌미나리,2021-11-02,5350.590183423913,3258.5150027039385
돌미나리,2021-11-09,4980.782739987286,4604.309281321098
돌미나리,2021-11-16,6242.213925078558,4324.663835697252
돌미나리,2021-11-23,7283.820995054698,5437.7443012175345
돌미나리,2021-11-30,6691.417059596506,6188.692594615841
돌미나리,2021-12-07,6247.350019864919,5404.644890214326
돌미나리,2021-12-14,7480.049293898215,5451.6408915549555
돌미나리,2021-12-21,10238.133241688305,5947.178909556869
돌미나리,2021-12-28,9566.962277652832,8691.200852106707
레드치커리,2021-01-05,4414.479601670414,3276.337867245142
레드치커리,2021-01-12,3445.582306830907,4400.817016659856
레드치커리,2021-01-19,2983.1086237598574,3819.1569616617
레드치커리,2021-01-26,2612.096224614965,3168.547926103195
레드치커리,2021-02-02,2629.9832073887487,2690.4248271575484
레드치커리,2021-02-09,2228.971155799309,2766.2148184212374
레드치커리,2021-02-16,2026.2134517031748,2308.0827988483184
레드치커리,2021-02-23,2394.754113098984,2092.9558358619593
레드치커리,2021-03-02,2749.980176429775,2318.9565983230514
레드치커리,2021-03-09,3138.7837272537126,2562.5703573681585
레드치커리,2021-03-16,3418.185311230651,3036.7775538229694
레드치커리,2021-03-23,4456.194913120121,3242.1132343337517
레드치커리,2021-03-30,4494.546552186745,3808.4826805569323
레드치커리,2021-04-06,5293.151941302354,3783.6460742270765
레드치커리,2021-04-13,4069.298422968055,4416.763483162963
레드치커리,2021-04-20,5402.741040955631,3421.1123144712788
레드치커리,2021-04-27,7465.546985995535,4616.238543530281
레드치커리,2021-05-04,8511.986778009743,6014.507925397121
레드치커리,2021-05-11,7391.605571847507,6096.194323210086
레드치커리,2021-05-18,7717.998567481838,5005.199580888492
레드치커리,2021-05-25,9499.900918753377,4899.679276931323
레드치커리,2021-06-01,5678.961281293734,5965.200054314013
레드치커리,2021-06-08,4621.205357142857,4508.3311407132205
레드치커리,2021-06-15,3798.0534454693434,3963.617526467272
레드치커리,2021-06-22,4043.601416287304,3560.890814706313
레드치커리,2021-06-29,3878.5591026747197,3627.466748600447
레드치커리,2021-07-06,3746.576933588412,3636.6354154978685
레드치커리,2021-07-13,4401.906017741549,3406.5076759072294
레드치커리,2021-07-20,4639.423456627616,3740.3635864493217
레드치커리,2021-07-27,5529.463414634146,4707.388453502091
레드치커리,2021-08-03,4577.047652336013,5225.117592758275
레드치커리,2021-08-10,5036.653976311337,4276.582078460264
레드치커리,2021-08-17,4029.5969037534687,4960.024932889393
레드치커리,2021-08-24,7905.960437272254,3619.8295362286017
레드치커리,2021-08-31,9875.13827961091,6186.437742955039
레드치커리,2021-09-07,12424.428274428274,6507.553524469689
레드치커리,2021-09-14,5584.127625201939,8168.575667181954
레드치커리,2021-09-21,4256.703511542221,4151.352028209273
레드치커리,2021-09-28,3580.342189599917,3779.8880970897008
레드치커리,2021-10-05,4638.385932067397,3241.5128398041998
레드치커리,2021-10-12,5220.686767169179,4060.0359043922604
레드치커리,2021-10-19,5998.073970690858,3989.977251811743
레드치커리,2021-10-26,4023.7638085218305,4960.996026228437
레드치커리,2021-11-02,3690.707434052758,3145.7563610210527
레드치커리,2021-11-09,3290.6045282151476,3271.5033483238544
레드치커리,2021-11-16,3224.074483368328,2994.174991766323
레드치커리,2021-11-23,3172.4625623960064,3109.3075878916625
레드치커리,2021-11-30,3366.209811707442,3085.3834366132046
레드치커리,2021-12-07,3276.560615199035,3365.428533472819
레드치커리,2021-12-14,4367.1412053765,3407.228948919089
레드치커리,2021-12-21,5045.442145942259,4290.548877707349
레드치커리,2021-12-28,5422.850710567047,4874.977967013054
마늘,2021-01-05,5741.1853490658805,5386.0168383337605
마늘,2021-01-12,5763.019007848573,5763.2817273519395
마늘,2021-01-19,5660.423627264397,5651.345889170261
마늘,2021-01-26,5866.1695269227275,5346.003311877866
마늘,2021-02-02,6117.603993344426,5592.037515863621
마늘,2021-02-09,5913.9785171443955,5967.7035781596305
마늘,2021-02-16,5923.24516785351,5601.735945083631
마늘,2021-02-23,6031.0020627510585,5639.520541710101
마늘,2021-03-02,5970.888407367281,5983.306599658839
마늘,2021-03-09,5995.3705414895585,5980.184037608648
마늘,2021-03-16,6420.450477326969,5941.5782142772305
마늘,2021-03-23,6435.447328354962,6079.21672937973
마늘,2021-03-30,6521.628701594533,5977.807064465393
마늘,2021-04-06,6583.137115493193,6178.919078318294
마늘,2021-04-13,5922.247898579412,6154.806572866834
마늘,2021-04-20,6699.599372931545,5790.821311694581
마늘,2021-04-27,6587.573930799957,6205.847418551698
마늘,2021-05-04,6523.269931928804,6080.077958904952
마늘,2021-05-11,6521.263157894737,6145.283840677672
마늘,2021-05-18,4930.782394785148,6170.3983896743575
마늘,2021-05-25,4265.676830940572,5132.894066947731
마늘,2021-06-01,3845.8273384080394,4374.528963784797
마늘,2021-06-08,3678.654042255763,3720.6318155239614
마늘,2021-06-15,4287.080046717242,3504.7185012492405
마늘,2021-06-22,4214.301353914614,4269.822383741222
마늘,2021-06-29,4478.937763957282,4375.759606958581
마늘,2021-07-06,4476.458743737115,4368.045369814216
마늘,2021-07-13,5573.890979334884,4508.95731473617
마늘,2021-07-20,4754.921510514298,5369.50388297619
마늘,2021-07-27,4541.575767785654,5605.265446981039
마늘,2021-08-03,4488.2722897645535,4832.56731860019
마늘,2021-08-10,4884.23824092202,4924.56239706949
마늘,2021-08-17,3948.203024896993,5479.30907958562
마늘,2021-08-24,4700.226009069449,4294.6092855447005
마늘,2021-08-31,4177.986666111766,5042.778473636415
마늘,2021-09-07,4189.842034480528,4696.090513749515
마늘,2021-09-14,4819.240218969886,4762.215292154755
마늘,2021-09-21,3883.6737111933276,5394.215983902886
마늘,2021-09-28,4477.859994993175,3923.3690811843726
마늘,2021-10-05,4046.8758254941426,4640.732940992443
마늘,2021-10-12,3781.8208713487224,4204.63804154936
마늘,2021-10-19,4304.248801482316,3843.2429473180746
마늘,2021-10-26,4291.417032227497,4488.914207141584
마늘,2021-11-02,4126.43105732293,4581.274768836255
마늘,2021-11-09,4122.220319022272,4452.546322393221
마늘,2021-11-16,5098.211426641455,4324.108689877276
마늘,2021-11-23,4397.9473829513245,5195.104664422158
마늘,2021-11-30,4402.644417910794,4735.162570869385
마늘,2021-12-07,4677.90497199713,4767.179932153729
마늘,2021-12-14,5072.051150171392,4853.828640013175
마늘,2021-12-21,3702.9002751562202,5366.188922869751
마늘,2021-12-28,4958.032745539644,3921.095225240908
만생양파,2021-01-05,1608.2537583218884,1423.2911516575796
만생양파,2021-01-12,1560.7672544121117,1562.8735316491172
만생양파,2021-01-19,1582.844594467415,1482.375321498772
만생양파,2021-01-26,1590.4541683737596,1468.0827452301864
만생양파,2021-02-02,1772.8668044827496,1452.4941827134996
만생양파,2021-02-09,1922.1635468124716,1678.2093857958157
만생양파,2021-02-16,1897.6261101026464,1734.7061724609493
만생양파,2021-02-23,1706.6259722413083,1776.6724425216291
만생양파,2021-03-02,1680.6109713793658,1576.1797430246256
만생양파,2021-03-09,1912.5078161670003,1541.61030470632
만생양파,2021-03-16,1514.3254878821654,1715.5445903360999
만생양파,2021-03-23,1408.4941403598739,1429.1354088557182
만생양파,2021-03-30,1251.087386318703,1410.6238730967107
만생양파,2021-04-06,2300.0,1302.7803460775187
만생양파,2021-05-11,1466.6666666666667,843.3690197362611
만생양파,2021-05-25,521.0269116938537,838.728113282699
만생양파,2021-06-01,548.6127314173257,614.8984580837871
만생양파,2021-06-08,697.2835412927517,593.4199151294627
만생양파,2021-06-15,668.7050209712719,696.6292611958327
만생양파,2021-06-22,540.4609044594448,686.0499850445688
만생양파,2021-06-29,653.080981645789,556.5006879609772
만생양파,2021-07-06,574.4500085473418,700.4800252335472
만생양파,2021-07-13,684.0605650428165,652.4025564007674
만생양파,2021-07-20,654.4381090019368,726.8902045791797
만생양파,2021-07-27,862.7006583021331,761.8940041512612
만생양파,2021-08-03,779.2607200148396,889.232281440366
만생양파,2021-08-10,850.8399958834767,819.6914619374525
만생양파,2021-08-17,814.5821259077605,901.136535089868
만생양파,2021-08-24,922.6138811107289,848.5885764111679
만생양파,2021-08-31,906.3320728504474,960.9821563619471
만생양파,2021-09-07,849.1576797555576,902.02054672338
만생양파,2021-09-14,828.68536963654,904.8935585984442
만생양파,2021-09-21,812.3380081002907,863.288071421728
만생양파,2021-09-28,866.0654986578506,833.3537641286094
만생양파,2021-10-05,882.1522653782289,897.011919760646
만생양파,2021-10-12,907.1892611356152,897.5494329955001
만생양파,2021-10-19,911.5415846880983,896.3802568974995
만생양파,2021-10-26,870.7643844543202,939.5342907660271
만생양파,2021-11-02,887.1532715650362,893.983256302169
만생양파,2021-11-09,865.1929972579625,891.9971185377681
만생양파,2021-11-16,818.9376505289779,887.6818623147
만생양파,2021-11-23,793.3146085849471,832.1812501523256
만생양파,2021-11-30,777.9202748235707,831.0950151208745
만생양파,2021-12-07,663.110610200077,800.1318043553517
만생양파,2021-12-14,641.0079583720209,722.7353430057484
만생양파,2021-12-21,667.1242451391406,641.7066392512571
만생양파,2021-12-28,631.6847149362354,717.1743098259001
맛느타리버섯,2021-01-05,5250.095506773634,2887.3234532250763
맛느타리버섯,2021-01-12,3798.4928942807624,4891.097332890429
맛느타리버섯,2021-01-19,3226.727705300664,3458.5237459301475
맛느타리버섯,2021-01-26,3685.988740396678,2989.7070616932137
맛느타리버섯,2021-02-02,4852.158989787703,2960.794258729914
맛느타리버섯,2021-02-09,2388.063023163116,4186.0853243485735
맛느타리버섯,2021-02-16,2233.946865991989,2380.8083859250582
맛느타리버섯,2021-02-23,2502.260474430068,2378.1546669657505
맛느타리버섯,2021-03-02,2799.2732616932058,2435.0271042288246
맛느타리버섯,2021-03-09,3337.008392732447,2678.4793522448135
맛느타리버섯,2021-03-16,2789.8029515577664,3049.309997024397
맛느타리버섯,2021-03-23,3120.8708642084866,2512.490893076605
맛느타리버섯,2021-03-30,2779.8473199489254,2638.109688532164
맛느타리버섯,2021-04-06,2489.2543477386394,2515.448580476765
맛느타리버섯,2021-04-13,2193.6871905485564,2370.0071039679983
맛느타리버섯,2021-04-20,2504.8072956567858,2153.369393351931
맛느타리버섯,2021-04-27,3021.8996956242495,2330.3364912660463
맛느타리버섯,2021-05-04,2621.1710239651416,2597.2414903300523
맛느타리버섯,2021-05-11,2836.792924809967,2399.0471243489915
맛느타리버섯,2021-05-18,3223.90443420113,2545.2354142461386
맛느타리버섯,2021-05-25,3580.139551316022,2761.4303806656335
맛느타리버섯,2021-06-01,2916.369380536324,3006.621179309319
맛느타리버섯,2021-06-08,1980.91642228739,2626.354226133816
맛느타리버섯,2021-06-15,1975.9459607136027,2007.8813422470828
맛느타리버섯,2021-06-22,1694.1486693510121,2123.5908182461935
맛느타리버섯,2021-06-29,2087.250074078255,1923.9557056475412
맛느타리버섯,2021-07-06,1620.699233859526,2247.689967527662
맛느타리버섯,2021-07-13,1904.823282398227,1780.126950069522
맛느타리버섯,2021-07-20,2298.611858201315,1977.274962276151
맛느타리버섯,2021-07-27,2816.178457280306,2573.8547275402666
맛느타리버섯,2021-08-03,2313.3573172669876,2867.5807290669977
맛느타리버섯,2021-08-10,2726.9841269841268,2604.617989236509
맛느타리버섯,2021-08-17,3129.3874419199456,2915.632295397221
맛느타리버섯,2021-08-24,3490.804334657064,3325.333535060119
맛느타리버섯,2021-08-31,4031.6090198773254,3559.283582638694
맛느타리버섯,2021-09-07,7330.421708484688,3753.501081314741
맛느타리버섯,2021-09-14,5572.943455228583,6427.391561744291
맛느타리버섯,2021-09-21,2353.5085974136705,4145.120463523766
맛느타리버섯,2021-09-28,3152.3854794360263,2366.578969733303
맛느타리버섯,2021-10-05,3092.402870939807,3039.992508721476
맛느타리버섯,2021-10-12,4187.144208037825,3009.241444213724
맛느타리버섯,2021-10-19,3444.7346200241254,3878.937447985722
맛느타리버섯,2021-10-26,3297.1523500556364,3051.057149836639
맛느타리버섯,2021-11-02,3500.4232238349887,3000.6770785143594
맛느타리버섯,2021-11-09,3485.666288167494,3079.4991757456646
맛느타리버섯,2021-11-16,2855.194432943724,3134.2650573970095
맛느타리버섯,2021-11-23,3580.2584519873135,2772.4995934705007
맛느타리버섯,2021-11-30,4058.225395859684,3575.752960884483
맛느타리버섯,2021-12-07,3537.1322418896875,3649.127581653713
맛느타리버섯,2021-12-14,4042.756145976485,3526.2003045306883
맛느타리버섯,2021-12-21,5717.227361204416,3744.271430698662
맛느타리버섯,2021-12-28,3798.131577727294,5448.362620802864
미나리(일반),2021-01-05,4239.805366934166,3868.5773540242717
미나리(일반),2021-01-12,5046.419184924262,4555.752574860297
미나리(일반),2021-01-19,5009.334911182369,5165.6190918475795
미나리(일반),2021-01-26,6273.167004274767,4757.021541409798
미나리(일반),2021-02-02,7431.895679984949,5299.139316811821
미나리(일반),2021-02-09,3604.2361199308316,5579.282444778296
미나리(일반),2021-02-16,4869.063978432586,3402.774274557366
미나리(일반),2021-02-23,4102.278052925676,4280.510156386237
미나리(일반),2021-03-02,4594.0041205575235,3901.6802338441184
미나리(일반),2021-03-09,4742.110499336751,4164.596935926269
미나리(일반),2021-03-16,4275.994307279007,4226.951810349429
미나리(일반),2021-03-23,3837.849530747143,3888.0914734231983
미나리(일반),2021-03-30,3539.794446084879,3335.7515512670752
미나리(일반),2021-04-06,3262.982367141308,3160.4631074229587
미나리(일반),2021-04-13,2865.4183523683364,3057.229298341344
미나리(일반),2021-04-20,2580.002368888068,2763.2006832282123
미나리(일반),2021-04-27,4372.1748981019755,2492.5160444883672
미나리(일반),2021-05-04,3162.039795874144,3848.001860947161
미나리(일반),2021-05-11,3333.4477317118926,2979.742708254596
미나리(일반),2021-05-18,2878.063194796331,3095.1131891664386
미나리(일반),2021-05-25,3060.1350825936747,2721.597154451492
미나리(일반),2021-06-01,2999.648796062259,2667.181572994943
미나리(일반),2021-06-08,2163.103177716752,2741.267778103416
미나리(일반),2021-06-15,1522.375690607735,2183.808155342301
미나리(일반),2021-06-22,1746.0954834102674,1609.1878935727964
미나리(일반),2021-06-29,2090.222388039814,1931.1310018874337
미나리(일반),2021-07-06,1604.297292483078,2304.7205644755863
미나리(일반),2021-07-13,2353.434656372159,1622.357362826157
미나리(일반),2021-07-20,2168.7119080014163,2428.8229116653
미나리(일반),2021-07-27,4340.095490273753,2869.651363261474
미나리(일반),2021-08-03,5188.871034288072,4881.98008364511
미나리(일반),2021-08-10,6182.05318556619,5336.950505471635
미나리(일반),2021-08-17,6701.197890507283,6657.613203502652
미나리(일반),2021-08-24,6270.511473279963,6353.333398070877
미나리(일반),2021-08-31,7815.91853142168,5957.312218941758
미나리(일반),2021-09-07,11023.072349435155,6860.824214853301
미나리(일반),2021-09-14,9267.583380650258,7238.928021398484
미나리(일반),2021-09-21,3665.2203755454234,6809.055584691712
미나리(일반),2021-09-28,4909.299615017836,3526.2453624247382
미나리(일반),2021-10-05,5453.7081732347315,4546.103152268603
미나리(일반),2021-10-12,6740.164415736935,4895.569330468769
미나리(일반),2021-10-19,7323.436798563458,5645.670243318652
미나리(일반),2021-10-26,7794.353447748596,6232.719532439928
미나리(일반),2021-11-02,6754.667930996754,5800.241021840833
미나리(일반),2021-11-09,7840.093807516476,5611.933760627903
미나리(일반),2021-11-16,8045.461927435131,6601.426832075641
미나리(일반),2021-11-23,7835.280447881577,6421.657471163746
미나리(일반),2021-11-30,5759.613354813621,6108.405303863841
미나리(일반),2021-12-07,4834.473510761608,4914.023511515107
미나리(일반),2021-12-14,5543.023558505792,4164.6917192933715
미나리(일반),2021-12-21,7130.999168077111,5003.070077187303
미나리(일반),2021-12-28,5561.677137394155,6275.63924825615
밤고구마,2021-01-05,3663.650580875782,2947.0558879514233
밤고구마,2021-01-12,3455.0972304066,3796.8275138094614
밤고구마,2021-01-19,3325.1329787234044,3400.7312549473163
밤고구마,2021-01-26,3198.1015270326043,3176.778262001597
밤고구마,2021-02-02,2937.2889771598807,3004.4075456099486
밤고구마,2021-02-09,3213.721739130435,2872.1074929694387
밤고구마,2021-02-16,2898.1620271234833,2910.7219558660627
밤고구마,2021-02-23,3085.238,2825.8511372843786
밤고구마,2021-03-02,2939.5054484492875,2753.054748770614
밤고구마,2021-03-09,2843.720930232558,2739.5645817150307
밤고구마,2021-03-16,3670.0331674958543,2711.691109979319
밤고구마,2021-03-23,3083.1722602940317,3383.254774934871
밤고구마,2021-03-30,3475.0095093191326,2946.98263257672
밤고구마,2021-04-06,3614.6722790138306,3393.073927756099
밤고구마,2021-04-13,4007.3452178415564,3557.8422249780524
밤고구마,2021-04-20,4027.155813036489,3875.4638936186298
밤고구마,2021-04-27,3458.2106155313063,3911.1125042975277
밤고구마,2021-05-04,4127.62224710713,3495.2234571365434
밤고구마,2021-05-11,3723.563998190864,4006.0915517404183
밤고구마,2021-05-18,4050.0829187396353,3541.3051334387887
밤고구마,2021-05-25,4418.832891246684,3923.891187362393
밤고구마,2021-06-01,4372.387425658454,4398.746608361146
밤고구마,2021-06-08,4076.5753424657532,4358.270367910056
밤고구마,2021-06-15,3672.842065586129,3840.250069119441
밤고구마,2021-06-22,3277.7172001406966,3591.083847060095
밤고구마,2021-06-29,2624.965800273598,3084.636046144432
밤고구마,2021-07-06,2273.4010534236268,2814.175611395233
밤고구마,2021-07-13,2283.176470588235,2298.627647034741
밤고구마,2021-07-20,2255.431795878312,2371.649034330863
밤고구마,2021-07-27,2588.4700722394223,2272.5157612306284
밤고구마,2021-08-03,2321.590909090909,2538.837213070593
밤고구마,2021-08-10,2356.8783551838733,2212.989595490214
밤고구마,2021-08-17,2517.0252751555226,2200.623514589907
밤고구마,2021-08-24,2753.758651991376,2430.978265327224
밤고구마,2021-08-31,2285.5596989626415,2553.5973065785884
밤고구마,2021-09-07,1480.1838703804842,2275.517898612307
밤고구마,2021-09-14,1819.5238095238096,1610.1486192408108
밤고구마,2021-09-21,1507.5659887494592,1838.4359253446596
밤고구마,2021-09-28,1638.2038216560509,1644.122880897852
밤고구마,2021-10-05,1909.5755622600109,1684.6052236420517
밤고구마,2021-10-12,1801.633201357466,1802.3708270100676
밤고구마,2021-10-19,1550.707182642676,1838.168322239296
밤고구마,2021-10-26,1463.608029582673,1633.2673162106285
밤고구마,2021-11-02,1238.877887788779,1547.005007839832
밤고구마,2021-11-09,1599.8256182625237,1324.3942518850254
밤고구마,2021-11-16,1355.322105263158,1696.8580057820682
밤고구마,2021-11-23,1680.1113422243975,1395.67635066343
밤고구마,2021-11-30,1431.5044442005926,1751.217065660668
밤고구마,2021-12-07,1456.0408921933085,1569.8042522912301
밤고구마,2021-12-14,1349.058861930149,1631.309407647895
밤고구마,2021-12-21,1548.6212684330417,1592.465480175915
밤고구마,2021-12-28,1593.1433334711141,1699.9588956429388
방울토마토,2021-01-05,3175.16444909553,2490.7411315744603
방울토마토,2021-01-12,2822.6097952766672,3417.440242877711
방울토마토,2021-01-19,3037.6318323129726,3318.3327974768717
방울토마토,2021-01-26,2699.7846642828763,3320.032784211521
방울토마토,2021-02-02,2165.200275666193,2955.346215714898
방울토마토,2021-02-09,2400.4088373856066,2334.262482827412
방울토마토,2021-02-16,3282.331419196062,2369.808874258705
방울토마토,2021-02-23,5378.398633985499,3347.320438086701
방울토마토,2021-03-02,5254.855712408513,4447.482456370495
방울토마토,2021-03-09,3346.1984128603194,4046.3353375841834
방울토마토,2021-03-16,3343.4921230307577,3139.8158208377845
방울토마토,2021-03-23,4887.005093555868,3352.6849022013953
방울토마토,2021-03-30,4821.647918262443,4367.002814910232
방울토마토,2021-04-06,3161.6426265886626,4346.067259775799
방울토마토,2021-04-13,2615.191788543119,2931.721494456617
방울토마토,2021-04-20,2583.69468477046,2539.273153738873
방울토마토,2021-04-27,3295.3283262449854,2499.352160627619
방울토마토,2021-05-04,2654.7752445589977,2798.101997552331
방울토마토,2021-05-11,2024.2737807367396,2552.412453028452
방울토마토,2021-05-18,2186.031795556812,1882.9741593526894
방울토마토,2021-05-25,1576.3523505902701,2122.2500613649427
방울토마토,2021-06-01,2178.412426542244,1794.1508339177592
방울토마토,2021-06-08,2360.7596052685712,2135.2771359258263
방울토마토,2021-06-15,2252.1546177335995,2152.604972523107
방울토마토,2021-06-22,3957.7858239687303,2162.657800159372
방울토마토,2021-06-29,3493.102830095867,3451.2747674125458
방울토마토,2021-07-06,3227.1409916705757,3237.028563461776
방울토마토,2021-07-13,3425.977227253037,3182.944738060477
방울토마토,2021-07-20,2445.7984586477496,3413.7485578748956
방울토마토,2021-07-27,2426.8052577193585,2581.8580924464204
방울토마토,2021-08-03,2915.627652265287,2590.941971879725
방울토마토,2021-08-10,4797.10524509916,3392.1640657622484
방울토마토,2021-08-17,5775.355692830303,5219.663256857954
방울토마토,2021-08-24,5554.154760457199,5215.953575588103
방울토마토,2021-08-31,2853.803758225573,4649.949983003291
방울토마토,2021-09-07,4456.280434010472,3001.051302643871
방울토마토,2021-09-14,2351.018171777659,4880.614110638568
방울토마토,2021-09-21,3420.182282862977,2525.061044137479
방울토마토,2021-09-28,2319.4438989906926,3253.841753213955
방울토마토,2021-10-05,1358.3027387054208,2358.703628791192
방울토마토,2021-10-12,1374.0817208431363,1712.3653048415015
방울토마토,2021-10-19,2462.310529539797,1749.8330019517466
방울토마토,2021-10-26,3556.426087169003,2562.2560217959613
방울토마토,2021-11-02,5966.594876342675,3811.6462743111097
방울토마토,2021-11-09,5523.921852962793,5071.25187822275
방울토마토,2021-11-16,4343.415259062441,4050.715103166585
방울토마토,2021-11-23,2894.6304712926153,3408.5041501726587
방울토마토,2021-11-30,3257.973737090518,3051.500638357946
방울토마토,2021-12-07,4095.3941951907336,3348.8483797762233
방울토마토,2021-12-14,5242.147644715256,4304.642849832458
방울토마토,2021-12-21,5099.747952781027,5098.643882424317
방울토마토,2021-12-28,4618.9412553048915,4978.311325325128
백다다기,2021-01-05,3305.123916861983,2534.8839183284304
백다다기,2021-01-12,2953.422103335134,3258.6658432903596
백다다기,2021-01-19,3363.9018116140332,2756.60912862837
백다다기,2021-01-26,3987.9190962099124,2808.1547298184464
백다다기,2021-02-02,3001.7275923611483,3238.8132799220675
백다다기,2021-02-09,2114.415422264396,2597.353211301019
백다다기,2021-02-16,2526.235937762856,2165.9540476054167
백다다기,2021-02-23,3074.524639088531,2616.199607621401
백다다기,2021-03-02,2777.724499121958,2738.2636832136586
백다다기,2021-03-09,2286.961672535621,2497.63586614928
백다다기,2021-03-16,1967.4849397966343,2099.262785330989
백다다기,2021-03-23,1871.1893881327287,1889.831262026437
백다다기,2021-03-30,1643.3425273685516,1751.9993178003183
백다다기,2021-04-06,1578.793810863276,1538.3206791609048
백다다기,2021-04-13,1115.248291513341,1413.8200177679503
백다다기,2021-04-20,1361.514815533523,1122.1158019198942
백다다기,2021-04-27,1457.694890552465,1257.6434436056811
백다다기,2021-05-04,1122.4935765795883,1253.647801275807
백다다기,2021-05-11,1312.3184769431534,1115.4853235595542
백다다기,2021-05-18,1892.5108055532774,1267.4756100740833
백다다기,2021-05-25,1322.8232859641128,1580.1196425679323
백다다기,2021-06-01,1321.1031939969293,1267.166696903722
백다다기,2021-06-08,1443.9828356897722,1279.1437862315133
백다다기,2021-06-15,1371.2499083957712,1390.234413010004
백다다기,2021-06-22,1274.1075991679259,1306.5529676022525
백다다기,2021-06-29,1456.5593472469739,1375.575092609103
백다다기,2021-07-06,1567.4867031428935,1459.1002362966958
백다다기,2021-07-13,1589.8433257208824,1522.4853239571598
백다다기,2021-07-20,1476.861176456474,1523.7768722586618
백다다기,2021-07-27,1680.4372507041965,1729.9552390153337
백다다기,2021-08-03,2267.2065010803212,1890.0503602778247
백다다기,2021-08-10,2418.7573133363385,2302.4168847710944
백다다기,2021-08-17,2123.216461834988,2365.1306943911923
백다다기,2021-08-24,2897.55405590431,2192.9022508885632
백다다기,2021-08-31,1958.692327362027,2863.209703015778
백다다기,2021-09-07,1674.1479234682413,1930.437684206883
백다다기,2021-09-14,963.3504709162793,1861.2676247316094
백다다기,2021-09-21,1556.2532008146445,1322.7722541192961
백다다기,2021-09-28,1501.6519681384534,1605.2135334171985
백다다기,2021-10-05,2291.8911360870616,1619.2480406097695
백다다기,2021-10-12,4310.983346852644,2181.5493476736806
백다다기,2021-10-19,2505.780472134301,3771.602445074741
백다다기,2021-10-26,2705.2636172127104,2228.872999459737
백다다기,2021-11-02,3442.4683517564586,2491.3092715193106
백다다기,2021-11-09,3906.704683357037,2858.0025505081258
백다다기,2021-11-16,3090.900040608718,3257.87954156286
백다다기,2021-11-23,2931.7857779599094,2536.0357346624505
백다다기,2021-11-30,2742.100235463679,2550.8721457018364
백다다기,2021-12-07,2515.11055369751,2605.0665760410316
백다다기,2021-12-14,3081.9942192646367,2484.0690175108575
백다다기,2021-12-21,3152.761376001061,2780.2570832257034
백다다기,2021-12-28,3231.4446723492106,2805.2616369527495
브로코리(국산),2021-01-05,3278.9920166421266,2737.8871706346563
브로코리(국산),2021-01-12,2810.6312613524774,3282.495483917886
브로코리(국산),2021-01-19,1941.0099253478113,2985.875256046183
브로코리(국산),2021-01-26,1853.0823369123955,2108.2206157685214
브로코리(국산),2021-02-02,1815.859936566629,2013.051296209393
브로코리(국산),2021-02-09,1429.908266327993,1939.3756117144778
브로코리(국산),2021-02-16,2186.9525457546124,1630.1300510727256
브로코리(국산),2021-02-23,2037.7729525635332,2314.1597222172895
브로코리(국산),2021-03-02,2299.4729845218876,2031.5876344518113
브로코리(국산),2021-03-09,2222.3957295610016,2328.977925992745
브로코리(국산),2021-03-16,2509.2186271941314,2325.077534705534
브로코리(국산),2021-03-23,2302.269942800448,2638.6566806622045
브로코리(국산),2021-03-30,2101.631234596358,2358.078144025457
브로코리(국산),2021-04-06,2540.6129472734387,2226.0533327678854
브로코리(국산),2021-04-13,3099.9722545422,2680.745564233147
브로코리(국산),2021-04-20,2960.334567063693,3192.128698523711
브로코리(국산),2021-04-27,2959.296598584754,3104.0348306689543
브로코리(국산),2021-05-04,2996.1966772064125,3103.843308169987
브로코리(국산),2021-05-11,2037.4285074053523,3031.8497567099735
브로코리(국산),2021-05-18,2195.177313741815,2066.195192323544
브로코리(국산),2021-05-25,1989.8400643127632,2313.1999997649273
브로코리(국산),2021-06-01,2391.97901318863,2041.2285887271128
브로코리(국산),2021-06-08,2088.3853804740747,2453.191186948374
브로코리(국산),2021-06-15,2360.56972600226,2140.409696045483
브로코리(국산),2021-06-22,2756.3952061300065,2414.09662467553
브로코리(국산),2021-06-29,2927.3816560098867,2813.8695779646346
브로코리(국산),2021-07-06,3440.802461967251,3235.0585250184686
브로코리(국산),2021-07-13,3285.5695494960432,3517.9794681024423
브로코리(국산),2021-07-20,4140.439609734216,3435.1703816937425
브로코리(국산),2021-07-27,4713.786973101102,4612.241677369386
브로코리(국산),2021-08-03,3953.5499319010587,5057.577706317392
브로코리(국산),2021-08-10,4493.0660397705215,4306.169744593452
브로코리(국산),2021-08-17,5319.148936170212,4812.147284905314
브로코리(국산),2021-08-24,6101.3536585365855,5270.667637179374
브로코리(국산),2021-08-31,4914.599583710026,6027.890459864498
브로코리(국산),2021-09-07,3458.624309644438,5016.307397290261
브로코리(국산),2021-09-14,2432.763865099522,3537.6031632284307
브로코리(국산),2021-09-21,2393.0912037368034,2485.9292927752313
브로코리(국산),2021-09-28,2494.7178871548617,2423.489652308259
브로코리(국산),2021-10-05,3426.9150462503935,2673.401999981269
브로코리(국산),2021-10-12,4737.40166679648,3380.0301867810913
브로코리(국산),2021-10-19,5266.001679966401,4639.522472256427
브로코리(국산),2021-10-26,4116.919851254055,4766.29539722718
브로코리(국산),2021-11-02,4134.72066254913,4179.526803935448
브로코리(국산),2021-11-09,4119.151356715804,4105.2998037375255
브로코리(국산),2021-11-16,3190.0458472932464,3888.6767737778778
브로코리(국산),2021-11-23,3171.8279008078453,3030.6295542538305
브로코리(국산),2021-11-30,3382.891157843456,3112.7149055999716
브로코리(국산),2021-12-07,2927.604310583034,3351.09185929306
브로코리(국산),2021-12-14,3388.680238983285,2913.381038540996
브로코리(국산),2021-12-21,3891.424612844902,3394.486358651293
브로코리(국산),2021-12-28,3865.65814253147,3825.4397145366706
빨강파프리카,2021-01-05,5704.373842759933,5819.974172058003
빨강파프리카,2021-01-12,6067.766510165878,5847.565489761519
빨강파프리카,2021-01-19,6324.418229277157,6029.444297320227
빨강파프리카,2021-01-26,6916.6411165770505,5965.976513427407
빨강파프리카,2021-02-02,6008.355246101996,6041.367100052863
빨강파프리카,2021-02-09,4815.777333215902,5600.15457204154
빨강파프리카,2021-02-16,6251.145977582108,4801.780270388206
빨강파프리카,2021-02-23,6121.909784445241,5871.940804065141
빨강파프리카,2021-03-02,5733.17710181841,5565.937424282937
빨강파프리카,2021-03-09,5748.626492461473,5252.578402861025
빨강파프리카,2021-03-16,6023.333608736434,5308.687064234301
빨강파프리카,2021-03-23,4822.948596451097,5505.031953065442
빨강파프리카,2021-03-30,3575.4252253926943,4451.5384040454455
빨강파프리카,2021-04-06,3888.7234233076765,3413.775947559725
빨강파프리카,2021-04-13,3925.449692633133,3706.62187476165
빨강파프리카,2021-04-20,3641.966379870035,3445.6424656220106
빨강파프리카,2021-04-27,3005.215394595485,3268.5415709830827
빨강파프리카,2021-05-04,2846.1131273909264,2725.6510380711316
빨강파프리카,2021-05-11,3180.1201815279196,2576.7289023059348
빨강파프리카,2021-05-18,4237.9817242749305,3010.082543560372
빨강파프리카,2021-05-25,2760.66270561163,3993.4654560752847
빨강파프리카,2021-06-01,2229.8207083613765,2348.556776870622
빨강파프리카,2021-06-08,2429.938925942547,2321.2283641776094
빨강파프리카,2021-06-15,2227.0886669968977,2367.431433498393
빨강파프리카,2021-06-22,2698.3221283836688,2311.7426079860206
빨강파프리카,2021-06-29,3461.311562635097,2506.9333047662585
빨강파프리카,2021-07-06,2724.5000913396007,3302.860438621952
빨강파프리카,2021-07-13,1709.5558901792529,2577.0123660604813
빨강파프리카,2021-07-20,1794.335822584295,1877.4453178474214
빨강파프리카,2021-07-27,2155.976653676293,2301.1112388891506
빨강파프리카,2021-08-03,2276.9469635484666,2788.1706912451655
빨강파프리카,2021-08-10,4605.05496833231,2755.2443810165073
빨강파프리카,2021-08-17,4890.453612066893,5415.253680626641
빨강파프리카,2021-08-24,4748.724874567879,4763.363624017253
빨강파프리카,2021-08-31,4274.140892413012,4690.451694484403
빨강파프리카,2021-09-07,3407.528549542012,4608.3697249972465
빨강파프리카,2021-09-14,2507.5644259151704,3475.9799532774805
빨강파프리카,2021-09-21,2827.5757286061566,2723.419753997906
빨강파프리카,2021-09-28,2898.4330386373626,3052.0061684665407
빨강파프리카,2021-10-05,3572.4008404377532,3194.8368517098274
빨강파프리카,2021-10-12,3877.0744879287986,3621.291182940655
빨강파프리카,2021-10-19,3151.383999123754,3740.439765946935
빨강파프리카,2021-10-26,2243.1484438434395,3086.42542413628
빨강파프리카,2021-11-02,1974.2010933215875,2369.7398002774394
빨강파프리카,2021-11-09,1996.0245523031313,2135.1812441715315
빨강파프리카,2021-11-16,2131.646630577462,2237.516960449931
빨강파프리카,2021-11-23,2282.545099016544,2309.7239680226116
빨강파프리카,2021-11-30,3017.866370861399,2494.3145213582466
빨강파프리카,2021-12-07,3727.465236022425,3429.784707413721
빨강파프리카,2021-12-14,3884.2362243687166,4266.633984282133
빨강파프리카,2021-12-21,3748.888573551139,4402.157766661051
빨강파프리카,2021-12-28,4780.13212682314,4179.3515412731895
새송이(일반),2021-01-05,2575.019137365234,2237.3176118033452
새송이(일반),2021-01-12,2713.017130818178,2802.0334646362744
새송이(일반),2021-01-19,2889.025349359046,2850.6433365933613
새송이(일반),2021-01-26,3219.636391112041,2777.6657747430436
새송이(일반),2021-02-02,3133.4575786489067,2613.6844567093426
새송이(일반),2021-02-09,2334.7383452253316,2508.7879616961472
새송이(일반),2021-02-16,2078.2138883013454,2172.7294754967984
새송이(일반),2021-02-23,2508.27735755381,2061.9357183594198
새송이(일반),2021-03-02,2576.7675268051885,2417.9700477563433
새송이(일반),2021-03-09,2398.509890914285,2414.4626822972464
새송이(일반),2021-03-16,2357.1007424242075,2249.934182212334
새송이(일반),2021-03-23,2237.101791069721,2191.673299540908
새송이(일반),2021-03-30,2348.2627139928127,2176.019096130162
새송이(일반),2021-04-06,2344.490017845822,2178.433547310992
새송이(일반),2021-04-13,2307.0925289030934,2170.813482992874
새송이(일반),2021-04-20,2099.7108034106363,2172.953226862567
새송이(일반),2021-04-27,2445.9733032033355,2057.429103730404
새송이(일반),2021-05-04,2572.529630570894,2300.3576342803403
새송이(일반),2021-05-11,2363.966265207873,2345.147367725179
새송이(일반),2021-05-18,2554.6848017406633,2217.581051212887
새송이(일반),2021-05-25,2622.0223949401416,2359.7754692418707
새송이(일반),2021-06-01,2613.6167309682883,2362.380818226897
새송이(일반),2021-06-08,2348.9238094121233,2375.5909404513527
새송이(일반),2021-06-15,2124.5053904933397,2153.6681981344163
새송이(일반),2021-06-22,2078.895732543353,2059.55323096867
새송이(일반),2021-06-29,2037.7500286616082,1993.9583810106722
새송이(일반),2021-07-06,1497.5294565775919,2002.1547235019486
새송이(일반),2021-07-13,1510.7205242305365,1623.775990963143
새송이(일반),2021-07-20,1412.4739278752436,1587.0230449181747
새송이(일반),2021-07-27,2242.0588463473173,1872.622709705155
새송이(일반),2021-08-03,2563.482326036747,2493.1673567938187
새송이(일반),2021-08-10,2950.0933655148056,2758.2472357811257
새송이(일반),2021-08-17,2953.606258363733,2851.500277389412
새송이(일반),2021-08-24,3012.87700603949,2793.808060518926
새송이(일반),2021-08-31,3586.0570955730245,2834.2447392002846
새송이(일반),2021-09-07,4630.257616906179,3243.2057117376917
새송이(일반),2021-09-14,3363.957629233107,3958.340044577286
새송이(일반),2021-09-21,2848.729213675334,2810.0355830817853
새송이(일반),2021-09-28,3140.4355144501474,2524.5215133463144
새송이(일반),2021-10-05,3206.5108664232744,2603.047979329265
새송이(일반),2021-10-12,3294.785147792089,2711.4124412981078
새송이(일반),2021-10-19,3218.04676189557,2825.2847382694035
새송이(일반),2021-10-26,2955.34039646075,2640.1010961656843
새송이(일반),2021-11-02,2902.03899119426,2569.9233237004405
새송이(일반),2021-11-09,2837.449466482673,2584.1348553955645
새송이(일반),2021-11-16,2925.4768962378257,2596.29009895712
새송이(일반),2021-11-23,2823.6269784671936,2695.746167657591
새송이(일반),2021-11-30,2827.185782669146,2648.042407512711
새송이(일반),2021-12-07,2947.3574209311396,2676.105522493165
새송이(일반),2021-12-14,3044.3614032038467,2766.8388030065094
새송이(일반),2021-12-21,3383.1739501668867,2774.710770161241
새송이(일반),2021-12-28,2877.2236743414323,3047.0772194299284
수미,2021-01-05,1498.8979238428672,1345.3930271017766
수미,2021-01-12,1558.1134106621907,1471.370248128905
수미,2021-01-19,1422.8002499426152,1489.9128477942006
수미,2021-01-26,1699.7850078331828,1454.1967433845386
수미,2021-02-02,1698.5619892747702,1628.9591740561664
수미,2021-02-09,1406.2664865212637,1585.971708117286
수미,2021-02-16,1503.1001090460838,1438.4876161547472
수미,2021-02-23,1505.083509847067,1496.8350052330768
수미,2021-03-02,1466.456952907946,1479.049301800259
수미,2021-03-09,1530.7120900994494,1406.5289493280966
수미,2021-03-16,1638.47730764583,1489.5217180242203
수미,2021-03-23,1624.5194816840783,1574.071641307752
수미,2021-03-30,1669.7814573604935,1555.204979166167
수미,2021-04-06,1703.0935494948278,1570.9531470497705
수미,2021-04-13,1583.8168560669249,1619.0405196462275
수미,2021-04-20,1439.3241487915282,1469.0531212814378
수미,2021-04-27,1362.269411623558,1390.6088686016137
수미,2021-05-04,1092.211209873654,1282.4512592805675
수미,2021-05-11,1196.7733282555241,1083.7672825116374
수미,2021-05-18,925.6314916359536,1166.8488130058645
수미,2021-05-25,887.5238738121711,880.2677790240082
수미,2021-06-01,729.6599087471767,846.4473971816816
수미,2021-06-08,768.3585132151309,742.6272102947639
수미,2021-06-15,777.1348072421093,762.3421895120847
수미,2021-06-22,741.1114073536887,781.9353525186093
수미,2021-06-29,847.1694172577301,770.5991223803098
수미,2021-07-06,680.7918603103315,881.959714056052
수미,2021-07-13,850.6690042328902,747.1380148679674
수미,2021-07-20,852.2684069827185,901.0429254880979
수미,2021-07-27,1017.4165186695608,920.2208507687956
수미,2021-08-03,1089.0870494125793,1034.124681812562
수미,2021-08-10,1117.187467365348,1104.6984825700545
수미,2021-08-17,1084.7569343532557,1133.2003858998423
수미,2021-08-24,1123.5992151852329,1114.8444506580158
수미,2021-08-31,1049.6972515240639,1142.3682738393013
수미,2021-09-07,1129.8873583077118,1072.1465103110202
수미,2021-09-14,1106.2636487838463,1123.0249025838652
수미,2021-09-21,1072.9885517262737,1124.6749253511175
수미,2021-09-28,981.643500147389,1089.8155628533289
수미,2021-10-05,1102.2251229386266,1034.5993982131638
수미,2021-10-12,1023.1669417464651,1124.4913227244933
수미,2021-10-19,1055.07254370371,1043.0771888655304
수미,2021-10-26,1018.4431487799029,1055.6126607117824
수미,2021-11-02,1229.1411435242267,1042.5980728054176
수미,2021-11-09,1237.0939805961057,1203.7946498387532
수미,2021-11-16,1320.4761400073348,1235.2173824167016
수미,2021-11-23,1338.6775484176483,1339.6802909147186
수미,2021-11-30,1299.802689755294,1384.870380370142
수미,2021-12-07,1263.9431344556483,1363.4326878748248
수미,2021-12-14,1590.902308588003,1359.873615940674
수미,2021-12-21,1616.7185208118685,1576.01088913632
수미,2021-12-28,1594.983959013357,1621.875947308271
시금치(일반),2021-01-05,3163.075131561611,2840.8006889533476
시금치(일반),2021-01-12,2627.3465625928543,2937.4081696877834
시금치(일반),2021-01-19,2502.689074768145,2712.258958032861
시금치(일반),2021-01-26,2452.853450947041,2612.2478555886914
시금치(일반),2021-02-02,2967.516382983548,2356.1224914397076
시금치(일반),2021-02-09,2179.0629937553545,2699.4207772666846
시금치(일반),2021-02-16,1879.9670642888234,2106.574941416415
시금치(일반),2021-02-23,1742.329675215748,1888.785900315213
시금치(일반),2021-03-02,1461.2165195144614,1757.7841509008133
시금치(일반),2021-03-09,1696.8180605171744,1541.3265796465573
시금치(일반),2021-03-16,1609.0517690961558,1755.2280046486733
시금치(일반),2021-03-23,1847.459906513389,1732.97884969408
시금치(일반),2021-03-30,1997.3685509750678,1867.6544129121896
시금치(일반),2021-04-06,2253.9829455870945,1905.7080003817632
시금치(일반),2021-04-13,2673.6609408737118,2256.5437939999
시금치(일반),2021-04-20,2805.570190710498,2489.061894484143
시금치(일반),2021-04-27,2877.886023755308,2671.687249544945
시금치(일반),2021-05-04,2915.139179106819,2808.7843244969717
시금치(일반),2021-05-11,2462.2605042267915,2820.112351996586
시금치(일반),2021-05-18,3028.3091627552453,2480.890434144447
시금치(일반),2021-05-25,2863.566976720737,2892.970801923465
시금치(일반),2021-06-01,2710.2973046906427,2672.799388782965
시금치(일반),2021-06-08,2854.300466226047,2601.126363957784
시금치(일반),2021-06-15,3646.0795764293857,2906.7474644606546
시금치(일반),2021-06-22,3189.683973869517,3436.8166033870493
시금치(일반),2021-06-29,3328.811667143754,3111.5225375690065
시금치(일반),2021-07-06,4194.972739799892,3510.0204015496683
시금치(일반),2021-07-13,6172.506485572369,4357.076842832011
시금치(일반),2021-07-20,8527.553992261695,6345.46849459833
시금치(일반),2021-07-27,9773.096788962188,9639.460052333638
시금치(일반),2021-08-03,11849.860679882175,8461.034547433606
시금치(일반),2021-08-10,10799.685001211534,11461.964634068649
시금치(일반),2021-08-17,7553.794366384764,9400.192699637537
시금치(일반),2021-08-24,6200.164321624996,6193.914116155287
시금치(일반),2021-08-31,5740.178725448452,6100.572112533208
시금치(일반),2021-09-07,7532.6188675452595,5365.288895342633
시금치(일반),2021-09-14,3929.988568717108,6044.806829704437
시금치(일반),2021-09-21,2864.811191541058,3437.68448632549
시금치(일반),2021-09-28,3811.8393584837404,2680.893981654907
시금치(일반),2021-10-05,4923.467575289481,3247.8253678345836
시금치(일반),2021-10-12,5276.3316374129845,4411.027886703167
시금치(일반),2021-10-19,4132.801046020079,4658.351506490036
시금치(일반),2021-10-26,3240.4834777456117,3567.2371016935253
시금치(일반),2021-11-02,2803.6171946930704,2846.7474136504597
시금치(일반),2021-11-09,2163.8435564125325,2627.8810844947902
시금치(일반),2021-11-16,2139.734142725929,2114.1729900067107
시금치(일반),2021-11-23,2196.80477737302,2154.316287763743
시금치(일반),2021-11-30,1981.7653525264286,2131.7725776735156
시금치(일반),2021-12-07,1949.4223398512747,1960.3714453816522
시금치(일반),2021-12-14,2151.7261544245107,1989.975001213466
시금치(일반),2021-12-21,2827.7834388651645,2160.101825117972
시금치(일반),2021-12-28,2292.2342685670933,2760.7865574270513
애호박,2021-01-05,4072.0052700168576,3251.204433599965
애호박,2021-01-12,3981.0565524908607,3726.977053888689
애호박,2021-01-19,4107.141120711954,3569.613383513717
애호박,2021-01-26,4335.539605263351,3413.6223124450885
애호박,2021-02-02,3453.1028566833165,3497.6404880743653
애호박,2021-02-09,2660.3510013605705,3062.344983834428
애호박,2021-02-16,2565.072845909846,2588.15427592806
애호박,2021-02-23,3449.9090264337037,2500.501477385932
애호박,2021-03-02,3128.591019476004,3188.084039540149
애호박,2021-03-09,2770.4905910618377,2743.484960049681
애호박,2021-03-16,1973.2699468085107,2385.625746878673
애호박,2021-03-23,1842.991633831705,1928.2724097749085
애호박,2021-03-30,1899.2395925597875,1918.252861326744
애호박,2021-04-06,1616.4598293314805,1788.6005782323793
애호박,2021-04-13,1403.8351408201634,1568.9265667424913
애호박,2021-04-20,1287.135903636599,1331.3759313904366
애호박,2021-04-27,1312.2187160790738,1249.4922754352024
애호박,2021-05-04,1361.2335723416154,1222.509917409453
애호박,2021-05-11,1887.0043596944495,1283.204055475887
애호박,2021-05-18,2801.1361853687445,1744.93253558371
애호박,2021-05-25,1573.282022539384,2240.0970988318245
애호박,2021-06-01,1452.3399600237697,1429.0935261596449
애호박,2021-06-08,2028.9166228055283,1451.0733064017547
애호박,2021-06-15,1292.7229296566259,1896.3232513516507
애호박,2021-06-22,1046.4210044140234,1193.4375307182145
애호박,2021-06-29,946.5652485156694,1069.0621608689482
애호박,2021-07-06,703.8834765728831,1019.0871436746058
애호박,2021-07-13,707.0808156664724,879.1646940645774
애호박,2021-07-20,1174.4589690356136,907.3627019965365
애호박,2021-07-27,1435.5117195164285,1539.465624329106
애호박,2021-08-03,1808.6059122360834,1758.849348283649
애호박,2021-08-10,1758.309056786112,2006.2012811347336
애호박,2021-08-17,1893.1739658666147,1878.0364363789456
애호박,2021-08-24,3666.0697648967707,2198.2926825157233
애호박,2021-08-31,3082.773252121702,3398.5224694662106
애호박,2021-09-07,2619.5114323638204,2724.4241789371863
애호박,2021-09-14,685.0582892103258,2546.3851242830106
애호박,2021-09-21,968.0319645703462,1124.871544281062
애호박,2021-09-28,1393.1179670184322,1056.055078409951
애호박,2021-10-05,2214.2166665549576,1517.2280794232445
애호박,2021-10-12,3663.757879736174,2236.7566691159063
애호박,2021-10-19,3274.5154286793722,3211.875718011299
애호박,2021-10-26,2555.438850657974,2366.735054019734
애호박,2021-11-02,2568.1149569544154,1979.0070292988044
애호박,2021-11-09,2315.7526780868066,2182.2129020744387
애호박,2021-11-16,2132.78996186717,2224.4152246065723
애호박,2021-11-23,2553.205154859634,2271.0371747234776
애호박,2021-11-30,2961.7091371055594,2382.565528948949
애호박,2021-12-07,3181.9975284842194,2722.115717037344
애호박,2021-12-14,3385.455360454537,2624.712357230383
애호박,2021-12-21,3368.209805462875,3007.794217160288
애호박,2021-12-28,3537.1202534355066,2976.419936565345
양배추(일반),2021-01-05,871.3398121475944,970.9309031536326
양배추(일반),2021-01-12,630.4936224978532,868.550816100054
양배추(일반),2021-01-19,782.5432789322759,644.4795809956568
양배추(일반),2021-01-26,613.1139422373052,772.3252518399736
양배추(일반),2021-02-02,633.8396090731081,619.5938526578307
양배추(일반),2021-02-09,619.918365119642,644.934705409036
양배추(일반),2021-02-16,501.13725009027775,604.61841715686
양배추(일반),2021-02-23,458.2710583148075,518.6375199637646
양배추(일반),2021-03-02,384.864640377056,477.1097037646821
양배추(일반),2021-03-09,441.78454920276164,394.9575582395605
양배추(일반),2021-03-16,501.8601705214741,419.83930886824567
양배추(일반),2021-03-23,419.72080134140583,489.75403596376844
양배추(일반),2021-03-30,432.15403652583905,407.3775370097709
양배추(일반),2021-04-06,375.29908841379097,414.6184527273117
양배추(일반),2021-04-13,269.68847916828133,366.84672857452074
양배추(일반),2021-04-20,335.3838933733809,342.9304332841557
양배추(일반),2021-04-27,349.74502800551994,340.4143851961796
양배추(일반),2021-05-04,616.799796551056,373.3045563109771
양배추(일반),2021-05-11,676.7906591775597,570.291291683363
양배추(일반),2021-05-18,552.4978866909865,678.7743063380564
양배추(일반),2021-05-25,382.1316850647116,525.6953479679727
양배추(일반),2021-06-01,484.24745643784354,378.7361953893814
양배추(일반),2021-06-08,506.90155166169876,472.61364156745503
양배추(일반),2021-06-15,476.59188868971927,535.3038882478164
양배추(일반),2021-06-22,572.6649391239358,504.6964341881332
양배추(일반),2021-06-29,407.5902779193769,596.3945562432083
양배추(일반),2021-07-06,385.8890236756951,460.39025191210527
양배추(일반),2021-07-13,502.35281072831555,400.19557471893927
양배추(일반),2021-07-20,731.3632741217884,537.149830483524
양배추(일반),2021-07-27,687.7638803885906,732.9963510672584
양배추(일반),2021-08-03,448.17171426593876,682.3843298670943
양배추(일반),2021-08-10,560.8025337504412,507.5678025824774
양배추(일반),2021-08-17,444.55936260418014,610.1961612005169
양배추(일반),2021-08-24,446.181342714967,449.3559112364988
양배추(일반),2021-08-31,423.3123764737954,500.0905372704848
양배추(일반),2021-09-07,447.8920108892083,422.43405729775117
양배추(일반),2021-09-14,342.22120802541735,496.367860519483
양배추(일반),2021-09-21,276.81257122191624,365.11313934646176
양배추(일반),2021-09-28,332.3665468773137,343.3708787388595
양배추(일반),2021-10-05,473.5816052635886,355.019168113348
양배추(일반),2021-10-12,419.0160920991606,476.2182854375288
양배추(일반),2021-10-19,410.48247613671725,412.62556450803424
양배추(일반),2021-10-26,409.9712020385851,412.93448382593306
양배추(일반),2021-11-02,500.9033350987403,432.6451511512452
양배추(일반),2021-11-09,456.38146516270444,518.114617740647
양배추(일반),2021-11-16,435.0052893515736,468.31814872913276
양배추(일반),2021-11-23,424.2374588721652,443.1560724558079
양배추(일반),2021-11-30,398.69601001450053,445.3564540148732
양배추(일반),2021-12-07,394.595864384378,439.4940978880071
양배추(일반),2021-12-14,440.3440242292459,441.69644718150073
양배추(일반),2021-12-21,550.799497227062,439.9502388349774
양배추(일반),2021-12-28,392.64136210944963,513.6542610770293
양상추(일반),2021-01-05,1489.005368042734,1295.9074989115807
양상추(일반),2021-01-12,1462.1522080743189,1479.3767612596757
양상추(일반),2021-01-19,1842.3136221216491,1407.7134752454597
양상추(일반),2021-01-26,2182.7407229044597,1831.867298268747
양상추(일반),2021-02-02,2498.1936838946817,2068.5566909568674
양상추(일반),2021-02-09,1715.0459199767063,2299.8338219423536
양상추(일반),2021-02-16,2174.4888188647383,1597.447660268701
양상추(일반),2021-02-23,2169.4281262693316,2067.9995042990377
양상추(일반),2021-03-02,1998.2949559112374,2038.8480485257178
양상추(일반),2021-03-09,1581.767515141996,1829.2523007778937
양상추(일반),2021-03-16,1391.3905788807904,1489.2083622116177
양상추(일반),2021-03-23,1384.7074711735902,1372.3405774796477
양상추(일반),2021-03-30,1167.3852151073875,1377.892257896751
양상추(일반),2021-04-06,1355.807661612131,1151.0271070322042
양상추(일반),2021-04-13,2121.3082595267424,1275.3247782522824
양상추(일반),2021-04-20,2141.681315295887,1894.0840691290048
양상추(일반),2021-04-27,1838.8885882132981,1916.376635266734
양상추(일반),2021-05-04,2312.3083359168686,1808.553450539156
양상추(일반),2021-05-11,1419.6348990660879,2175.016020594864
양상추(일반),2021-05-18,1579.9588076044024,1296.9096046887005
양상추(일반),2021-05-25,1453.7173085479803,1520.2609798138576
양상추(일반),2021-06-01,1277.0139025915607,1399.1780878137408
양상추(일반),2021-06-08,1130.486926283837,1260.119673477314
양상추(일반),2021-06-15,1369.2683858975583,1133.6731400337226
양상추(일반),2021-06-22,1495.0922109593523,1330.5593518507321
양상추(일반),2021-06-29,1308.3676962443928,1425.828574359105
양상추(일반),2021-07-06,1391.8559219500166,1330.7951478430589
양상추(일반),2021-07-13,1316.364119365979,1492.5224371797865
양상추(일반),2021-07-20,1856.4344460570876,1377.3361419051037
양상추(일반),2021-07-27,1557.6030815022323,1875.7967390801068
양상추(일반),2021-08-03,1578.6886768898462,1622.8949569659976
양상추(일반),2021-08-10,1907.5925181013677,1578.3619142672567
양상추(일반),2021-08-17,2045.994848836926,1958.4836907528302
양상추(일반),2021-08-24,1964.4899884829395,2031.4725635430323
양상추(일반),2021-08-31,1912.6476962874922,1932.0767725219384
양상추(일반),2021-09-07,2710.3837662009337,1854.1335216106895
양상추(일반),2021-09-14,2052.3179337276483,2504.584140309148
양상추(일반),2021-09-21,1566.6058486194304,1827.762964672929
양상추(일반),2021-09-28,1617.1884482517155,1475.7836830361848
양상추(일반),2021-10-05,1903.6341364782004,1594.0596478384102
양상추(일반),2021-10-12,3191.053752927259,1809.2710967544003
양상추(일반),2021-10-19,3271.049389037358,2767.3817167843263
양상추(일반),2021-10-26,2024.19199953299,2662.4870246475407
양상추(일반),2021-11-02,1751.4336535254686,1937.3369465951519
양상추(일반),2021-11-09,1539.1055449543323,1750.4372125278494
양상추(일반),2021-11-16,1461.059491165427,1549.176434809648
양상추(일반),2021-11-23,1365.5561108773838,1428.0789997112329
양상추(일반),2021-11-30,1435.4364432859056,1402.5459319632675
양상추(일반),2021-12-07,1357.0325209773941,1489.2809147682456
양상추(일반),2021-12-14,1428.612053697052,1401.9133228623925
양상추(일반),2021-12-21,1565.5442824686863,1449.401809534888
양상추(일반),2021-12-28,1451.9323062079443,1550.2417837323487
양송이(일반),2021-01-05,5885.46381963919,6653.306921443163
양송이(일반),2021-01-12,5805.194028660833,6021.3606669686815
양송이(일반),2021-01-19,5199.322495753933,5791.0352757908695
양송이(일반),2021-01-26,5777.230566490395,5141.72831903161
양송이(일반),2021-02-02,6153.611971104231,5688.714967053392
양송이(일반),2021-02-09,5241.750938281902,6211.821937380769
양송이(일반),2021-02-16,7048.294871222604,5463.130568234755
양송이(일반),2021-02-23,8115.995525727069,7203.097253992504
양송이(일반),2021-03-02,10864.854836609817,7867.07924875191
양송이(일반),2021-03-09,10653.25308752461,8693.996528963706
양송이(일반),2021-03-16,10469.04403327596,8836.361590299297
양송이(일반),2021-03-23,6278.0924272425,8512.507275086597
양송이(일반),2021-03-30,6294.444674464341,6129.453536766794
양송이(일반),2021-04-06,6646.516371328053,6224.2800913098445
양송이(일반),2021-04-13,6339.926222431521,6545.678331691295
양송이(일반),2021-04-20,6587.450788328592,6276.867938602476
양송이(일반),2021-04-27,7421.041548405999,6325.130890588248
양송이(일반),2021-05-04,7274.18194893923,7289.291590133931
양송이(일반),2021-05-11,7461.225146320203,7392.52873405814
양송이(일반),2021-05-18,8258.271618037135,7136.7213608339525
양송이(일반),2021-05-25,10199.163701889756,7934.3342125997215
양송이(일반),2021-06-01,10722.966681051126,8756.952646566659
양송이(일반),2021-06-08,10174.152985988907,8764.106766733223
양송이(일반),2021-06-15,10100.539348795495,8673.771757724164
양송이(일반),2021-06-22,9577.481164095034,8506.147286860523
양송이(일반),2021-06-29,9179.953678608386,7884.100873856635
양송이(일반),2021-07-06,8227.394503851903,7884.100873856635
양송이(일반),2021-07-13,6789.96611205952,7681.259810997045
양송이(일반),2021-07-20,6011.983551511023,6775.346614218479
양송이(일반),2021-07-27,8372.126881055452,6984.485180452072
양송이(일반),2021-08-03,6476.621566028249,8210.130969058324
양송이(일반),2021-08-10,9314.978050483887,6641.616591483647
양송이(일반),2021-08-17,9479.857612830267,8654.681714480332
양송이(일반),2021-08-24,10141.2307499687,8688.603301513594
양송이(일반),2021-08-31,10553.28306384743,9388.701355746894
양송이(일반),2021-09-07,13784.501666334349,9409.941383843652
양송이(일반),2021-09-14,9759.21535703105,10313.184689015161
양송이(일반),2021-09-21,9107.247953110365,8311.364990599526
양송이(일반),2021-09-28,12399.181897079845,7884.006935247294
양송이(일반),2021-10-05,15197.167644807349,10177.700488250306
양송이(일반),2021-10-12,12080.127985512921,13691.354843055797
양송이(일반),2021-10-19,8756.611058858472,10147.579018762895
양송이(일반),2021-10-26,8906.006497759845,8075.98157739233
양송이(일반),2021-11-02,8668.32101240446,8075.98157739233
양송이(일반),2021-11-09,7315.800371589103,8180.335649077205
양송이(일반),2021-11-16,7023.54059190877,7477.932540539634
양송이(일반),2021-11-23,7120.074087140589,7315.683497862062
양송이(일반),2021-11-30,6145.474778949072,7387.646256851663
양송이(일반),2021-12-07,6440.410267907186,6557.661006656705
양송이(일반),2021-12-14,10289.599100420455,6725.898411300753
양송이(일반),2021-12-21,13732.147271764083,10632.616341090863
양송이(일반),2021-12-28,8334.734555297022,12490.834411508198
영양부추,2021-01-05,24684.626934626936,12302.999159978393
영양부추,2021-01-12,24064.178346536664,13542.239216284313
영양부추,2021-01-19,28185.18090839107,13008.86525396481
영양부추,2021-01-26,28034.19613205704,12696.350322734668
영양부추,2021-02-02,19239.284667253007,12920.594117448865
영양부추,2021-02-09,8156.299392097264,12883.972017311327
영양부추,2021-02-16,5191.041009463723,8100.471968812613
영양부추,2021-02-23,6409.671774839743,4915.798027994672
영양부추,2021-03-02,5233.464632340845,6273.499483087553
영양부추,2021-03-09,5287.242941215367,4962.936497353142
영양부추,2021-03-16,5076.211088598268,4962.8684043192825
영양부추,2021-03-23,4862.771417291749,4769.053947283193
영양부추,2021-03-30,4711.416652458085,4784.202562877482
영양부추,2021-04-06,3524.3070532790157,4243.927137140889
영양부추,2021-04-13,2809.238664057941,3720.224432575547
영양부추,2021-04-20,2927.1530135466737,3153.5279918408582
영양부추,2021-04-27,3045.292594260713,3269.0256895551593
영양부추,2021-05-04,3531.074784424423,3151.8618205124058
영양부추,2021-05-11,3276.1727244485865,3547.37160251445
영양부추,2021-05-18,3241.4722281412032,3070.4991812734966
영양부추,2021-05-25,3290.832961499235,3373.2818907960977
영양부추,2021-06-01,4134.42983276591,3463.207596044467
영양부추,2021-06-08,4423.565489421257,3970.572541487422
영양부추,2021-06-15,4007.8551456472746,4097.974107283729
영양부추,2021-06-22,4282.935727168388,4076.790465729141
영양부추,2021-06-29,3607.269808508199,3841.72350874313
영양부추,2021-07-06,3754.4879036053844,3742.2324862299274
영양부추,2021-07-13,4054.5300894008806,3724.4254598309103
영양부추,2021-07-20,4800.093713956171,3758.6136330885
영양부추,2021-07-27,6931.332236842105,5264.176655934002
영양부추,2021-08-03,5382.161837819304,8064.994353120017
영양부추,2021-08-10,6190.491363469313,5315.939022063032
영양부추,2021-08-17,5101.589793125654,7068.611565443973
영양부추,2021-08-24,5873.3624123300715,5736.572582112135
영양부추,2021-08-31,6862.1388903041725,6371.893980914858
영양부추,2021-09-07,10335.03591866553,7395.7578675298655
영양부추,2021-09-14,9402.290597721063,9393.58623480667
영양부추,2021-09-21,4577.631652739611,8951.867552797414
영양부추,2021-09-28,6890.19360525196,4776.875471966221
영양부추,2021-10-05,9288.461081358668,7068.993292041991
영양부추,2021-10-12,11989.258464473056,9294.990123009227
영양부추,2021-10-19,18553.839799290174,12043.195854946704
영양부추,2021-10-26,25807.760424450757,17055.64759124178
영양부추,2021-11-02,25086.668969089966,17674.968550758156
영양부추,2021-11-09,29763.568738229755,17912.256397171222
영양부추,2021-11-16,33050.04332755633,16004.824893379819
영양부추,2021-11-23,32787.60442976491,16352.203640717107
영양부추,2021-11-30,18100.978372811536,15538.073412657066
영양부추,2021-12-07,20209.477777777778,15790.792611617002
영양부추,2021-12-14,15058.285077951003,16925.544803660927
영양부추,2021-12-21,26155.248973305956,16171.608449962783
영양부추,2021-12-28,18526.60173668153,16596.755966890803
오이맛고추,2021-01-05,4311.1125873064075,2569.3421830701645
오이맛고추,2021-01-12,5377.554681194511,4794.560976594836
오이맛고추,2021-01-19,7179.203085820137,5443.662432526636
오이맛고추,2021-01-26,7270.1666008558095,7049.860184790132
오이맛고추,2021-02-02,6342.380192382931,6026.379197752684
오이맛고추,2021-02-09,4568.297050216802,5070.604976980435
오이맛고추,2021-02-16,5519.61366563942,4575.812809803406
오이맛고추,2021-02-23,4230.474627701435,4586.391207962135
오이맛고추,2021-03-02,4046.4079461269025,4097.083425891204
오이맛고추,2021-03-09,4230.107240987632,4069.7236665036708
오이맛고추,2021-03-16,4783.814558393951,3977.2461970118293
오이맛고추,2021-03-23,3524.2115920461024,4527.77450803481
오이맛고추,2021-03-30,2019.0759570236858,3078.7245918081326
오이맛고추,2021-04-06,2139.97144377669,2005.496830158917
오이맛고추,2021-04-13,3043.0474266111064,2374.8274255736487
오이맛고추,2021-04-20,3012.2632455682356,2756.2666884041782
오이맛고추,2021-04-27,2308.494290288806,2602.1198287820976
오이맛고추,2021-05-04,2209.6990941159374,2079.169196193178
오이맛고추,2021-05-11,2484.7336445065,2277.2011482777257
오이맛고추,2021-05-18,3494.747310281622,2411.702751293072
오이맛고추,2021-05-25,2901.351569042435,3124.961191797052
오이맛고추,2021-06-01,3884.4854775750014,2541.5273199819508
오이맛고추,2021-06-08,2694.740438964731,3509.0218252003
오이맛고추,2021-06-15,2138.065412700233,2370.714411655709
오이맛고추,2021-06-22,3348.665098994634,2157.3206356834594
오이맛고추,2021-06-29,4349.784487240076,3181.607804381492
오이맛고추,2021-07-06,2499.874616235412,3935.5219720280065
오이맛고추,2021-07-13,1897.0009226436168,2356.9070404807107
오이맛고추,2021-07-20,2494.1467432704044,2247.6032861444064
오이맛고추,2021-07-27,2077.7855354793865,2586.1102036597167
오이맛고추,2021-08-03,1574.873706147968,2240.339676116073
오이맛고추,2021-08-10,1869.1745796817056,2034.4516622923788
오이맛고추,2021-08-17,2389.1648842266286,2319.3194267844233
오이맛고추,2021-08-24,2888.7987506698014,2779.813238505061
오이맛고추,2021-08-31,3063.776923519926,3149.2198748480396
오이맛고추,2021-09-07,2702.33036264323,3134.4645264036158
오이맛고추,2021-09-14,2720.6248071833343,2748.702965613487
오이맛고추,2021-09-21,1827.1887386151127,2922.262408765816
오이맛고추,2021-09-28,1669.4335683918434,1919.3310738174273
오이맛고추,2021-10-05,2094.947953506246,1876.4975311188762
오이맛고추,2021-10-12,2797.7801783218206,2169.328350343794
오이맛고추,2021-10-19,4696.145670214617,2804.154626465012
오이맛고추,2021-10-26,5423.274222044435,4314.944801469148
오이맛고추,2021-11-02,5089.6140572426975,4646.816831226377
오이맛고추,2021-11-09,4335.800768348226,4186.16172756994
오이맛고추,2021-11-16,2923.0326701172894,3881.392821739387
오이맛고추,2021-11-23,3227.8420754021163,2668.0458660589497
오이맛고추,2021-11-30,3518.8812011347127,2918.32398238113
오이맛고추,2021-12-07,2504.52907789237,3614.832068622451
오이맛고추,2021-12-14,2564.605330448466,2665.3278070407473
오이맛고추,2021-12-21,3834.0720298077736,2830.0460676862845
오이맛고추,2021-12-28,4528.345845890472,3955.3461736808968
완숙토마토,2021-01-05,2030.6131748751413,1889.40816521926
완숙토마토,2021-01-12,2524.37953383802,2056.5278900236076
완숙토마토,2021-01-19,2569.481417587484,2663.2700801425513
완숙토마토,2021-01-26,2551.003787878788,2699.3556796094567
완숙토마토,2021-02-02,1817.1144455009912,2581.3906910815053
완숙토마토,2021-02-09,1794.5469072508156,1839.8183630719786
완숙토마토,2021-02-16,2341.494648318043,1870.6753106801837
완숙토마토,2021-02-23,2705.103749544958,2353.6553518698115
완숙토마토,2021-03-02,2948.0489702898753,2650.6300230407783
완숙토마토,2021-03-09,2622.9452252877554,2844.083543691597
완숙토마토,2021-03-16,2039.987318422873,2587.0601611428333
완숙토마토,2021-03-23,2091.9485322443948,1917.9355223813952
완숙토마토,2021-03-30,2467.4800969193493,1951.8364472682472
완숙토마토,2021-04-06,2548.4843391046115,2355.527595318234
완숙토마토,2021-04-13,2532.3604738021554,2382.6285500211693
완숙토마토,2021-04-20,2285.875062650932,2362.0795874253936
완숙토마토,2021-04-27,1736.2639788110653,2026.915806766583
완숙토마토,2021-05-04,1647.538562520512,1608.789705707591
완숙토마토,2021-05-11,1638.4221231322852,1520.9026940087788
완숙토마토,2021-05-18,1490.4664320399163,1513.6136138293648
완숙토마토,2021-05-25,1645.1692428096262,1471.968617901673
완숙토마토,2021-06-01,1429.6301305024003,1500.3095284708222
완숙토마토,2021-06-08,1317.64047782309,1419.4376418501777
완숙토마토,2021-06-15,1312.7001785663672,1289.4913225480514
완숙토마토,2021-06-22,2298.050485897132,1303.674821662638
완숙토마토,2021-06-29,1702.3330099397756,2016.4040945200638
완숙토마토,2021-07-06,1268.369482010717,1561.3080549172028
완숙토마토,2021-07-13,1490.5732974220855,1397.6665725279304
완숙토마토,2021-07-20,1527.4105127378266,1608.9256828481873
완숙토마토,2021-07-27,1007.6077242879901,1814.5143109999321
완숙토마토,2021-08-03,1192.4985591652257,1168.9944398820976
완숙토마토,2021-08-10,1809.881852785605,1378.0274025811837
완숙토마토,2021-08-17,3176.642758820546,1985.2047325655979
완숙토마토,2021-08-24,2138.3764883764884,3109.1630956082954
완숙토마토,2021-08-31,1667.0312867560574,2185.0548421886783
완숙토마토,2021-09-07,1762.691131498471,1741.0459797555163
완숙토마토,2021-09-14,1445.3685435321495,1984.1598626942177
완숙토마토,2021-09-21,1945.1785714285713,1653.2299581024981
완숙토마토,2021-09-28,1912.6871552403468,2079.6376711430094
완숙토마토,2021-10-05,1723.5441091677878,2012.8329417367768
완숙토마토,2021-10-12,2294.860674400954,1812.5626677496118
완숙토마토,2021-10-19,3396.5834165834167,2255.124829423704
완숙토마토,2021-10-26,3014.8959365708624,3110.6374651909146
완숙토마토,2021-11-02,2420.2574313541245,2923.1659811246195
완숙토마토,2021-11-09,2925.206445923194,2285.8022457030397
완숙토마토,2021-11-16,2480.9865858935527,2952.492627967809
완숙토마토,2021-11-23,2382.895551428319,2492.0728347707836
완숙토마토,2021-11-30,2860.519140582397,2433.421673000996
완숙토마토,2021-12-07,3504.538887551168,2772.9730347749396
완숙토마토,2021-12-14,3941.5394067052835,3459.7987521693485
완숙토마토,2021-12-21,3051.112234580384,3868.3314089994906
완숙토마토,2021-12-28,2847.262872628726,3002.0719909626664
일반부추,2021-01-05,5303.823011499333,4105.410114237183
일반부추,2021-01-12,5962.372033330854,5652.022327194295
일반부추,2021-01-19,6619.901813553721,6326.018796356365
일반부추,2021-01-26,5424.602067008212,5999.718034784222
일반부추,2021-02-02,4969.793911381514,4496.508194648952
일반부추,2021-02-09,2938.2766245184207,4559.531896143565
일반부추,2021-02-16,2435.992034777121,2755.73156648855
일반부추,2021-02-23,2383.976377852193,2415.776863946913
일반부추,2021-03-02,3188.830629068439,2456.1323621419374
일반부추,2021-03-09,3871.0667485082936,3009.7319136935953
일반부추,2021-03-16,2933.0191662648854,3403.946381033531
일반부추,2021-03-23,2389.9441682288693,2668.3437586534333
일반부추,2021-03-30,1938.7771767095767,2314.2282188824393
일반부추,2021-04-06,1993.0638612388293,2072.5213901452908
일반부추,2021-04-13,2354.39275084331,2108.7136176505796
일반부추,2021-04-20,2286.610372746526,2371.2259741616763
일반부추,2021-04-27,2242.804312836772,2318.9455657338917
일반부추,2021-05-04,2042.1131021239185,2274.3926733289836
일반부추,2021-05-11,1634.6631405010537,1899.2827438308138
일반부추,2021-05-18,1657.2495146450578,1649.5037025311613
일반부추,2021-05-25,1748.5199458476259,1587.1029770106754
일반부추,2021-06-01,1689.4335025836638,1728.9536813586565
일반부추,2021-06-08,1565.4713128700741,1687.303980626352
일반부추,2021-06-15,1594.7261218350463,1593.1918432519055
일반부추,2021-06-22,1837.502473666058,1598.0733960608602
일반부추,2021-06-29,1610.1916842952432,1782.5319350142654
일반부추,2021-07-06,1657.3929253817148,1623.2673458639715
일반부추,2021-07-13,2081.577299627489,1608.957204635332
일반부추,2021-07-20,3331.6302490029825,2135.8340746024533
일반부추,2021-07-27,3954.5725199803824,3746.910510505697
일반부추,2021-08-03,2837.198550298756,3998.0539262618045
일반부추,2021-08-10,2480.8303669034735,3016.9239187885287
일반부추,2021-08-17,3229.21787155975,2811.530750240285
일반부추,2021-08-24,3602.5982714532083,3561.0363386099275
일반부추,2021-08-31,3808.668511164229,3880.93110796112
일반부추,2021-09-07,4766.038255867947,3858.987134658352
일반부추,2021-09-14,3842.756574073668,4703.393874709878
일반부추,2021-09-21,2006.986371144582,3104.6914442325956
일반부추,2021-09-28,1874.2757024059786,1943.5511694669929
일반부추,2021-10-05,2980.097176891446,2197.185002103124
일반부추,2021-10-12,4201.8662080112135,3201.498532995225
일반부추,2021-10-19,6914.636242123353,4376.62818514201
일반부추,2021-10-26,6928.6758650347065,6765.146547857592
일반부추,2021-11-02,5501.204823542741,6393.4984414568
일반부추,2021-11-09,5022.7958865153905,4534.372592145991
일반부추,2021-11-16,5675.6264147351785,4599.561110219772
일반부추,2021-11-23,7229.819061386434,4881.91523942256
일반부추,2021-11-30,5849.551479972006,5269.310576351078
일반부추,2021-12-07,4876.936446051952,4462.424209331527
일반부추,2021-12-14,3447.57035837214,4358.560205706391
일반부추,2021-12-21,4104.134612915414,3497.812591470745
일반부추,2021-12-28,4082.6585038800345,4097.517542785064
자주양파,2021-01-05,831.400333524906,697.4185411246992
자주양파,2021-01-12,938.8029372174093,804.5171437936953
자주양파,2021-01-19,975.9674226061915,922.6391439542424
자주양파,2021-01-26,1264.6920265927001,984.9976266022641
자주양파,2021-02-02,1157.1979219038042,1219.922512658963
자주양파,2021-02-09,1793.6938750855716,1118.7159494272623
자주양파,2021-02-16,1268.5538440613418,1592.5205922562534
자주양파,2021-02-23,1303.5410376063685,1165.103922490853
자주양파,2021-03-02,1262.7254041912995,1234.8243438591785
자주양파,2021-03-09,957.763138948884,1174.0541782450096
자주양파,2021-03-16,809.2758421752327,966.9322663185393
자주양파,2021-03-23,856.0376497184966,817.6170921171156
자주양파,2021-03-30,854.1004784688995,865.0656509740962
자주양파,2021-04-06,1049.5012598654755,884.9164248857111
자주양파,2021-04-13,806.1572907920515,935.0550101340536
자주양파,2021-04-20,1228.9087057537242,821.6354427017405
자주양파,2021-04-27,1231.6503603786146,1045.59607002945
자주양파,2021-05-04,821.631769482902,1170.8054831167576
자주양파,2021-05-11,862.4160035366932,877.1719112074171
자주양파,2021-05-18,734.1661240749687,868.0197157496157
자주양파,2021-05-25,659.0570608956732,711.3952629869756
자주양파,2021-06-01,760.4690385923982,706.530519949887
자주양파,2021-06-08,768.1076616990127,740.6286880776905
자주양파,2021-06-15,801.0755841856596,734.8563661072064
자주양파,2021-06-22,673.2010495244342,816.355437506641
자주양파,2021-06-29,1026.4253519477859,722.8140246523232
자주양파,2021-07-06,803.1363153739348,1023.5786017548326
자주양파,2021-07-13,773.0059868675164,800.9095069295233
자주양파,2021-07-20,911.9378361892087,843.2665434805439
자주양파,2021-07-27,834.994936330583,977.6305675504915
자주양파,2021-08-03,991.8360505866219,885.9990699599576
자주양파,2021-08-10,988.1537426026451,1005.8696731540125
자주양파,2021-08-17,1038.8834538494257,1002.7806808983536
자주양파,2021-08-24,1126.700178810378,1071.4428145970055
자주양파,2021-08-31,947.5534896792468,1114.1001680290015
자주양파,2021-09-07,967.8565299467994,938.6018883572044
자주양파,2021-09-14,999.5565757212165,973.0009667515403
자주양파,2021-09-21,1050.2894411120633,1005.603874504045
자주양파,2021-09-28,1141.846299865948,1029.6252959720773
자주양파,2021-10-05,970.7258313486813,1111.3244576446787
자주양파,2021-10-12,984.5250754665203,952.2986176101393
자주양파,2021-10-19,1122.7484392590318,996.2106168898624
자주양파,2021-10-26,1039.803604476192,1097.4649617169875
자주양파,2021-11-02,927.5319769368414,998.6211985565172
자주양파,2021-11-09,811.2506197322757,941.1073832343693
자주양파,2021-11-16,1068.1137102259845,825.4861943797432
자주양파,2021-11-23,913.6115070623299,1075.9645751849043
자주양파,2021-11-30,738.0304862336221,939.3392094891198
자주양파,2021-12-07,674.8460337970499,810.0292522882346
자주양파,2021-12-14,742.771483030656,743.6396835248278
자주양파,2021-12-21,759.5598031233809,776.1758737610148
자주양파,2021-12-28,642.8244093866049,785.1721766888408
적채(일반),2021-01-05,1638.3993824828788,1253.606378329435
적채(일반),2021-01-12,1194.5349031396127,1593.6551368229693
적채(일반),2021-01-19,1211.749996333397,1226.77640425265
적채(일반),2021-01-26,922.7140239840106,1192.1950216937007
적채(일반),2021-02-02,851.7238267148015,951.2058959875638
적채(일반),2021-02-09,936.0814355776907,913.2640878139451
적채(일반),2021-02-16,844.9605742013748,931.7810928926984
적채(일반),2021-02-23,947.9112008072653,872.2857634847704
적채(일반),2021-03-02,806.9699369200246,918.2730220923328
적채(일반),2021-03-09,1111.78566235277,799.2743444730111
적채(일반),2021-03-16,864.2170759544936,1073.5195916213868
적채(일반),2021-03-23,1255.7560008034548,892.1519985763655
적채(일반),2021-03-30,1632.736412189758,1191.4371406698099
적채(일반),2021-04-06,1570.405632905633,1514.3699286844742
적채(일반),2021-04-13,1758.011444921316,1503.7238175235266
적채(일반),2021-04-20,1630.1177536231885,1710.5261513920907
적채(일반),2021-04-27,1559.0090728664588,1558.2583969947175
적채(일반),2021-05-04,1733.9016709360533,1471.1063868153456
적채(일반),2021-05-11,1530.7380846490253,1657.6444352213996
적채(일반),2021-05-18,1232.5398568228732,1470.5989525817731
적채(일반),2021-05-25,944.3246541903987,1173.0465722592294
적채(일반),2021-06-01,1024.4244055206711,920.2540269439393
적채(일반),2021-06-08,807.9859371084941,954.2558223809272
적채(일반),2021-06-15,923.1430217003567,786.9593857296725
적채(일반),2021-06-22,702.5148435715917,903.1249511727644
적채(일반),2021-06-29,780.060968725302,746.7867643027671
적채(일반),2021-07-06,1016.5496414864182,798.6592624838162
적채(일반),2021-07-13,1117.7899964526428,1021.345293389575
적채(일반),2021-07-20,1193.3874849578822,1105.4760466823118
적채(일반),2021-07-27,1497.0232916552736,1324.9161979081457
적채(일반),2021-08-03,1398.584031071296,1469.8794925491213
적채(일반),2021-08-10,1298.7392677390703,1428.4627719637
적채(일반),2021-08-17,1107.7347154364188,1413.5604918027004
적채(일반),2021-08-24,1061.5145527149973,1170.9979231445925
적채(일반),2021-08-31,1070.9806157354617,1091.6051048029626
적채(일반),2021-09-07,1257.7640764663665,1129.696197544696
적채(일반),2021-09-14,1577.862854753567,1265.5042441229489
적채(일반),2021-09-21,1041.1762337976008,1538.3241121249
적채(일반),2021-09-28,1202.468132703022,1063.6061094054921
적채(일반),2021-10-05,1228.8320174244486,1267.9276094536883
적채(일반),2021-10-12,1637.5742784380307,1216.8927790555867
적채(일반),2021-10-19,1779.0485328711154,1581.886509507314
적채(일반),2021-10-26,2013.1112559485014,1786.4139631128673
적채(일반),2021-11-02,1628.8645328261175,1920.0367240001474
적채(일반),2021-11-09,1150.7429482874413,1602.4738559848067
적채(일반),2021-11-16,1429.0186600719423,1128.6083226056858
적채(일반),2021-11-23,1037.8808864265927,1453.9181257067185
적채(일반),2021-11-30,1089.5296609183365,1067.998409773976
적채(일반),2021-12-07,1382.4915190350546,1178.018900026546
적채(일반),2021-12-14,1275.0739197634568,1478.1227234478008
적채(일반),2021-12-21,1495.2565676405598,1304.9115259402618
적채(일반),2021-12-28,1451.3531973977404,1595.4126003316924
쥬키니호박,2021-01-05,2168.9245282239576,1158.8487920101961
쥬키니호박,2021-01-12,2288.318949799441,2234.7306643321635
쥬키니호박,2021-01-19,3103.7463403415977,2044.264136899015
쥬키니호박,2021-01-26,2479.7892136960345,2380.4129970135677
쥬키니호박,2021-02-02,976.1405457954309,2001.7452226451674
쥬키니호박,2021-02-09,1226.4637092136038,1078.8491005836447
쥬키니호박,2021-02-16,1243.5039975399754,1233.4878401177893
쥬키니호박,2021-02-23,2079.64493780507,1229.2462335456669
쥬키니호박,2021-03-02,2407.4168898692296,2117.1775006348744
쥬키니호박,2021-03-09,2065.393236526654,1791.171079754312
쥬키니호박,2021-03-16,1539.61749178205,2008.2335806371946
쥬키니호박,2021-03-23,1109.1043074988208,1350.011659120243
쥬키니호박,2021-03-30,987.1852935711631,1064.9411813159177
쥬키니호박,2021-04-06,887.5836562878541,937.3583696230013
쥬키니호박,2021-04-13,634.0471563199003,875.3430221046556
쥬키니호박,2021-04-20,943.3378396057739,636.3633861719085
쥬키니호박,2021-04-27,964.8719250292854,1006.924073155392
쥬키니호박,2021-05-04,1064.725301108399,831.8040960209967
쥬키니호박,2021-05-11,2411.9669449458484,934.3409077211306
쥬키니호박,2021-05-18,3288.0472465241223,2098.0545700912944
쥬키니호박,2021-05-25,1664.5792817321405,1999.4869159435475
쥬키니호박,2021-06-01,763.2836483572244,1496.1802288297406
쥬키니호박,2021-06-08,590.4206203087382,658.4199956934158
쥬키니호박,2021-06-15,600.2760306788383,666.6211257718531
쥬키니호박,2021-06-22,556.318644352872,618.0781133017805
쥬키니호박,2021-06-29,598.1554122836783,570.4311544667884
쥬키니호박,2021-07-06,546.3161083254921,751.2341149599074
쥬키니호박,2021-07-13,510.2248770203795,629.0027680799302
쥬키니호박,2021-07-20,610.6592351985826,608.3370870505901
쥬키니호박,2021-07-27,901.5500324514184,839.3993376190213
쥬키니호박,2021-08-03,988.3078146748857,1111.110058283482
쥬키니호박,2021-08-10,777.6257449344457,1234.4509273043204
쥬키니호박,2021-08-17,917.8652278458742,898.7909958016273
쥬키니호박,2021-08-24,1771.5648306805463,1048.697056515925
쥬키니호박,2021-08-31,2399.190821800478,1712.787403296583
쥬키니호박,2021-09-07,1547.586595158375,2280.2566908595168
쥬키니호박,2021-09-14,654.9266693506643,1449.300823343668
쥬키니호박,2021-09-21,799.2948120848858,864.9877195932933
쥬키니호박,2021-09-28,1019.2149958466771,888.6429653455112
쥬키니호박,2021-10-05,1724.680671381822,1190.8468972914359
쥬키니호박,2021-10-12,3719.770944787825,1811.3337294246244
쥬키니호박,2021-10-19,3036.3008841189544,3091.8482241399547
쥬키니호박,2021-10-26,2607.9311374266094,2023.6283425723173
쥬키니호박,2021-11-02,3165.0953674897282,1606.4601660783082
쥬키니호박,2021-11-09,2513.3343753256227,1935.0499180236984
쥬키니호박,2021-11-16,2154.394610442268,1634.7408107892702
쥬키니호박,2021-11-23,2245.0270173980166,1978.159098338035
쥬키니호박,2021-11-30,2131.348749663888,2033.091222568677
쥬키니호박,2021-12-07,1413.9677935587117,2020.6628880915262
쥬키니호박,2021-12-14,1140.9422251843212,1285.7853194376603
쥬키니호박,2021-12-21,916.2464885111287,1125.49266871134
쥬키니호박,2021-12-28,1025.0222118307224,978.6489855150717
쪽파(일반),2021-01-05,12792.805694789604,6028.626920928984
쪽파(일반),2021-01-12,9672.467195852907,8566.90608907182
쪽파(일반),2021-01-19,8021.455068162849,6439.7592835269825
쪽파(일반),2021-01-26,7106.988320355951,5621.892218169029
쪽파(일반),2021-02-02,7091.284835973612,5180.448080941551
쪽파(일반),2021-02-09,4356.612480335606,5521.366804053282
쪽파(일반),2021-02-16,4273.785472381175,3211.909323496073
쪽파(일반),2021-02-23,3731.7130093471164,3385.5327604935696
쪽파(일반),2021-03-02,3263.1660606060605,3128.2595498643227
쪽파(일반),2021-03-09,2736.2927812942617,2867.670198645973
쪽파(일반),2021-03-16,2986.50548696845,2461.5812671383283
쪽파(일반),2021-03-23,2247.4948798314435,2683.26893618605
쪽파(일반),2021-03-30,2421.620783592833,2279.671525178527
쪽파(일반),2021-04-06,2873.274163455335,2400.5417661001397
쪽파(일반),2021-04-13,2958.6252324037187,2758.8033010648314
쪽파(일반),2021-04-20,3820.770957548721,2801.046249639585
쪽파(일반),2021-04-27,3697.4175824175823,3322.490414329539
쪽파(일반),2021-05-04,3466.7026515151515,3281.061143520644
쪽파(일반),2021-05-11,3063.2497632072373,3189.5863504033487
쪽파(일반),2021-05-18,3022.3857556725666,2972.016351789394
쪽파(일반),2021-05-25,2728.926433199377,2975.0458630121134
쪽파(일반),2021-06-01,3161.2831664030928,2798.5471807343633
쪽파(일반),2021-06-08,3350.405604719764,3012.909038791845
쪽파(일반),2021-06-15,2444.6800805739763,3220.9496833143608
쪽파(일반),2021-06-22,3052.0970334648546,2567.7486545014904
쪽파(일반),2021-06-29,2477.379324850142,3015.3325301592495
쪽파(일반),2021-07-06,2434.597143841242,2816.2806113454885
쪽파(일반),2021-07-13,3284.8975188781014,2530.862384561812
쪽파(일반),2021-07-20,3792.591507194561,3136.8084176011894
쪽파(일반),2021-07-27,5219.547407466709,3675.641761872642
쪽파(일반),2021-08-03,5282.923825632808,4984.811881486034
쪽파(일반),2021-08-10,4717.633128783823,5321.897848968955
쪽파(일반),2021-08-17,3237.9708045464677,4586.114533553134
쪽파(일반),2021-08-24,2839.444819150971,3401.3696541719883
쪽파(일반),2021-08-31,3669.1521697281632,3148.292664658942
쪽파(일반),2021-09-07,5900.554509065222,3797.817567629243
쪽파(일반),2021-09-14,2875.617921010182,5237.238427257015
쪽파(일반),2021-09-21,2792.9359800016946,3064.122442364987
쪽파(일반),2021-09-28,2837.2446904542253,2840.219081635579
쪽파(일반),2021-10-05,4931.658496732026,2785.4088703219404
쪽파(일반),2021-10-12,5806.080860776003,4481.989117636931
쪽파(일반),2021-10-19,5368.95031371884,5182.404379288916
쪽파(일반),2021-10-26,4720.282971112311,4780.648746189064
쪽파(일반),2021-11-02,4927.753749404727,4488.800387951286
쪽파(일반),2021-11-09,3544.558670820353,4818.118774817191
쪽파(일반),2021-11-16,3062.5087012007657,3347.099070395586
쪽파(일반),2021-11-23,3383.63416449572,3109.0876072609904
쪽파(일반),2021-11-30,3138.281005935645,3377.708343427582
쪽파(일반),2021-12-07,4395.128198872923,3359.6992819755037
쪽파(일반),2021-12-14,3618.5215625604333,4878.20391765088
쪽파(일반),2021-12-21,4179.378120624521,3884.5261419242943
쪽파(일반),2021-12-28,4770.9700948212985,4632.136931423473
청고추,2021-01-05,4416.208709983965,2203.5129202870826
청고추,2021-01-12,5578.919290131738,4750.533928806587
청고추,2021-01-19,6835.525463262926,5559.163364923262
청고추,2021-01-26,7231.206092632888,6729.474503575399
청고추,2021-02-02,6149.050669326071,6200.902392682719
청고추,2021-02-09,5445.109806569292,4646.003537035345
청고추,2021-02-16,5342.255183723443,4212.219786391525
청고추,2021-02-23,3618.340721948112,4089.8688232463205
청고추,2021-03-02,4221.649518513051,3471.5790950251608
청고추,2021-03-09,4648.910963607357,3855.7538817179056
청고추,2021-03-16,4617.552474698374,4076.32360346666
청고추,2021-03-23,3358.6871592211837,3905.42092695779
청고추,2021-03-30,1921.682368118954,2729.4982895421413
청고추,2021-04-06,2272.3601199196373,1964.4375399497922
청고추,2021-04-13,3136.4136563563266,2489.6486825661077
청고추,2021-04-20,2938.8464691501026,2809.6160694730534
청고추,2021-04-27,2185.1403668170688,2580.7285762532683
청고추,2021-05-04,2311.209615266178,2144.0543939114027
청고추,2021-05-11,2261.0919375008384,2329.8448565372464
청고추,2021-05-18,3410.449901615209,2255.560382678747
청고추,2021-05-25,3067.514556768611,3014.8155882063616
청고추,2021-06-01,4266.166107460034,2645.6995898690266
청고추,2021-06-08,2396.3993275284843,3764.6676722241195
청고추,2021-06-15,2493.4921038293305,2329.259850668358
청고추,2021-06-22,3780.601224327427,2420.551090619729
청고추,2021-06-29,3770.7790168863476,3365.0136116007725
청고추,2021-07-06,1995.8540118555695,3304.2822310080446
청고추,2021-07-13,2200.765351030337,2131.4514346801834
청고추,2021-07-20,3009.903988781596,2587.861879963077
청고추,2021-07-27,2320.7847420626836,2989.65460353001
청고추,2021-08-03,2144.810838047488,2376.5809334706673
청고추,2021-08-10,3091.610743406246,2495.600319915021
청고추,2021-08-17,3725.7377280044175,3383.349299396285
청고추,2021-08-24,3636.423913031854,3944.194341671645
청고추,2021-08-31,3353.981111972876,3789.6305459503837
청고추,2021-09-07,3302.2927000050217,3571.725144368796
청고추,2021-09-14,2710.0731898362683,3389.13879546231
청고추,2021-09-21,1720.163315743699,2764.139234087654
청고추,2021-09-28,1757.7718853052959,1924.668303919329
청고추,2021-10-05,1634.4942451773686,1963.7748257588996
청고추,2021-10-12,2778.8656507486207,1918.1247411582633
청고추,2021-10-19,3619.6389377205,2707.1176155808457
청고추,2021-10-26,5005.365678142132,3615.027510328959
청고추,2021-11-02,5058.718127251335,4503.017907125569
청고추,2021-11-09,4295.692675736669,4161.66177426637
청고추,2021-11-16,3385.4514783045756,3730.7840920074514
청고추,2021-11-23,3535.93627806493,2798.1124502432317
청고추,2021-11-30,3586.398024043112,3054.4846997865707
청고추,2021-12-07,2125.6607581684093,3709.257922506689
청고추,2021-12-14,2098.6518368722614,2253.9664974440243
청고추,2021-12-21,3660.1167624510344,2305.8572486507405
청고추,2021-12-28,4515.984264611432,3759.433036199939
청양,2021-01-05,4891.158993747202,3774.6817397675495
청양,2021-01-12,6378.094811805712,5544.659899432753
청양,2021-01-19,7503.8584744305845,6696.61004909704
청양,2021-01-26,8245.92557380864,7068.6796021553655
청양,2021-02-02,8017.273891278536,7855.444070301805
청양,2021-02-09,7158.97932135488,6978.82443116712
청양,2021-02-16,8121.01954958003,6990.518670408625
청양,2021-02-23,6995.166264508391,7962.948074448323
청양,2021-03-02,5887.703427853771,6818.1746213067
청양,2021-03-09,5800.649796055654,5532.839990339519
청양,2021-03-16,4968.680591393936,5194.462423084065
청양,2021-03-23,4150.4251130675675,4709.327902496517
청양,2021-03-30,2962.409442705725,3837.508370107406
청양,2021-04-06,2794.5587073329298,2837.6120595584775
청양,2021-04-13,2914.0792184695406,2691.8273734838826
청양,2021-04-20,3355.775666634384,2780.760549257128
청양,2021-04-27,3074.4558282814737,3118.1657051746715
청양,2021-05-04,2548.762917709793,2808.5472229910692
청양,2021-05-11,2637.8351867557385,2545.1458437160536
청양,2021-05-18,3131.1604096685883,2553.2996619745813
청양,2021-05-25,3561.408453574945,2872.1819549788147
청양,2021-06-01,4109.58233720783,3168.4834043387627
청양,2021-06-08,3381.882703899265,3842.5126185655595
청양,2021-06-15,3207.2201512551906,2957.3624578948798
청양,2021-06-22,3558.1623021315954,3004.2433673060987
청양,2021-06-29,4311.635127269128,3318.237720455557
청양,2021-07-06,3325.5262131866602,4023.9516156759937
청양,2021-07-13,2765.0319793032822,3278.4518459124324
청양,2021-07-20,2914.7745742957345,2884.9951220767484
청양,2021-07-27,2658.400522552952,3335.160765133468
청양,2021-08-03,2048.6976862300467,3022.2735066905125
청양,2021-08-10,1724.0755015155414,2369.7860709062734
청양,2021-08-17,1628.0939663863378,2119.4311630505717
청양,2021-08-24,1942.6780681685916,2122.4422821267626
청양,2021-08-31,1726.0146477500407,2287.086851898246
청양,2021-09-07,2030.2128996372103,2082.463594184728
청양,2021-09-14,1478.1182847367713,2270.042578255974
청양,2021-09-21,1819.570876692305,1902.528571946677
청양,2021-09-28,2087.94166589175,1972.3894113981562
청양,2021-10-05,2421.5256395824917,2258.7355183378977
청양,2021-10-12,3821.8342400828205,2645.7286387480103
청양,2021-10-19,3700.255932918049,3953.3005481163827
청양,2021-10-26,4036.317158122454,3818.790788721912
청양,2021-11-02,3920.628530829879,4189.939316378841
청양,2021-11-09,3147.6202965302346,3872.185800879124
청양,2021-11-16,3192.6411765951093,3262.2618912176276
청양,2021-11-23,3210.619149985526,3347.943315583899
청양,2021-11-30,3553.274779274304,3320.4736031886973
청양,2021-12-07,3335.7425878213385,3643.602334204046
청양,2021-12-14,3321.325496625653,3537.7847196549415
청양,2021-12-21,5036.598385183539,3608.3816628700733
청양,2021-12-28,5103.512423189345,5160.241950422105
청초(일반),2021-01-05,3433.3609729132118,2552.5260751324954
청초(일반),2021-01-12,4701.778138258049,4086.3491287479796
청초(일반),2021-01-19,7451.0895069532235,4996.140558838982
청초(일반),2021-01-26,8085.623177842565,7083.406947877838
청초(일반),2021-02-02,10669.02643455835,7143.217022756078
청초(일반),2021-02-09,6662.197202320027,7084.142496338904
청초(일반),2021-02-16,7718.364140480591,4784.127870837089
청초(일반),2021-02-23,7145.455486542443,5608.598186824342
청초(일반),2021-03-02,5415.337751175716,4733.2859462375945
청초(일반),2021-03-09,5572.142797424965,3640.7555281842792
청초(일반),2021-03-16,5758.170152487292,4275.386084870418
청초(일반),2021-03-23,5041.210114388922,4479.523908289663
청초(일반),2021-03-30,3896.8087639914265,3669.592526575234
청초(일반),2021-04-06,3226.605504587156,3140.409906068747
청초(일반),2021-04-13,5000.635713474855,2880.663760995365
청초(일반),2021-04-20,3822.384317301117,3889.6331883128987
청초(일반),2021-04-27,3379.854299590515,3197.5765526286723
청초(일반),2021-05-04,3581.445142159428,2951.4271932864895
청초(일반),2021-05-11,3388.258827622195,3393.1108781013277
청초(일반),2021-05-18,4630.438119157248,2963.173073013658
청초(일반),2021-05-25,3802.408365474132,3790.5553875984324
청초(일반),2021-06-01,5072.856472481062,3426.848053383414
청초(일반),2021-06-08,2897.813130827646,4264.022801816753
청초(일반),2021-06-15,3138.7271044427125,2723.9190014512624
청초(일반),2021-06-22,4339.891891891892,2994.0877051342027
청초(일반),2021-06-29,3513.9804325437694,3765.848806857969
청초(일반),2021-07-06,2769.341945047382,3294.401460439834
청초(일반),2021-07-13,2855.010907870448,2632.2268102077605
청초(일반),2021-07-20,3103.5367897222363,2602.5744113286414
청초(일반),2021-07-27,2807.0099757346993,3021.7739199161106
청초(일반),2021-08-03,1779.727395789572,2887.3366253946883
청초(일반),2021-08-10,2079.4563978341407,2134.2351717794986
청초(일반),2021-08-17,2556.40625,2653.1910728716293
청초(일반),2021-08-24,2793.8877297565823,2998.9805482568513
청초(일반),2021-08-31,2931.12131747484,3085.7818740025014
청초(일반),2021-09-07,3230.520732883317,3133.0267032157744
청초(일반),2021-09-14,2223.4625611115875,3252.3709713481935
청초(일반),2021-09-21,1531.8707137414274,2308.969469363197
청초(일반),2021-09-28,1686.3212219152374,1781.60087017745
청초(일반),2021-10-05,1588.440433414111,1793.6255172732629
청초(일반),2021-10-12,2412.1457581227437,1770.508250214667
청초(일반),2021-10-19,3196.2661847644767,2252.275672722107
청초(일반),2021-10-26,3502.6852285500186,2664.3844259632497
청초(일반),2021-11-02,3046.471343028229,3215.4818440004296
청초(일반),2021-11-09,2564.66278101582,2818.318882519997
청초(일반),2021-11-16,2230.0189256078033,2426.4046989542253
청초(일반),2021-11-23,2426.606614681366,2152.205630856453
청초(일반),2021-11-30,2787.1041980795176,2152.7184347993634
청초(일반),2021-12-07,2024.7939124920736,2634.7340959985117
청초(일반),2021-12-14,1856.0860440713536,2087.2642356728056
청초(일반),2021-12-21,3331.0796915167093,2207.524943332973
청초(일반),2021-12-28,3275.8093525179856,3270.3262871432144
청피망,2021-01-05,4975.580420061187,3803.9331198781565
청피망,2021-01-12,5494.641188327454,5382.826828580881
청피망,2021-01-19,7794.332816780585,5248.558465048181
청피망,2021-01-26,9443.690097622806,6443.219077753234
청피망,2021-02-02,9115.760925037546,7170.587625919699
청피망,2021-02-09,5532.200937311026,6946.597562173449
청피망,2021-02-16,6383.879783491845,4388.85313646498
청피망,2021-02-23,8309.41327708517,5039.021127004297
청피망,2021-03-02,6797.426274738179,5632.061762446412
청피망,2021-03-09,4187.14161038471,5248.259303647038
청피망,2021-03-16,2875.5953186576967,3553.814952580392
청피망,2021-03-23,3295.85448542201,2647.8865727417365
청피망,2021-03-30,3003.3754287735924,2764.2631515459975
청피망,2021-04-06,1689.1700885934906,2506.404269857526
청피망,2021-04-13,1838.4573641905797,1706.2955907877451
청피망,2021-04-20,2128.2368274711525,1793.3777828466814
청피망,2021-04-27,2145.3912577515257,2063.0462134676104
청피망,2021-05-04,1543.055811808118,2036.8912361330442
청피망,2021-05-11,1207.0436266146721,1506.7270529835673
청피망,2021-05-18,1877.2416445521326,1224.6962302487946
청피망,2021-05-25,2960.527220857437,1873.4546636031957
청피망,2021-06-01,2280.5881908345023,2569.4242691154464
청피망,2021-06-08,3032.4239235586633,2072.5574234486216
청피망,2021-06-15,3118.3819106761234,2586.9808975482533
청피망,2021-06-22,2139.1178169569853,2744.931148419838
청피망,2021-06-29,1885.731779148712,2016.8047230955594
청피망,2021-07-06,1104.0649982620785,1927.5894716781058
청피망,2021-07-13,810.7936229193583,1190.1131884011272
청피망,2021-07-20,666.2457640106943,1012.6444750846875
청피망,2021-07-27,1421.5306131486418,1188.3171056606495
청피망,2021-08-03,975.1257526936591,1736.8785738160295
청피망,2021-08-10,912.4664374956153,1384.9956906602515
청피망,2021-08-17,1202.9587794825893,1507.432247970719
청피망,2021-08-24,2509.541224706731,1815.1172068945702
청피망,2021-08-31,2909.0282722362467,3086.4399757533743
청피망,2021-09-07,3348.4920109026075,3601.7121615027963
청피망,2021-09-14,2077.528795341919,3377.960993210871
청피망,2021-09-21,1320.9771641838252,2289.7047410538958
청피망,2021-09-28,1515.4090695942405,1532.8152793395118
청피망,2021-10-05,1364.422936642226,1837.6495578625625
청피망,2021-10-12,1680.6446004736868,1652.0634076447272
청피망,2021-10-19,2613.9285273481632,1944.7382610010168
청피망,2021-10-26,3208.646820814857,2618.403954965968
청피망,2021-11-02,3698.3903457252613,3006.660760659196
청피망,2021-11-09,4216.0997133806,3372.243980275524
청피망,2021-11-16,2861.2564691290577,4053.997124352139
청피망,2021-11-23,2476.557254378514,2689.3849565135447
청피망,2021-11-30,2783.4348540001583,2337.359594759924
청피망,2021-12-07,3983.369010839399,2860.938919879534
청피망,2021-12-14,4050.984270109594,4152.75339727044
청피망,2021-12-21,5762.454325191539,4127.002474143837
청피망,2021-12-28,5995.564476144914,5656.542496376476
취청,2021-01-05,3244.8532620554224,2914.2397884457027
취청,2021-01-12,3148.03138989267,3077.6182540543773
취청,2021-01-19,4151.050011444267,3094.776293788248
취청,2021-01-26,4746.291186047795,3513.6666512618463
취청,2021-02-02,3325.9931545281115,4030.6277866889195
취청,2021-02-09,2510.3375,2753.238403474314
취청,2021-02-16,2435.5947383151415,2347.915477599795
취청,2021-02-23,3476.550675859074,2376.208126905756
취청,2021-03-02,2749.1339052997396,3077.298509117837
취청,2021-03-09,3219.5258858317047,2412.651543994507
취청,2021-03-16,2325.831752055661,2670.59155432343
취청,2021-03-23,2086.7012533388124,2012.4413093958851
취청,2021-03-30,2767.6269008352965,1953.2999675992019
취청,2021-04-06,2747.2582103043087,2444.6500986650394
취청,2021-04-13,1460.5994849294163,2488.7375821045084
취청,2021-04-20,1553.2028749508675,1430.9172233079253
취청,2021-04-27,2046.8204531453214,1590.7580310632222
취청,2021-05-04,1623.6633321835116,1862.2125338761923
취청,2021-05-11,1649.5449782141084,1632.0234953361503
취청,2021-05-18,3378.0228758169933,1621.5647389907535
취청,2021-05-25,1925.8526835076975,2380.6437308311365
취청,2021-06-01,1314.0356679365345,1489.593858066292
취청,2021-06-08,1393.5025741168117,1350.9782858799476
취청,2021-06-15,1842.2209004503466,1379.4813374423527
취청,2021-06-22,1225.5470809040812,1625.1391682768883
취청,2021-06-29,1474.244470707412,1218.4893815299415
취청,2021-07-06,1961.5286346749097,1478.7009753791056
취청,2021-07-13,1222.5865644928895,1677.6371649806786
취청,2021-07-20,1025.2594604204087,1214.876841119091
취청,2021-07-27,1267.692653336329,1205.2998501748264
취청,2021-08-03,1574.1190053592045,1531.46823880577
취청,2021-08-10,1742.641219845851,1899.099405220928
취청,2021-08-17,1511.938327962764,1957.364927480444
취청,2021-08-24,3335.011622589742,1937.602558655809
취청,2021-08-31,2409.8521611556257,2914.2357549243147
취청,2021-09-07,1721.179512639113,1909.4213343765277
취청,2021-09-14,1008.0741857154819,1892.8141221663243
취청,2021-09-21,1319.7964696567462,1363.3662726310426
취청,2021-09-28,1553.8901899557636,1458.7155566631627
취청,2021-10-05,2109.3881093591785,1759.207628298163
취청,2021-10-12,5302.13616489694,2142.3653814288905
취청,2021-10-19,4221.47045697965,4192.038466832028
취청,2021-10-26,3918.4496290721427,3077.5116255481253
취청,2021-11-02,4394.864040358685,3331.161260148088
취청,2021-11-09,4105.3340397055545,4000.9208407928104
취청,2021-11-16,3786.6545005003827,3231.041397651151
취청,2021-11-23,3889.772535804549,3310.9178693601207
취청,2021-11-30,2942.5579322638146,3412.1360465261046
취청,2021-12-07,2103.9604831144466,2490.7208110281426
취청,2021-12-14,2843.1861618483126,2120.5643440370527
취청,2021-12-21,3008.9642711429738,2605.4342053304995
취청,2021-12-28,3435.6013388734996,2758.938762998681
치커리(일반),2021-01-05,4047.291065378341,2639.060492325984
치커리(일반),2021-01-12,3815.4736178642174,3622.0144911778534
치커리(일반),2021-01-19,2761.8108471537425,3158.449003890396
치커리(일반),2021-01-26,1985.4499538633384,2511.502221359363
치커리(일반),2021-02-02,1949.834931614526,1777.0919153114237
치커리(일반),2021-02-09,1327.3967193881003,1854.5336743159464
치커리(일반),2021-02-16,1187.6821130890537,1333.1349093000824
치커리(일반),2021-02-23,1554.0366601523015,1232.2946571715618
치커리(일반),2021-03-02,1568.3412636937037,1463.2558271599517
치커리(일반),2021-03-09,1882.9828304378746,1475.203514059945
치커리(일반),2021-03-16,1438.799116724451,1720.6915573598483
치커리(일반),2021-03-23,2088.3719744703412,1417.3908872281231
치커리(일반),2021-03-30,2143.623029335462,1941.3005672889676
치커리(일반),2021-04-06,2362.9508750211016,1962.5365066694026
치커리(일반),2021-04-13,2224.1135965913413,2075.4744795254164
치커리(일반),2021-04-20,1327.6186297787413,2002.6492516873109
치커리(일반),2021-04-27,1838.1043137745007,1328.501689363676
치커리(일반),2021-05-04,2352.3869182499566,1783.9795828080914
치커리(일반),2021-05-11,1724.7478086544818,2112.698470098815
치커리(일반),2021-05-18,3227.0912868034934,1591.4890155152082
치커리(일반),2021-05-25,4422.351591825386,2692.7873692675284
치커리(일반),2021-06-01,3428.051018748693,3879.854216266251
치커리(일반),2021-06-08,3510.3017813151414,2773.059218332364
치커리(일반),2021-06-15,3686.092490949434,2969.7790986784717
치커리(일반),2021-06-22,2695.05814556083,3265.2408876659943
치커리(일반),2021-06-29,2503.609263930291,2761.830755445509
치커리(일반),2021-07-06,3925.9841947937216,2673.062324015181
치커리(일반),2021-07-13,4329.9892502687435,3079.4404113582204
치커리(일반),2021-07-20,4343.525631177345,3280.028732494249
치커리(일반),2021-07-27,3422.3373428102786,3690.870530673195
치커리(일반),2021-08-03,2851.5490002468528,3204.279775748551
치커리(일반),2021-08-10,2244.714316802476,2917.3126834641325
치커리(일반),2021-08-17,1585.7392882608415,2395.593100189653
치커리(일반),2021-08-24,4376.651319688198,1827.1414166538552
치커리(일반),2021-08-31,7513.853944826903,3809.1048771825376
치커리(일반),2021-09-07,7329.51687152959,5262.0150532001435
치커리(일반),2021-09-14,2291.4681060447915,5410.0220477907615
치커리(일반),2021-09-21,1512.8133148288334,2171.801729785279
치커리(일반),2021-09-28,4056.75231631114,1584.1616697958548
치커리(일반),2021-10-05,7390.776650755768,3687.1946537666527
치커리(일반),2021-10-12,13374.794423995614,5217.864142635433
치커리(일반),2021-10-19,10053.770480795058,7136.705434441751
치커리(일반),2021-10-26,2937.1581866721963,7501.30598401172
치커리(일반),2021-11-02,1553.3131658555833,2329.46204135753
치커리(일반),2021-11-09,1687.1889563000088,1593.5829457580658
치커리(일반),2021-11-16,1654.5470909141259,1906.8013658675334
치커리(일반),2021-11-23,1860.6688269983067,1768.158904621181
치커리(일반),2021-11-30,2207.301778873905,1740.2740743970405
치커리(일반),2021-12-07,1837.3096104596307,2310.2061326889934
치커리(일반),2021-12-14,2204.5562910548074,1776.5742253811277
치커리(일반),2021-12-21,2995.2740457056757,2386.850115193581
치커리(일반),2021-12-28,3077.4671313163312,2625.3146430064744
치콘,2021-01-05,3133.0128205128203,2742.9092715579854
치콘,2021-01-12,5620.792079207921,3154.293275778115
치콘,2021-01-19,6101.984126984127,4492.537449905739
치콘,2021-01-26,5079.005524861878,4705.604034899841
치콘,2021-02-02,5469.306930693069,3805.1416244276074
치콘,2021-02-09,2688.0154639175257,3707.3748498844993
치콘,2021-02-16,2877.840909090909,2400.8442474228254
치콘,2021-02-23,3103.6437246963565,2499.319088820687
치콘,2021-03-02,3493.0732484076434,2269.63409079141
치콘,2021-03-09,2609.8930481283423,2418.8237634604166
치콘,2021-03-16,2068.1357649442757,2185.126461234714
치콘,2021-03-23,1520.6180344478216,1886.7389997183654
치콘,2021-03-30,3294.622425629291,1590.2493833733145
치콘,2021-04-06,2235.1162790697676,2271.5384304319637
치콘,2021-04-13,2805.277777777778,1921.627446679154
치콘,2021-04-20,4324.0157480314965,2284.8861057896966
치콘,2021-04-27,5552.710843373494,3199.5375092575514
치콘,2021-05-04,3614.102564102564,3796.4086428519504
치콘,2021-05-11,1659.5081967213114,2521.176031653371
치콘,2021-05-18,2384.6260387811635,1995.3295342656957
치콘,2021-05-25,3412.3937677053823,2110.3748652723134
치콘,2021-06-01,3328.3,2346.2282933356864
치콘,2021-06-08,3652.0142180094786,2259.957866679666
치콘,2021-06-15,2656.1653116531165,2542.4589039298376
치콘,2021-06-22,2263.7096774193546,2305.488876950771
치콘,2021-06-29,2016.150740242261,2138.1929709490105
치콘,2021-07-06,2937.2076023391814,2288.8980605814313
치콘,2021-07-13,3127.435064935065,2352.1749427746613
치콘,2021-07-20,2783.4942084942086,2482.484230370602
치콘,2021-07-27,4491.36400322841,2941.452253406619
치콘,2021-08-03,4407.808310991957,5215.637027620246
치콘,2021-08-10,4231.337161607876,5012.1634691187855
치콘,2021-08-17,2185.9968968192397,4724.488093223337
치콘,2021-08-24,6997.337770382695,2592.7989068396655
치콘,2021-08-31,9065.854779411764,6953.706226377489
치콘,2021-09-07,11705.820105820107,7061.894746694514
치콘,2021-09-14,5149.445676274944,9000.095926027403
치콘,2021-09-21,2645.675675675676,4319.48664561549
치콘,2021-09-28,3748.9717223650387,2576.6920358999905
치콘,2021-10-05,6875.872382851446,3729.112400126018
치콘,2021-10-12,11477.1484375,5504.163637685525
치콘,2021-10-19,8245.32924961715,8365.750322688014
치콘,2021-10-26,4669.265232974911,6645.136565417399
치콘,2021-11-02,3245.4545454545455,3934.3245704777355
치콘,2021-11-09,3718.2957393483707,3082.311244783927
치콘,2021-11-16,3107.7830188679245,3384.752964274518
치콘,2021-11-23,5696.739130434783,2953.525656888836
치콘,2021-11-30,4778.846153846154,4598.976401806333
치콘,2021-12-07,9361.693548387097,4681.072392066183
치콘,2021-12-14,5780.0,7347.839653134653
치콘,2021-12-21,6714.754098360656,5263.707876492885
치콘,2021-12-28,7910.7655502392345,5488.199425165366
토마토(일반),2021-01-05,2058.2114748395975,1932.5502416095126
토마토(일반),2021-01-12,2559.9176996449487,2064.9532643111816
토마토(일반),2021-01-19,2789.3398943654192,2649.2199431961317
토마토(일반),2021-01-26,2544.1520936687325,2953.962158433452
토마토(일반),2021-02-02,1670.0903875329145,2489.037566483403
토마토(일반),2021-02-09,1860.473275035261,1689.3156126402198
토마토(일반),2021-02-16,2417.5700546868607,1926.299392364448
토마토(일반),2021-02-23,2820.660326416932,2485.961301112286
토마토(일반),2021-03-02,3012.232726264751,2729.540990760148
토마토(일반),2021-03-09,2634.311770482709,2752.3323136407625
토마토(일반),2021-03-16,2040.5559719847274,2476.7988950686145
토마토(일반),2021-03-23,2052.839651693331,1907.124956273265
토마토(일반),2021-03-30,2448.73395897764,1864.7354963354435
토마토(일반),2021-04-06,2526.106004776466,2280.705493096883
토마토(일반),2021-04-13,2554.469607260256,2275.5767537422025
토마토(일반),2021-04-20,2169.572318056548,2259.700299691818
토마토(일반),2021-04-27,1735.3007909442138,2049.909821397995
토마토(일반),2021-05-04,1663.9974687645827,1708.819366287753
토마토(일반),2021-05-11,1614.8484331748793,1557.5719277108408
토마토(일반),2021-05-18,1533.0861110124563,1523.8050733143104
토마토(일반),2021-05-25,1637.0402549607315,1502.8103833595437
토마토(일반),2021-06-01,1466.5421285100383,1545.530343403243
토마토(일반),2021-06-08,1411.8242041614797,1424.6302540684508
토마토(일반),2021-06-15,1406.9973177408344,1380.4715303510916
토마토(일반),2021-06-22,2488.1501709420086,1410.0109655040417
토마토(일반),2021-06-29,2022.897546565283,2267.815600409686
토마토(일반),2021-07-06,1472.3564536688557,1802.6119465271477
토마토(일반),2021-07-13,1470.9611156488663,1560.2999142541776
토마토(일반),2021-07-20,1607.9618990104934,1581.9377725358602
토마토(일반),2021-07-27,1028.9612748086968,1944.21965867155
토마토(일반),2021-08-03,1342.1249938216608,1239.9725359934057
토마토(일반),2021-08-10,2053.46162463217,1632.627607886556
토마토(일반),2021-08-17,3155.884802936589,2091.2263246225643
토마토(일반),2021-08-24,2097.8241232492855,3180.1927857145643
토마토(일반),2021-08-31,1715.1911978681314,2133.2828359365594
토마토(일반),2021-09-07,2198.558576445332,1857.5528517462103
토마토(일반),2021-09-14,1858.2808572638196,2631.3455338396316
토마토(일반),2021-09-21,2351.1188708704644,1970.2661882246214
토마토(일반),2021-09-28,2393.3549818290207,2458.641960483623
토마토(일반),2021-10-05,2362.5867616452338,2385.0948422832766
토마토(일반),2021-10-12,2516.2892606103746,2371.2926878060375
토마토(일반),2021-10-19,3347.4295828983795,2441.090641496075
토마토(일반),2021-10-26,2725.269076572455,3146.769415208006
토마토(일반),2021-11-02,2541.405232929164,2454.024684614087
토마토(일반),2021-11-09,2762.451700512314,2474.419118333266
토마토(일반),2021-11-16,2484.3914322580645,2703.4617223386554
토마토(일반),2021-11-23,2377.1497915734385,2468.3788109981565
토마토(일반),2021-11-30,2822.993723592298,2404.9584527701645
토마토(일반),2021-12-07,3410.5766275360634,2773.4837336042337
토마토(일반),2021-12-14,3731.418316033128,3235.502390972317
토마토(일반),2021-12-21,3127.689715770554,3636.684447117124
토마토(일반),2021-12-28,2734.616438622196,2971.9416688234055
파프리카,2021-01-05,3233.124680704459,1702.5631249193073
파프리카,2021-01-12,3709.1819023184626,3517.4057954955274
파프리카,2021-01-19,5365.816143583312,4406.9557622699085
파프리카,2021-01-26,4925.554134726959,5350.2664655236385
파프리카,2021-02-02,7359.401471206812,4506.591216015972
파프리카,2021-02-09,5235.923076923077,5985.255121859877
파프리카,2021-02-16,5915.674891146589,3882.3920826420485
파프리카,2021-02-23,4938.499969566011,4461.8168641129905
파프리카,2021-03-02,6052.783281994255,4206.0254440517865
파프리카,2021-03-09,3397.1360527997363,4729.809927864271
파프리카,2021-03-16,4616.520787746171,3389.5797604456643
파프리카,2021-03-23,5064.571611253197,3452.167343674971
파프리카,2021-03-30,5532.38020629325,4293.778348298199
파프리카,2021-04-06,5561.0653397503875,4574.0715732813205
파프리카,2021-04-13,1152.843933875035,4470.125462963966
파프리카,2021-04-20,1903.5529715762275,1887.4123087413163
파프리카,2021-04-27,1667.9929783499122,2319.9839996530113
파프리카,2021-05-04,3454.6511627906975,1954.2034623325933
파프리카,2021-05-11,4354.871794871795,2318.1453893377916
파프리카,2021-05-18,3701.5267175572517,2985.1102092467368
파프리카,2021-05-25,5575.824175824176,2397.705858598012
파프리카,2021-06-01,1691.0574756218277,3190.8042666426986
파프리카,2021-06-08,2187.4425348751793,2145.4338981827727
파프리카,2021-06-15,1294.8303131489158,2099.6947644378074
파프리카,2021-06-22,1046.7382401610116,1307.7459806426616
파프리카,2021-06-29,2315.2986006996503,1370.0425717919131
파프리카,2021-07-06,4344.656054576464,1857.1553698974371
파프리카,2021-07-13,3724.8628884826326,2753.932899782458
파프리카,2021-07-20,3730.6859205776173,3176.3219373533047
파프리카,2021-07-27,4698.453608247422,3200.324725446665
파프리카,2021-08-03,4063.834780567942,3576.909326507761
파프리카,2021-08-10,6260.464488252768,3181.946318904731
파프리카,2021-08-17,6017.329716696805,5860.995062492146
파프리카,2021-08-24,7838.181818181818,5558.201907385353
파프리카,2021-08-31,7436.156351791531,5719.779534270903
파프리카,2021-09-07,4675.309467795782,5024.689342262134
파프리카,2021-09-14,6515.236160487557,3348.00788221468
파프리카,2021-09-21,4002.4221453287196,4344.334423454796
파프리카,2021-09-28,2820.0879609084373,2724.4813232597216
파프리카,2021-10-05,1288.8356405863838,2160.418063051056
파프리카,2021-10-12,969.0173755985045,1205.0934133358319
파프리카,2021-10-19,919.844161448948,981.5200306305923
파프리카,2021-10-26,551.8953806819787,884.0242410784427
파프리카,2021-11-02,470.79311763065203,563.3518665931105
파프리카,2021-11-09,865.7922245450333,510.68433340598693
파프리카,2021-11-16,417.5004255427461,751.7122247832472
파프리카,2021-11-23,766.1949856929654,465.4593394748473
파프리카,2021-11-30,943.1516778137913,812.3070755185137
파프리카,2021-12-07,1628.8801842948496,953.7979612180042
파프리카,2021-12-14,1807.5780200557272,1865.9336891851874
파프리카,2021-12-21,3152.2050402303644,2127.3314294579823
파프리카,2021-12-28,4810.300539212649,2672.9405468373598
팽이,2021-01-05,2196.3600914966455,1867.813725354925
팽이,2021-01-12,2472.052955754074,2277.236767757225
팽이,2021-01-19,2920.950433801735,2686.070662803536
팽이,2021-01-26,2673.20941932779,2788.577621742543
팽이,2021-02-02,2019.532213480757,2376.1950289469
팽이,2021-02-09,1504.8459433436376,1871.3784409279644
팽이,2021-02-16,1600.2074240525474,1539.2333471508143
팽이,2021-02-23,1580.5963730827627,1607.5921666346194
팽이,2021-03-02,1788.1203632642619,1489.9496409256265
팽이,2021-03-09,1733.7169315750996,1731.169400399224
팽이,2021-03-16,1421.5474769099867,1644.0305025791465
팽이,2021-03-23,1390.1151063862055,1386.1349565755802
팽이,2021-03-30,1693.8792450397304,1400.6704253409714
팽이,2021-04-06,1728.9328782707623,1627.4446188105053
팽이,2021-04-13,1774.7170025920227,1593.0190367691685
팽이,2021-04-20,1359.1710684441464,1705.9417720982
팽이,2021-04-27,1347.765331232265,1313.0837684710355
팽이,2021-05-04,1341.1472989162232,1317.2960359080557
팽이,2021-05-11,1216.0823276727908,1299.8889744291223
팽이,2021-05-18,1512.149949279149,1209.5601570298795
팽이,2021-05-25,1522.2796807928323,1432.987601780931
팽이,2021-06-01,1454.4427874607761,1420.7307650921887
팽이,2021-06-08,1520.8022965829807,1368.9848896668245
팽이,2021-06-15,1396.4141183534841,1451.261129745737
팽이,2021-06-22,1243.6270541126014,1381.667482619802
팽이,2021-06-29,1285.8194160759342,1274.1455949663577
팽이,2021-07-06,1041.620688542574,1371.608135773765
팽이,2021-07-13,1108.3540666503136,1102.184278459384
팽이,2021-07-20,1155.5158402319973,1167.6004535548616
팽이,2021-07-27,2017.054673222599,1301.54002387479
팽이,2021-08-03,1572.8583649028474,1783.5663241828427
팽이,2021-08-10,1904.026664669313,1717.2323318124727
팽이,2021-08-17,1577.9685160690146,2051.9854409990617
팽이,2021-08-24,2197.2114853672006,1764.4571743201402
팽이,2021-08-31,2872.3387626223152,2405.2953009705097
팽이,2021-09-07,3567.3826761602745,2794.715071699204
팽이,2021-09-14,3479.7704557654456,2961.0212858242016
팽이,2021-09-21,1639.8754448398577,2690.2708952027056
팽이,2021-09-28,1711.0770252534037,1612.1023117477175
팽이,2021-10-05,2138.6996656374486,1788.7376031109302
팽이,2021-10-12,2860.321502107417,2291.351245917309
팽이,2021-10-19,2848.268256820781,2680.8397632794695
팽이,2021-10-26,2428.823558170233,2551.926423380926
팽이,2021-11-02,2045.9597640296477,2283.5205413051085
팽이,2021-11-09,2253.2415911581743,1955.634821255148
팽이,2021-11-16,2089.264308561846,2249.9473768894927
팽이,2021-11-23,1889.5102713782808,2046.9301353217443
팽이,2021-11-30,1815.461180170291,1944.1775457275642
팽이,2021-12-07,1796.8966412742382,1916.7260584952833
팽이,2021-12-14,1967.380513912468,1869.458076788429
팽이,2021-12-21,2729.537049958136,2020.864333429639
팽이,2021-12-28,2297.2657674079474,2731.878295327238
포장쪽파,2021-01-05,13359.403694501458,5806.940621571352
포장쪽파,2021-01-12,10104.048078986907,8074.021340778179
포장쪽파,2021-01-19,7877.10964332893,6843.778843587824
포장쪽파,2021-01-26,7043.117629341304,5509.264047562923
포장쪽파,2021-02-02,7322.287947034243,5218.511315286464
포장쪽파,2021-02-09,4239.79807414326,5614.644386582874
포장쪽파,2021-02-16,4392.889315617807,3057.339799125984
포장쪽파,2021-02-23,3786.291448967979,3599.387689135703
포장쪽파,2021-03-02,3351.916562667142,3054.933617593492
포장쪽파,2021-03-09,2697.710494191116,2979.886154444562
포장쪽파,2021-03-16,2985.2679204830292,2541.5095380489474
포장쪽파,2021-03-23,2254.33887686151,2784.73985196927
포장쪽파,2021-03-30,2495.5921795277013,2330.9584543778583
포장쪽파,2021-04-06,2990.5678694660505,2492.5741909104095
포장쪽파,2021-04-13,3160.6312418998245,2900.292543031261
포장쪽파,2021-04-20,3895.033142649596,3036.803835401845
포장쪽파,2021-04-27,4255.073740960576,3493.597192297955
포장쪽파,2021-05-04,3623.0963625818213,3790.489088496165
포장쪽파,2021-05-11,3319.2750595209172,3456.065409418282
포장쪽파,2021-05-18,3027.0806069887235,3344.5110261982736
포장쪽파,2021-05-25,3179.5049956889993,3083.1673774581377
포장쪽파,2021-06-01,3367.660993156694,3102.0900792959
포장쪽파,2021-06-08,3176.438899914942,3294.2716046476517
포장쪽파,2021-06-15,2511.831669310441,3186.214300297238
포장쪽파,2021-06-22,3245.9957915583614,2641.616820539888
포장쪽파,2021-06-29,2640.64442564461,3138.712178100206
포장쪽파,2021-07-06,2500.498616128964,2924.464720373515
포장쪽파,2021-07-13,3681.505439576595,2443.150912736175
포장쪽파,2021-07-20,3766.2749326145554,3353.7178486282883
포장쪽파,2021-07-27,5369.012944983819,3719.558367280755
포장쪽파,2021-08-03,5223.7566007613905,4937.871097440736
포장쪽파,2021-08-10,5119.163539855404,5133.3809438203225
포장쪽파,2021-08-17,3212.920136038466,5009.270998742777
포장쪽파,2021-08-24,2919.820038106986,3497.4473854794724
포장쪽파,2021-08-31,3969.893875676973,3305.066948621068
포장쪽파,2021-09-07,6320.63227273099,4101.553220878928
포장쪽파,2021-09-14,3233.3443626437256,5810.292403870471
포장쪽파,2021-09-21,2812.2605864895604,3399.0071517953106
포장쪽파,2021-09-28,3146.4387924171024,2995.1946814809744
포장쪽파,2021-10-05,4929.521036944618,3205.5206923898545
포장쪽파,2021-10-12,5630.887874837027,4582.965336265114
포장쪽파,2021-10-19,5558.12566923002,4815.687465333371
포장쪽파,2021-10-26,5230.333449077728,4902.380686016629
포장쪽파,2021-11-02,4603.595326798568,4780.049270785222
포장쪽파,2021-11-09,3368.0753325884116,4197.601200700669
포장쪽파,2021-11-16,3018.3359443741015,3289.898920379954
포장쪽파,2021-11-23,3589.4877967909815,3113.1833828167123
포장쪽파,2021-11-30,3579.8194583751256,3658.387315838932
포장쪽파,2021-12-07,4478.3572138579775,3855.3121265560208
포장쪽파,2021-12-14,3948.6714675937424,4924.089840445908
포장쪽파,2021-12-21,4951.942974173471,4155.387025164504
포장쪽파,2021-12-28,4967.062818336163,5445.678645307158
표고버섯(일반),2021-01-05,8291.770309605716,6916.845097289077
표고버섯(일반),2021-01-12,7547.564521627529,7726.791386248575
표고버섯(일반),2021-01-19,7453.031080646143,6636.90090931846
표고버섯(일반),2021-01-26,7126.323853205015,6666.407307738863
표고버섯(일반),2021-02-02,6937.363484517538,6827.542518362369
표고버섯(일반),2021-02-09,5640.486332978346,6822.377264307828
표고버섯(일반),2021-02-16,5536.332120398806,5433.422018846013
표고버섯(일반),2021-02-23,5805.725205318362,5450.505566781093
표고버섯(일반),2021-03-02,5748.070715617606,5614.220895237872
표고버섯(일반),2021-03-09,5442.235309083562,5652.789932063292
표고버섯(일반),2021-03-16,5024.112415396786,5395.046912569854
표고버섯(일반),2021-03-23,5005.145558349447,5254.189220023559
표고버섯(일반),2021-03-30,4955.52586371445,5222.979262359163
표고버섯(일반),2021-04-06,5548.780245934153,5280.4831775898865
표고버섯(일반),2021-04-13,6129.739410815236,5412.444385297826
표고버섯(일반),2021-04-20,4898.800502060342,5994.390644183781
표고버섯(일반),2021-04-27,5662.113373832012,5290.606562358725
표고버섯(일반),2021-05-04,5394.618942094614,5365.619756613035
표고버섯(일반),2021-05-11,4612.854314204677,5259.912307185628
표고버섯(일반),2021-05-18,5524.092525482275,4874.976099705789
표고버섯(일반),2021-05-25,5311.476416136715,5370.007546263248
표고버섯(일반),2021-06-01,5487.336590096148,5274.1218808270205
표고버섯(일반),2021-06-08,5779.432565789473,5335.427830350198
표고버섯(일반),2021-06-15,6354.519114688129,5613.444726449261
표고버섯(일반),2021-06-22,5288.75077784692,5986.253228956148
표고버섯(일반),2021-06-29,5395.83609330575,5318.767153606767
표고버섯(일반),2021-07-06,5421.799913967922,5244.470923593301
표고버섯(일반),2021-07-13,5648.208469055375,5223.980451635446
표고버섯(일반),2021-07-20,5977.469670710572,5365.7925984357635
표고버섯(일반),2021-07-27,6474.424701606169,6725.953158655738
표고버섯(일반),2021-08-03,6870.906015893494,6236.387642048235
표고버섯(일반),2021-08-10,6635.241805671024,6821.222083957173
표고버섯(일반),2021-08-17,5157.702233880521,6633.138987481075
표고버섯(일반),2021-08-24,5321.125811500116,5741.1154356486995
표고버섯(일반),2021-08-31,6624.994577107336,5775.276053519988
표고버섯(일반),2021-09-07,6931.539813954582,6659.08793030192
표고버섯(일반),2021-09-14,6022.416969448851,7067.0849009074145
표고버섯(일반),2021-09-21,5652.80861232431,6234.10413641125
표고버섯(일반),2021-09-28,5655.384639142621,5482.100059699651
표고버섯(일반),2021-10-05,5501.9059368747385,5651.410984503557
표고버섯(일반),2021-10-12,7246.761424973012,5654.133094169182
표고버섯(일반),2021-10-19,7529.540973936261,7093.00309693345
표고버섯(일반),2021-10-26,6082.8464256086045,6934.685865165189
표고버섯(일반),2021-11-02,5598.473692918597,6197.437115362728
표고버섯(일반),2021-11-09,6537.8816193697185,5508.907406054982
표고버섯(일반),2021-11-16,5930.55387286972,6188.485186585786
표고버섯(일반),2021-11-23,6819.363754962598,5765.762611614966
표고버섯(일반),2021-11-30,6553.046816540326,6740.967177117873
표고버섯(일반),2021-12-07,6135.831576909842,6461.818767561472
표고버섯(일반),2021-12-14,7364.898776441749,6533.047982975823
표고버섯(일반),2021-12-21,7494.014113351512,7419.06759736419
표고버섯(일반),2021-12-28,7809.251480365121,7462.791641040589
호박고구마,2021-01-05,3113.919236800836,3342.6328748473775
호박고구마,2021-01-12,3161.6108021077284,3279.1867475973795
호박고구마,2021-01-19,3264.7392268210115,3284.0794431858913
호박고구마,2021-01-26,3144.111746786537,3209.3038604380736
호박고구마,2021-02-02,3300.418466522678,3064.2660291073553
호박고구마,2021-02-09,3511.691252856846,3354.5625541804006
호박고구마,2021-02-16,3863.0355809902962,3378.824874297198
호박고구마,2021-02-23,3528.0494455553535,3768.839273766372
호박고구마,2021-03-02,3228.266943042538,3385.282254290021
호박고구마,2021-03-09,3219.6061527292527,3135.7432514123384
호박고구마,2021-03-16,3091.805899339934,3131.804714767449
호박고구마,2021-03-23,3364.2540834845736,3155.475681855029
호박고구마,2021-03-30,3622.4904037061547,3453.6679949033805
호박고구마,2021-04-06,3614.374059378848,3660.57896772948
호박고구마,2021-04-13,3779.4630236506496,3671.7466880846055
호박고구마,2021-04-20,3960.8058925476603,3873.691016906671
호박고구마,2021-04-27,4666.306316193821,3974.992250832179
호박고구마,2021-05-04,4461.473373312446,4588.943183902239
호박고구마,2021-05-11,3805.6855404773046,4485.976477555412
호박고구마,2021-05-18,4367.248621685481,3885.237451972874
호박고구마,2021-05-25,4554.135081731632,4516.71358257492
호박고구마,2021-06-01,3764.8561811505506,4377.6543665169975
호박고구마,2021-06-08,3744.5558583106267,3797.874860375079
호박고구마,2021-06-15,3073.93135725429,3841.7406355632997
호박고구마,2021-06-22,2328.34825271131,3202.7821187054187
호박고구마,2021-06-29,2336.077752900468,2404.1576218186638
호박고구마,2021-07-06,2602.78940027894,2429.6220564768355
호박고구마,2021-07-13,2313.3189033189033,2693.7746647316662
호박고구마,2021-07-20,1519.4935284186831,2447.2263775257247
호박고구마,2021-07-27,2525.4852378348824,1896.6302419780695
호박고구마,2021-08-03,2487.3460246360582,2678.1124564967035
호박고구마,2021-08-10,2482.876204595997,2628.106343027686
호박고구마,2021-08-17,3100.749279538905,2569.9635153807335
호박고구마,2021-08-24,2978.5815831987074,3113.692529943639
호박고구마,2021-08-31,2423.9677607302388,3037.6318858237714
호박고구마,2021-09-07,2363.481754268497,2523.9374751287282
호박고구마,2021-09-14,2557.6525500910748,2455.60135760327
호박고구마,2021-09-21,2603.0488805532764,2447.4945787159
호박고구마,2021-09-28,2756.059009483667,2500.526707681957
호박고구마,2021-10-05,2400.89939731108,2709.3461972754185
호박고구마,2021-10-12,2440.064998866299,2505.6120231060454
호박고구마,2021-10-19,1829.207483539425,2551.786806803729
호박고구마,2021-10-26,1576.0794844253492,1931.296020945067
호박고구마,2021-11-02,1898.7723651560664,1747.6329460081486
호박고구마,2021-11-09,2110.91059602649,1950.1553615689284
호박고구마,2021-11-16,2051.4263731060605,2192.9589306548264
호박고구마,2021-11-23,2160.973477120373,2091.6768390606494
호박고구마,2021-11-30,1925.5245644101685,2257.772454153774
호박고구마,2021-12-07,1820.216034089783,2026.224687685879
호박고구마,2021-12-14,2075.4347347567686,1963.5627969909895
호박고구마,2021-12-21,1875.395720660002,2182.1904212215404
호박고구마,2021-12-28,2028.8267689921863,1987.1316109313045
홍고추(일반),2021-01-05,3719.589321199205,3883.6199194972824
홍고추(일반),2021-01-12,3645.4178360730857,4045.8583170349857
홍고추(일반),2021-01-19,3887.0084852378277,3920.275073579952
홍고추(일반),2021-01-26,5499.201847597166,3915.705167418541
홍고추(일반),2021-02-02,5912.415404653063,5111.756246085207
홍고추(일반),2021-02-09,3866.2964004499436,5477.886906540187
홍고추(일반),2021-02-16,5871.509808973462,4168.595268113477
홍고추(일반),2021-02-23,7409.668761132001,5813.587608795512
홍고추(일반),2021-03-02,9473.297911515598,7474.181098447799
홍고추(일반),2021-03-09,9676.301772430894,8564.325158609683
홍고추(일반),2021-03-16,11248.45693071562,8331.725707994576
홍고추(일반),2021-03-23,13960.66000545459,8858.891710424798
홍고추(일반),2021-03-30,13631.348679696319,9505.263188369774
홍고추(일반),2021-04-06,11263.63273170818,9775.708253777442
홍고추(일반),2021-04-13,7115.191991419378,8405.871510856123
홍고추(일반),2021-04-20,8617.141329622023,6029.489044494617
홍고추(일반),2021-04-27,7926.1133117719455,6922.201417441363
홍고추(일반),2021-05-04,5302.314631821247,6076.907716748225
홍고추(일반),2021-05-11,4823.887385478139,4261.717539040506
홍고추(일반),2021-05-18,6022.633779056786,4420.481789344722
홍고추(일반),2021-05-25,5014.010765972467,5366.2689552398915
홍고추(일반),2021-06-01,4205.891198749326,4632.401505916477
홍고추(일반),2021-06-08,3902.5465859804913,4305.691185232582
홍고추(일반),2021-06-15,5236.779262712431,3952.767087942771
홍고추(일반),2021-06-22,4799.120492947576,4681.343172552148
홍고추(일반),2021-06-29,4998.51328719853,4649.487289877486
홍고추(일반),2021-07-06,5643.1895815542275,4698.948895664288
홍고추(일반),2021-07-13,4207.829498455982,4849.661002925072
홍고추(일반),2021-07-20,4163.965941697509,4216.811720786235
홍고추(일반),2021-07-27,3689.6472027176687,4507.775140957833
홍고추(일반),2021-08-03,2856.74175288914,3622.737204787061
홍고추(일반),2021-08-10,2313.1907397237123,2863.100786920044
홍고추(일반),2021-08-17,2236.9704440477203,2386.4506691334354
홍고추(일반),2021-08-24,2298.7052089443523,2577.0288116103993
홍고추(일반),2021-08-31,2541.5617432440044,2604.0415629943627
홍고추(일반),2021-09-07,3097.1714441308977,2823.1854589167283
홍고추(일반),2021-09-14,2749.58293596003,3355.1437515922166
홍고추(일반),2021-09-21,1967.3089475115582,3072.9922370660875
홍고추(일반),2021-09-28,2777.633259393695,2257.792020776518
홍고추(일반),2021-10-05,2699.9688879290566,3117.383519246302
홍고추(일반),2021-10-12,3089.8911643362517,3108.1128320509797
홍고추(일반),2021-10-19,4287.758269380915,3509.5648565044444
홍고추(일반),2021-10-26,4550.602521680832,4906.43851489829
홍고추(일반),2021-11-02,3363.3579950418343,5125.927109246232
홍고추(일반),2021-11-09,3172.9123566214807,3662.379476269846
홍고추(일반),2021-11-16,4306.268938871257,3563.4230179236765
홍고추(일반),2021-11-23,4705.979880774963,4852.85972314976
홍고추(일반),2021-11-30,5154.861612849441,5077.268190071544
홍고추(일반),2021-12-07,4753.0476479426725,5253.1859062464955
홍고추(일반),2021-12-14,4246.223152022315,5133.694488438279
홍고추(일반),2021-12-21,4573.040231527798,4451.944966686451
홍고추(일반),2021-12-28,4021.783629457799,4636.636033769258
홍청양,2021-01-05,3729.543612444666,3563.050707403905
홍청양,2021-01-12,3760.2599003797404,3970.003653410022
홍청양,2021-01-19,3778.516787080323,3816.604584169257
홍청양,2021-01-26,3015.836897396504,3779.7405497248815
홍청양,2021-02-02,3684.0854096398652,3033.867942115024
홍청양,2021-02-09,3814.821523237321,3628.3570400185313
홍청양,2021-02-16,4217.958656330749,3893.653179330224
홍청양,2021-02-23,4836.11326609775,4488.7196872846
홍청양,2021-03-02,5110.389172526731,5223.5583100099375
홍청양,2021-03-09,5022.320991646457,5201.317939710749
홍청양,2021-03-16,6473.649635036496,5118.867370692566
홍청양,2021-03-23,8389.713375796178,6175.20349886669
홍청양,2021-03-30,7530.264039672966,7576.262407224884
홍청양,2021-04-06,5847.998081534773,6606.993083201259
홍청양,2021-04-13,4976.5123697455165,5205.057927738426
홍청양,2021-04-20,4251.717075022139,4602.291086144134
홍청양,2021-04-27,3821.4216453998065,3968.1682276936763
홍청양,2021-05-04,3724.3397456798175,3655.193005254909
홍청양,2021-05-11,3457.255795950774,3581.7280406256205
홍청양,2021-05-18,3423.351614619572,3403.808484721227
홍청양,2021-05-25,3309.488274810784,3410.9209545384547
홍청양,2021-06-01,3041.0384130541356,3224.7773599507123
홍청양,2021-06-08,2999.1680926121157,2801.635487467338
홍청양,2021-06-15,3202.7745964518012,2895.8029691703346
홍청양,2021-06-22,3211.006012288854,3109.7015112521913
홍청양,2021-06-29,3178.035475872592,3152.7095329080717
홍청양,2021-07-06,3954.6850267949035,3227.0440347619024
홍청양,2021-07-13,4173.008880016521,3783.341985337363
홍청양,2021-07-20,6268.911400377913,4117.184676778852
홍청양,2021-07-27,5589.963722466004,6506.193947943669
홍청양,2021-08-03,4362.770129705675,5227.522464768695
홍청양,2021-08-10,3646.777353822566,4561.592932239681
홍청양,2021-08-17,2865.2709589739234,3700.6944934183866
홍청양,2021-08-24,2864.9866931804254,2980.6889703118786
홍청양,2021-08-31,2676.522649659095,2969.723532771953
홍청양,2021-09-07,2253.0639665346152,2909.866212534072
홍청양,2021-09-14,2068.819982465244,2430.7201633733234
홍청양,2021-09-21,1974.8440886459045,2220.7138059231916
홍청양,2021-09-28,2120.1138646030245,2087.156923599289
홍청양,2021-10-05,1828.2288798446637,2296.227013922208
홍청양,2021-10-12,1677.832322245643,2011.1273205031123
홍청양,2021-10-19,2404.4431812799016,1963.4959883434917
홍청양,2021-10-26,2021.539430731344,2530.9591398941866
홍청양,2021-11-02,2388.8537549407115,2081.0334602461166
홍청양,2021-11-09,2842.4120603015076,2382.0319839918443
홍청양,2021-11-16,2658.362819164196,3011.2446402744517
홍청양,2021-11-23,3716.489774786435,2979.4005483210008
홍청양,2021-11-30,3501.640583654646,3943.521186636213
홍청양,2021-12-07,2688.7727735133635,3620.332911036032
홍청양,2021-12-14,3072.4014835419566,2861.6343333022414
홍청양,2021-12-21,2843.247447739426,3220.9501345596864
홍청양,2021-12-28,2833.9254730232174,3035.4579959289204
홍피망,2021-01-05,4297.195906098999,3686.093510345764
홍피망,2021-01-12,3662.2454308093993,3853.9455877738196
홍피망,2021-01-19,4209.269795366674,3694.994793051138
홍피망,2021-01-26,4659.4433423078735,3747.501970814492
홍피망,2021-02-02,4014.185483870968,4182.181344915682
홍피망,2021-02-09,4080.4902184669254,3756.47016811722
홍피망,2021-02-16,3655.3073300326046,4016.8423012597837
홍피망,2021-02-23,5355.55867490174,3738.5778150413075
홍피망,2021-03-02,5481.059080228264,4705.308829804222
홍피망,2021-03-09,7141.586469747499,4606.398982936428
홍피망,2021-03-16,8102.388051754433,6448.76154025581
홍피망,2021-03-23,8800.859327046483,7238.0429265132625
홍피망,2021-03-30,7880.413793103448,7764.859670538204
홍피망,2021-04-06,7906.049221387346,6275.442252756522
홍피망,2021-04-13,4537.028162347651,6361.979454720125
홍피망,2021-04-20,5163.968136346795,3443.144303451819
홍피망,2021-04-27,4227.575352918733,4227.2909980777395
홍피망,2021-05-04,1993.7702231373703,3505.1155772018196
홍피망,2021-05-11,1712.426079983963,2072.004235324213
홍피망,2021-05-18,2575.5964742258525,1953.9446942222355
홍피망,2021-05-25,2362.1361430655943,2137.7107512111493
홍피망,2021-06-01,1407.3086094600847,2122.6791120835233
홍피망,2021-06-08,2015.686361232633,1624.570104642329
홍피망,2021-06-15,1718.7812694738716,2360.412118439713
홍피망,2021-06-22,4353.70311405464,1955.952283248329
홍피망,2021-06-29,4140.225486139842,3973.827325011436
홍피망,2021-07-06,3577.938964782554,4031.518299501569
홍피망,2021-07-13,4204.738851765989,3492.820375304921
홍피망,2021-07-20,3055.8476451374986,3912.839296546775
홍피망,2021-07-27,2830.8745535231087,3233.4722982493286
홍피망,2021-08-03,1225.4216316539796,3000.3554214938827
홍피망,2021-08-10,1110.0534809532746,1621.5583735820273
홍피망,2021-08-17,1280.0238275750028,1542.984186867966
홍피망,2021-08-24,1737.1744494197203,1691.5566336740444
홍피망,2021-08-31,1857.1967089520438,2275.6628960672447
홍피망,2021-09-07,1506.5495848048106,2487.386795797274
홍피망,2021-09-14,1850.6092285508291,1943.868878345612
홍피망,2021-09-21,1333.1908556931307,2226.7677970236878
홍피망,2021-09-28,2075.6653992395436,1623.7836637086575
홍피망,2021-10-05,2172.522359197486,2517.668549187637
홍피망,2021-10-12,2304.019711772627,2627.153104455304
홍피망,2021-10-19,3374.822114700441,2605.34224454949
홍피망,2021-10-26,3818.8507504168983,3692.69574318123
홍피망,2021-11-02,2511.0166635461524,4071.771127586832
홍피망,2021-11-09,1959.5808846272812,2516.501883108
홍피망,2021-11-16,2574.6706784574176,2149.040849143952
홍피망,2021-11-23,2000.2338370934915,2636.439195328474
홍피망,2021-11-30,2230.8467107333963,2139.761016470777
홍피망,2021-12-07,2730.121946073674,2527.9124862842527
홍피망,2021-12-14,3265.7934406941686,2805.202732726205
홍피망,2021-12-21,3621.6032319795877,3414.715936634105
홍피망,2021-12-28,4105.779978245377,3847.65718076575
